Time (s),Channel 1 (V),Channel 2 (V)
-2.53888,2.503548981998673,2.515299211735859
-2.53856264,2.503548981998673,2.515299211735859
-2.53824528,2.505422183833416,2.515299211735859
-2.53792792,2.505422183833416,2.515299211735859
-2.53761056,2.505422183833416,2.515299211735859
-2.5372932,2.505422183833416,2.51529921173586
-2.53697584,2.505422183833416,2.516234989326033
-2.53665848,2.505422183833416,2.515299211735859
-2.53634112,2.505422183833416,2.515299211735859
-2.53602376,2.505422183833416,2.515299211735859
-2.5357064,2.504485582916046,2.514363434145685
-2.53538904,2.504485582916045,2.514363434145684
-2.53507168,2.505422183833415,2.515299211735859
-2.53475432,2.504485582916045,2.515299211735859
-2.53443696,2.504485582916045,2.515299211735859
-2.5341196,2.504485582916045,2.516234989326033
-2.53380224,2.504485582916045,2.516234989326033
-2.53348488,2.504485582916045,2.51529921173586
-2.53316752,2.504485582916045,2.515299211735859
-2.53285016,2.504485582916045,2.515299211735859
-2.5325328,2.504485582916045,2.515299211735859
-2.53221544,2.504485582916045,2.515299211735859
-2.53189808,2.504485582916045,2.515299211735859
-2.53158072,2.505422183833416,2.515299211735859
-2.53126336,2.505422183833416,2.515299211735859
-2.530946,2.504485582916045,2.515299211735859
-2.53062864,2.504485582916045,2.515299211735859
-2.53031128,2.504485582916045,2.515299211735859
-2.52999392,2.504485582916045,2.515299211735859
-2.52967656,2.504485582916045,2.515299211735859
-2.5293592,2.504485582916045,2.514363434145685
-2.52904184,2.504485582916045,2.514363434145684
-2.52872448,2.504485582916044,2.514363434145684
-2.52840712,2.503548981998673,2.514363434145684
-2.52808976,2.504485582916045,2.514363434145684
-2.5277724,2.504485582916045,2.514363434145684
-2.52745504,2.503548981998673,2.514363434145684
-2.52713768,2.503548981998673,2.514363434145684
-2.52682032,2.503548981998673,2.514363434145684
-2.52650296,2.503548981998673,2.514363434145684
-2.5261856,2.503548981998673,2.514363434145684
-2.52586824,2.503548981998673,2.514363434145684
-2.52555088,2.503548981998673,2.514363434145684
-2.52523352,2.503548981998673,2.515299211735859
-2.52491616,2.504485582916044,2.515299211735859
-2.5245988,2.504485582916046,2.51529921173586
-2.52428144,2.505422183833416,2.516234989326033
-2.52396408,2.504485582916045,2.515299211735859
-2.52364672,2.504485582916045,2.515299211735859
-2.52332936,2.504485582916045,2.515299211735859
-2.523012,2.504485582916045,2.515299211735859
-2.52269464,2.504485582916045,2.515299211735859
-2.52237728,2.504485582916045,2.515299211735859
-2.52205992,2.504485582916045,2.515299211735859
-2.52174256,2.503548981998673,2.515299211735859
-2.5214252,2.503548981998673,2.515299211735859
-2.52110784,2.503548981998673,2.515299211735859
-2.52079048,2.503548981998673,2.515299211735859
-2.52047312,2.504485582916044,2.515299211735859
-2.52015576,2.503548981998673,2.515299211735859
-2.5198384,2.503548981998673,2.516234989326033
-2.51952104,2.504485582916045,2.516234989326033
-2.51920368,2.502612381081303,2.515299211735859
-2.51888632,2.503548981998673,2.515299211735859
-2.51856896,2.502612381081303,2.514363434145685
-2.5182516,2.503548981998674,2.515299211735859
-2.51793424,2.504485582916045,2.515299211735859
-2.51761688,2.503548981998673,2.515299211735859
-2.51729952,2.503548981998673,2.515299211735859
-2.51698216,2.503548981998673,2.515299211735859
-2.5166648,2.503548981998673,2.515299211735859
-2.51634744,2.503548981998673,2.515299211735859
-2.51603008,2.504485582916044,2.515299211735859
-2.51571272,2.503548981998673,2.515299211735859
-2.51539536,2.502612381081303,2.514363434145684
-2.515078,2.503548981998673,2.515299211735859
-2.51476064,2.503548981998673,2.515299211735859
-2.51444328,2.503548981998673,2.515299211735859
-2.51412592,2.504485582916044,2.515299211735859
-2.51380856,2.503548981998673,2.515299211735859
-2.5134912,2.504485582916045,2.515299211735859
-2.51317384,2.503548981998673,2.515299211735859
-2.51285648,2.503548981998673,2.514363434145684
-2.51253912,2.502612381081303,2.514363434145684
-2.51222176,2.503548981998672,2.515299211735858
-2.5119044,2.503548981998673,2.515299211735859
-2.51158704,2.503548981998673,2.515299211735859
-2.51126968,2.504485582916045,2.515299211735859
-2.51095232,2.504485582916045,2.515299211735859
-2.51063496,2.503548981998673,2.515299211735859
-2.5103176,2.504485582916044,2.514363434145685
-2.51000024,2.504485582916045,2.515299211735858
-2.50968288,2.504485582916045,2.514363434145685
-2.50936552,2.504485582916045,2.515299211735859
-2.50904816,2.505422183833416,2.515299211735859
-2.5087308,2.504485582916045,2.515299211735859
-2.50841344,2.504485582916045,2.515299211735859
-2.50809608,2.505422183833415,2.515299211735859
-2.50777872,2.505422183833415,2.515299211735859
-2.50746136,2.504485582916045,2.515299211735859
-2.507144,2.504485582916045,2.515299211735859
-2.50682664,2.504485582916045,2.514363434145684
-2.50650928,2.504485582916045,2.514363434145684
-2.50619192,2.505422183833416,2.515299211735859
-2.50587456,2.503548981998675,2.514363434145685
-2.5055572,2.504485582916045,2.514363434145684
-2.50523984,2.504485582916045,2.514363434145684
-2.50492248,2.505422183833416,2.515299211735859
-2.50460512,2.505422183833416,2.515299211735859
-2.50428776,2.505422183833416,2.515299211735859
-2.5039704,2.505422183833416,2.515299211735859
-2.50365304,2.503548981998675,2.515299211735859
-2.50333568,2.505422183833415,2.515299211735859
-2.50301832,2.504485582916045,2.515299211735859
-2.50270096,2.504485582916045,2.515299211735859
-2.5023836,2.504485582916045,2.515299211735859
-2.50206624,2.503548981998673,2.515299211735859
-2.50174888,2.504485582916044,2.515299211735859
-2.50143152,2.505422183833416,2.515299211735859
-2.50111416,2.505422183833416,2.515299211735859
-2.5007968,2.505422183833416,2.514363434145684
-2.50047944,2.504485582916045,2.515299211735859
-2.50016208,2.504485582916045,2.514363434145684
-2.49984472,2.504485582916045,2.514363434145684
-2.49952736,2.504485582916045,2.515299211735858
-2.49921,2.504485582916045,2.515299211735859
-2.49889264,2.504485582916045,2.515299211735859
-2.49857528,2.503548981998673,2.514363434145684
-2.49825792,2.503548981998673,2.514363434145684
-2.49794056,2.503548981998673,2.514363434145684
-2.4976232,2.504485582916044,2.515299211735858
-2.49730584,2.503548981998673,2.514363434145685
-2.49698848,2.503548981998674,2.515299211735859
-2.49667112,2.504485582916045,2.515299211735859
-2.49635376,2.505422183833416,2.515299211735859
-2.4960364,2.505422183833416,2.515299211735859
-2.49571904,2.504485582916045,2.515299211735859
-2.49540168,2.504485582916045,2.515299211735859
-2.49508432,2.504485582916045,2.515299211735859
-2.49476696,2.504485582916045,2.515299211735859
-2.4944496,2.504485582916045,2.515299211735859
-2.49413224,2.504485582916045,2.515299211735859
-2.49381488,2.504485582916045,2.515299211735859
-2.49349752,2.503548981998673,2.515299211735859
-2.49318016,2.504485582916044,2.515299211735859
-2.4928628,2.503548981998674,2.516234989326033
-2.49254544,2.504485582916045,2.516234989326033
-2.49222808,2.503548981998673,2.515299211735859
-2.49191072,2.503548981998673,2.516234989326033
-2.49159336,2.504485582916045,2.515299211735859
-2.491276,2.503548981998674,2.516234989326032
-2.49095864,2.503548981998673,2.515299211735859
-2.49064128,2.503548981998672,2.515299211735859
-2.49032392,2.502612381081303,2.515299211735859
-2.49000656,2.503548981998673,2.515299211735859
-2.4896892,2.502612381081303,2.516234989326033
-2.48937184,2.503548981998673,2.514363434145684
-2.48905448,2.503548981998673,2.514363434145684
-2.48873712,2.503548981998673,2.515299211735859
-2.48841976,2.503548981998673,2.515299211735859
-2.4881024,2.504485582916045,2.515299211735859
-2.48778504,2.505422183833416,2.515299211735859
-2.48746768,2.504485582916045,2.515299211735859
-2.48715032,2.502612381081303,2.514363434145684
-2.48683296,2.503548981998672,2.515299211735858
-2.4865156,2.504485582916045,2.515299211735859
-2.48619824,2.504485582916045,2.515299211735859
-2.48588088,2.503548981998673,2.515299211735859
-2.48556352,2.504485582916045,2.516234989326033
-2.48524616,2.503548981998673,2.516234989326033
-2.4849288,2.504485582916044,2.516234989326033
-2.48461144,2.503548981998675,2.516234989326033
-2.48429408,2.505422183833416,2.516234989326033
-2.48397672,2.505422183833416,2.516234989326033
-2.48365936,2.505422183833416,2.516234989326033
-2.483342,2.505422183833416,2.516234989326033
-2.48302464,2.505422183833416,2.516234989326033
-2.48270728,2.505422183833416,2.516234989326033
-2.48238992,2.504485582916046,2.51529921173586
-2.48207256,2.505422183833416,2.516234989326033
-2.4817552,2.504485582916045,2.515299211735859
-2.48143784,2.504485582916045,2.515299211735859
-2.48112048,2.504485582916045,2.516234989326033
-2.48080312,2.504485582916045,2.516234989326033
-2.48048576,2.505422183833415,2.516234989326033
-2.4801684,2.505422183833416,2.516234989326032
-2.47985104,2.505422183833416,2.515299211735859
-2.47953368,2.505422183833416,2.515299211735859
-2.47921632,2.504485582916045,2.515299211735859
-2.47889896,2.503548981998673,2.514363434145684
-2.4785816,2.503548981998673,2.515299211735858
-2.47826424,2.504485582916045,2.515299211735859
-2.47794688,2.504485582916045,2.515299211735859
-2.47762952,2.504485582916045,2.515299211735859
-2.47731216,2.504485582916045,2.515299211735859
-2.4769948,2.503548981998673,2.515299211735859
-2.47667744,2.504485582916045,2.515299211735859
-2.47636008,2.503548981998674,2.515299211735859
-2.47604272,2.504485582916045,2.515299211735859
-2.47572536,2.504485582916045,2.515299211735859
-2.475408,2.503548981998673,2.514363434145684
-2.47509064,2.504485582916045,2.514363434145684
-2.47477328,2.504485582916045,2.514363434145684
-2.47445592,2.504485582916045,2.515299211735858
-2.47413856,2.504485582916045,2.515299211735859
-2.4738212,2.504485582916046,2.515299211735858
-2.47350384,2.505422183833416,2.514363434145684
-2.47318648,2.505422183833416,2.515299211735859
-2.47286912,2.505422183833416,2.515299211735859
-2.47255176,2.505422183833416,2.514363434145684
-2.4722344,2.505422183833416,2.515299211735858
-2.47191704,2.505422183833415,2.515299211735858
-2.47159968,2.504485582916045,2.514363434145684
-2.47128232,2.505422183833416,2.514363434145684
-2.47096496,2.505422183833416,2.514363434145684
-2.4706476,2.505422183833416,2.514363434145684
-2.47033024,2.505422183833416,2.514363434145684
-2.47001288,2.506358784750786,2.515299211735858
-2.46969552,2.506358784750787,2.514363434145685
-2.46937816,2.506358784750787,2.515299211735859
-2.4690608,2.505422183833416,2.514363434145684
-2.46874344,2.506358784750787,2.515299211735859
-2.46842608,2.506358784750787,2.514363434145684
-2.46810872,2.506358784750787,2.515299211735858
-2.46779136,2.505422183833417,2.515299211735859
-2.467474,2.505422183833416,2.514363434145685
-2.46715664,2.505422183833416,2.515299211735859
-2.46683928,2.505422183833416,2.515299211735859
-2.46652192,2.505422183833416,2.515299211735859
-2.46620456,2.506358784750787,2.515299211735859
-2.4658872,2.505422183833417,2.515299211735859
-2.46556984,2.506358784750787,2.516234989326032
-2.46525248,2.506358784750787,2.515299211735859
-2.46493512,2.506358784750787,2.514363434145684
-2.46461776,2.505422183833416,2.515299211735859
-2.4643004,2.506358784750787,2.514363434145684
-2.46398304,2.506358784750787,2.515299211735859
-2.46366568,2.506358784750787,2.515299211735859
-2.46334832,2.505422183833416,2.515299211735858
-2.46303096,2.505422183833416,2.514363434145684
-2.4627136,2.506358784750787,2.515299211735859
-2.46239624,2.505422183833416,2.514363434145684
-2.46207888,2.505422183833416,2.514363434145684
-2.46176152,2.505422183833416,2.515299211735858
-2.46144416,2.505422183833416,2.514363434145685
-2.4611268,2.505422183833415,2.514363434145684
-2.46080944,2.504485582916045,2.514363434145684
-2.46049208,2.505422183833416,2.514363434145684
-2.46017472,2.506358784750787,2.514363434145684
-2.45985736,2.506358784750787,2.514363434145684
-2.45954,2.506358784750787,2.514363434145684
-2.45922264,2.505422183833416,2.514363434145684
-2.45890528,2.505422183833416,2.514363434145684
-2.45858792,2.506358784750787,2.515299211735859
-2.45827056,2.505422183833416,2.514363434145684
-2.4579532,2.506358784750787,2.515299211735859
-2.45763584,2.505422183833416,2.515299211735859
-2.45731848,2.506358784750786,2.515299211735859
-2.45700112,2.505422183833416,2.515299211735859
-2.45668376,2.505422183833416,2.515299211735859
-2.4563664,2.505422183833416,2.515299211735859
-2.45604904,2.506358784750787,2.516234989326033
-2.45573168,2.506358784750787,2.515299211735859
-2.45541432,2.507295385668157,2.515299211735859
-2.45509696,2.506358784750788,2.515299211735859
-2.4547796,2.506358784750787,2.516234989326032
-2.45446224,2.506358784750787,2.515299211735859
-2.45414488,2.506358784750787,2.515299211735859
-2.45382752,2.506358784750787,2.516234989326033
-2.45351016,2.506358784750787,2.516234989326033
-2.4531928,2.506358784750787,2.51529921173586
-2.45287544,2.505422183833416,2.516234989326032
-2.45255808,2.505422183833416,2.515299211735859
-2.45224072,2.505422183833416,2.515299211735859
-2.45192336,2.506358784750787,2.515299211735859
-2.451606,2.506358784750787,2.515299211735859
-2.45128864,2.505422183833416,2.515299211735859
-2.45097128,2.505422183833416,2.515299211735859
-2.45065392,2.506358784750787,2.515299211735859
-2.45033656,2.506358784750787,2.515299211735859
-2.4500192,2.506358784750787,2.516234989326033
-2.44970184,2.506358784750787,2.515299211735859
-2.44938448,2.506358784750787,2.515299211735859
-2.44906712,2.507295385668157,2.516234989326032
-2.44874976,2.506358784750786,2.515299211735859
-2.4484324,2.505422183833417,2.515299211735858
-2.44811504,2.506358784750787,2.514363434145684
-2.44779768,2.506358784750787,2.515299211735859
-2.44748032,2.505422183833416,2.515299211735859
-2.44716296,2.505422183833416,2.515299211735859
-2.4468456,2.505422183833416,2.514363434145685
-2.44652824,2.505422183833415,2.514363434145684
-2.44621088,2.504485582916045,2.514363434145684
-2.44589352,2.503548981998673,2.514363434145684
-2.44557616,2.505422183833416,2.514363434145684
-2.4452588,2.505422183833416,2.515299211735859
-2.44494144,2.505422183833416,2.515299211735859
-2.44462408,2.504485582916046,2.515299211735859
-2.44430672,2.505422183833416,2.515299211735859
-2.44398936,2.505422183833416,2.515299211735859
-2.443672,2.504485582916045,2.515299211735859
-2.44335464,2.504485582916045,2.515299211735859
-2.44303728,2.504485582916045,2.515299211735859
-2.44271992,2.503548981998674,2.515299211735859
-2.44240256,2.503548981998674,2.515299211735859
-2.4420852,2.504485582916044,2.515299211735859
-2.44176784,2.503548981998673,2.515299211735859
-2.44145048,2.504485582916045,2.515299211735859
-2.44113312,2.504485582916045,2.515299211735859
-2.44081576,2.504485582916045,2.515299211735859
-2.4404984,2.504485582916045,2.515299211735859
-2.44018104,2.504485582916045,2.515299211735859
-2.43986368,2.504485582916045,2.515299211735859
-2.43954632,2.504485582916045,2.515299211735859
-2.43922896,2.504485582916045,2.515299211735859
-2.4389116,2.503548981998673,2.515299211735859
-2.43859424,2.504485582916045,2.514363434145684
-2.43827688,2.503548981998674,2.514363434145684
-2.43795952,2.504485582916045,2.514363434145684
-2.43764216,2.504485582916045,2.514363434145684
-2.4373248,2.505422183833416,2.514363434145684
-2.43700744,2.505422183833416,2.514363434145684
-2.43669008,2.504485582916045,2.514363434145684
-2.43637272,2.505422183833415,2.515299211735858
-2.43605536,2.505422183833416,2.515299211735859
-2.435738,2.505422183833417,2.515299211735859
-2.43542064,2.506358784750787,2.515299211735859
-2.43510328,2.506358784750787,2.515299211735859
-2.43478592,2.506358784750787,2.515299211735859
-2.43446856,2.506358784750787,2.515299211735859
-2.4341512,2.506358784750787,2.515299211735859
-2.43383384,2.505422183833416,2.514363434145684
-2.43351648,2.505422183833416,2.514363434145684
-2.43319912,2.505422183833416,2.514363434145684
-2.43288176,2.504485582916045,2.514363434145684
-2.4325644,2.504485582916045,2.514363434145684
-2.43224704,2.504485582916045,2.515299211735859
-2.43192968,2.504485582916045,2.514363434145685
-2.43161232,2.503548981998675,2.514363434145684
-2.43129496,2.505422183833416,2.514363434145684
-2.4309776,2.505422183833416,2.514363434145684
-2.43066024,2.505422183833416,2.514363434145684
-2.43034288,2.505422183833416,2.515299211735859
-2.43002552,2.505422183833416,2.514363434145685
-2.42970816,2.505422183833416,2.515299211735858
-2.4293908,2.505422183833416,2.514363434145685
-2.42907344,2.505422183833416,2.515299211735859
-2.42875608,2.504485582916045,2.515299211735859
-2.42843872,2.504485582916045,2.514363434145684
-2.42812136,2.504485582916045,2.514363434145684
-2.427804,2.504485582916045,2.515299211735858
-2.42748664,2.504485582916046,2.515299211735858
-2.42716928,2.505422183833416,2.514363434145684
-2.42685192,2.504485582916045,2.514363434145684
-2.42653456,2.504485582916045,2.514363434145684
-2.4262172,2.504485582916045,2.514363434145684
-2.42589984,2.504485582916045,2.515299211735859
-2.42558248,2.505422183833415,2.514363434145685
-2.42526512,2.506358784750787,2.515299211735858
-2.42494776,2.506358784750787,2.514363434145684
-2.4246304,2.506358784750787,2.515299211735859
-2.42431304,2.505422183833416,2.515299211735859
-2.42399568,2.505422183833416,2.515299211735859
-2.42367832,2.505422183833416,2.515299211735859
-2.42336096,2.505422183833416,2.515299211735858
-2.4230436,2.505422183833416,2.514363434145684
-2.42272624,2.504485582916045,2.514363434145684
-2.42240888,2.504485582916045,2.514363434145684
-2.42209152,2.505422183833416,2.514363434145684
-2.42177416,2.504485582916045,2.514363434145684
-2.4214568,2.504485582916045,2.514363434145684
-2.42113944,2.504485582916046,2.514363434145685
-2.42082208,2.505422183833416,2.515299211735859
-2.42050472,2.504485582916045,2.514363434145684
-2.42018736,2.505422183833416,2.515299211735859
-2.41987,2.504485582916045,2.514363434145684
-2.41955264,2.505422183833415,2.514363434145684
-2.41923528,2.505422183833416,2.515299211735858
-2.41891792,2.504485582916046,2.514363434145685
-2.41860056,2.505422183833416,2.515299211735859
-2.4182832,2.505422183833416,2.514363434145684
-2.41796584,2.504485582916045,2.515299211735859
-2.41764848,2.504485582916045,2.514363434145684
-2.41733112,2.504485582916045,2.515299211735858
-2.41701376,2.503548981998674,2.515299211735859
-2.4166964,2.504485582916045,2.515299211735859
-2.41637904,2.505422183833416,2.515299211735859
-2.41606168,2.505422183833416,2.515299211735859
-2.41574432,2.505422183833416,2.515299211735859
-2.41542696,2.504485582916045,2.514363434145684
-2.4151096,2.505422183833415,2.514363434145684
-2.41479224,2.504485582916045,2.514363434145684
-2.41447488,2.504485582916045,2.514363434145684
-2.41415752,2.504485582916045,2.514363434145684
-2.41384016,2.504485582916045,2.515299211735859
-2.4135228,2.505422183833416,2.515299211735859
-2.41320544,2.505422183833416,2.515299211735859
-2.41288808,2.505422183833416,2.515299211735859
-2.41257072,2.505422183833415,2.515299211735858
-2.41225336,2.504485582916045,2.514363434145684
-2.411936,2.504485582916045,2.514363434145684
-2.41161864,2.504485582916045,2.514363434145684
-2.41130128,2.504485582916045,2.516234989326033
-2.41098392,2.505422183833415,2.51529921173586
-2.41066656,2.505422183833415,2.515299211735859
-2.4103492,2.504485582916045,2.515299211735859
-2.41003184,2.505422183833416,2.515299211735859
-2.40971448,2.504485582916045,2.515299211735859
-2.40939712,2.504485582916045,2.514363434145684
-2.40907976,2.504485582916045,2.515299211735859
-2.4087624,2.503548981998674,2.515299211735859
-2.40844504,2.504485582916046,2.515299211735858
-2.40812768,2.505422183833416,2.514363434145684
-2.40781032,2.504485582916045,2.515299211735859
-2.40749296,2.504485582916045,2.514363434145684
-2.4071756,2.504485582916045,2.515299211735859
-2.40685824,2.504485582916045,2.515299211735859
-2.40654088,2.505422183833415,2.515299211735859
-2.40622352,2.503548981998673,2.515299211735859
-2.40590616,2.503548981998673,2.515299211735859
-2.4055888,2.504485582916045,2.514363434145684
-2.40527144,2.503548981998673,2.514363434145684
-2.40495408,2.503548981998673,2.515299211735859
-2.40463672,2.503548981998673,2.515299211735859
-2.40431936,2.504485582916044,2.516234989326032
-2.404002,2.503548981998673,2.515299211735859
-2.40368464,2.503548981998673,2.515299211735859
-2.40336728,2.505422183833416,2.516234989326033
-2.40304992,2.505422183833416,2.516234989326033
-2.40273256,2.505422183833416,2.515299211735859
-2.4024152,2.503548981998675,2.515299211735859
-2.40209784,2.504485582916045,2.515299211735859
-2.40178048,2.504485582916045,2.515299211735859
-2.40146312,2.505422183833416,2.515299211735859
-2.40114576,2.503548981998673,2.515299211735859
-2.4008284,2.505422183833416,2.515299211735859
-2.40051104,2.504485582916046,2.515299211735859
-2.40019368,2.504485582916045,2.515299211735859
-2.39987632,2.504485582916045,2.515299211735859
-2.39955896,2.504485582916045,2.515299211735859
-2.3992416,2.504485582916045,2.516234989326033
-2.39892424,2.504485582916045,2.515299211735859
-2.39860688,2.505422183833416,2.515299211735859
-2.39828952,2.504485582916046,2.515299211735859
-2.39797216,2.504485582916046,2.514363434145686
-2.3976548,2.505422183833416,2.516234989326033
-2.39733744,2.504485582916045,2.515299211735859
-2.39702008,2.505422183833416,2.514363434145684
-2.39670272,2.505422183833416,2.515299211735859
-2.39638536,2.505422183833416,2.515299211735859
-2.396068,2.505422183833416,2.515299211735859
-2.39575064,2.505422183833416,2.515299211735859
-2.39543328,2.505422183833416,2.515299211735859
-2.39511592,2.505422183833416,2.515299211735859
-2.39479856,2.505422183833416,2.515299211735859
-2.3944812,2.505422183833416,2.515299211735859
-2.39416384,2.506358784750786,2.515299211735859
-2.39384648,2.505422183833417,2.51529921173586
-2.39352912,2.506358784750786,2.516234989326033
-2.39321176,2.505422183833416,2.516234989326033
-2.3928944,2.505422183833416,2.515299211735859
-2.39257704,2.504485582916045,2.515299211735859
-2.39225968,2.504485582916045,2.515299211735859
-2.39194232,2.505422183833415,2.515299211735859
-2.39162496,2.504485582916046,2.51529921173586
-2.3913076,2.505422183833416,2.516234989326033
-2.39099024,2.505422183833416,2.515299211735859
-2.39067288,2.505422183833416,2.515299211735859
-2.39035552,2.504485582916045,2.515299211735859
-2.39003816,2.506358784750787,2.515299211735859
-2.3897208,2.505422183833417,2.515299211735859
-2.38940344,2.505422183833416,2.515299211735859
-2.38908608,2.505422183833416,2.515299211735859
-2.38876872,2.505422183833416,2.515299211735859
-2.38845136,2.505422183833416,2.514363434145684
-2.388134,2.504485582916045,2.514363434145684
-2.38781664,2.505422183833415,2.516234989326031
-2.38749928,2.505422183833415,2.516234989326032
-2.38718192,2.504485582916046,2.51529921173586
-2.38686456,2.505422183833416,2.516234989326033
-2.3865472,2.504485582916045,2.515299211735859
-2.38622984,2.504485582916045,2.515299211735859
-2.38591248,2.505422183833416,2.515299211735859
-2.38559512,2.504485582916046,2.516234989326032
-2.38527776,2.505422183833416,2.515299211735859
-2.3849604,2.505422183833416,2.515299211735859
-2.38464304,2.505422183833416,2.515299211735859
-2.38432568,2.505422183833416,2.515299211735859
-2.38400832,2.505422183833416,2.516234989326033
-2.38369096,2.505422183833416,2.515299211735859
-2.3833736,2.505422183833416,2.515299211735859
-2.38305624,2.505422183833416,2.515299211735859
-2.38273888,2.505422183833416,2.515299211735859
-2.38242152,2.505422183833416,2.515299211735859
-2.38210416,2.505422183833416,2.515299211735859
-2.3817868,2.505422183833416,2.515299211735859
-2.38146944,2.504485582916046,2.515299211735859
-2.38115208,2.504485582916046,2.514363434145685
-2.38083472,2.505422183833415,2.515299211735859
-2.38051736,2.504485582916045,2.515299211735859
-2.3802,2.504485582916045,2.514363434145684
-2.37988264,2.505422183833416,2.515299211735859
-2.37956528,2.504485582916045,2.515299211735859
-2.37924792,2.504485582916045,2.515299211735859
-2.37893056,2.505422183833416,2.515299211735859
-2.3786132,2.505422183833416,2.515299211735859
-2.37829584,2.503548981998673,2.515299211735859
-2.37797848,2.503548981998673,2.515299211735859
-2.37766112,2.505422183833416,2.515299211735859
-2.37734376,2.504485582916045,2.515299211735859
-2.3770264,2.504485582916045,2.515299211735859
-2.37670904,2.504485582916045,2.515299211735859
-2.37639168,2.504485582916045,2.515299211735859
-2.37607432,2.504485582916045,2.515299211735859
-2.37575696,2.504485582916045,2.514363434145684
-2.3754396,2.503548981998673,2.514363434145684
-2.37512224,2.505422183833414,2.515299211735858
-2.37480488,2.505422183833416,2.515299211735859
-2.37448752,2.505422183833415,2.515299211735859
-2.37417016,2.504485582916045,2.515299211735859
-2.3738528,2.505422183833416,2.515299211735859
-2.37353544,2.505422183833416,2.515299211735859
-2.37321808,2.505422183833416,2.516234989326033
-2.37290072,2.504485582916046,2.51529921173586
-2.37258336,2.504485582916045,2.516234989326032
-2.372266,2.504485582916045,2.515299211735859
-2.37194864,2.504485582916045,2.515299211735859
-2.37163128,2.503548981998673,2.515299211735859
-2.37131392,2.504485582916045,2.515299211735859
-2.37099656,2.504485582916045,2.515299211735859
-2.3706792,2.504485582916045,2.515299211735859
-2.37036184,2.504485582916045,2.515299211735859
-2.37004448,2.504485582916045,2.515299211735859
-2.36972712,2.504485582916045,2.515299211735859
-2.36940976,2.503548981998673,2.514363434145684
-2.3690924,2.504485582916045,2.515299211735859
-2.36877504,2.504485582916045,2.515299211735859
-2.36845768,2.503548981998674,2.514363434145684
-2.36814032,2.504485582916046,2.514363434145685
-2.36782296,2.505422183833416,2.515299211735859
-2.3675056,2.503548981998673,2.515299211735859
-2.36718824,2.504485582916045,2.515299211735859
-2.36687088,2.504485582916045,2.515299211735859
-2.36655352,2.503548981998674,2.515299211735859
-2.36623616,2.503548981998673,2.514363434145684
-2.3659188,2.503548981998673,2.514363434145684
-2.36560144,2.504485582916045,2.515299211735859
-2.36528408,2.504485582916045,2.514363434145684
-2.36496672,2.504485582916045,2.515299211735859
-2.36464936,2.504485582916045,2.515299211735859
-2.364332,2.504485582916045,2.515299211735859
-2.36401464,2.504485582916045,2.515299211735859
-2.36369728,2.504485582916045,2.515299211735859
-2.36337992,2.504485582916045,2.515299211735859
-2.36306256,2.504485582916045,2.515299211735859
-2.3627452,2.505422183833416,2.515299211735859
-2.36242784,2.503548981998675,2.515299211735859
-2.36211048,2.504485582916045,2.515299211735859
-2.36179312,2.504485582916045,2.515299211735859
-2.36147576,2.503548981998673,2.515299211735859
-2.3611584,2.504485582916045,2.515299211735859
-2.36084104,2.503548981998673,2.515299211735859
-2.36052368,2.503548981998673,2.515299211735859
-2.36020632,2.503548981998673,2.515299211735859
-2.35988896,2.503548981998674,2.515299211735859
-2.3595716,2.504485582916045,2.515299211735859
-2.35925424,2.504485582916045,2.515299211735859
-2.35893688,2.503548981998673,2.515299211735859
-2.35861952,2.504485582916045,2.515299211735859
-2.35830216,2.504485582916045,2.516234989326032
-2.3579848,2.504485582916045,2.516234989326033
-2.35766744,2.504485582916044,2.516234989326032
-2.35735008,2.503548981998673,2.515299211735859
-2.35703272,2.504485582916045,2.516234989326033
-2.35671536,2.503548981998673,2.516234989326033
-2.356398,2.504485582916045,2.516234989326033
-2.35608064,2.504485582916045,2.516234989326033
-2.35576328,2.504485582916046,2.516234989326032
-2.35544592,2.505422183833416,2.515299211735859
-2.35512856,2.504485582916045,2.516234989326033
-2.3548112,2.505422183833416,2.515299211735859
-2.35449384,2.505422183833416,2.516234989326033
-2.35417648,2.504485582916045,2.516234989326033
-2.35385912,2.504485582916045,2.51529921173586
-2.35354176,2.505422183833416,2.515299211735859
-2.3532244,2.505422183833416,2.515299211735859
-2.35290704,2.505422183833416,2.515299211735859
-2.35258968,2.505422183833416,2.515299211735859
-2.35227232,2.505422183833416,2.516234989326033
-2.35195496,2.505422183833416,2.516234989326033
-2.3516376,2.505422183833416,2.51529921173586
-2.35132024,2.504485582916046,2.51529921173586
-2.35100288,2.505422183833416,2.516234989326033
-2.35068552,2.504485582916045,2.516234989326033
-2.35036816,2.505422183833416,2.516234989326033
-2.3500508,2.504485582916045,2.516234989326033
-2.34973344,2.506358784750785,2.516234989326033
-2.34941608,2.504485582916046,2.516234989326033
-2.34909872,2.505422183833416,2.516234989326033
-2.34878136,2.505422183833416,2.516234989326033
-2.348464,2.505422183833416,2.517170766916207
-2.34814664,2.505422183833416,2.516234989326033
-2.34782928,2.505422183833416,2.516234989326033
-2.34751192,2.505422183833416,2.51529921173586
-2.34719456,2.505422183833417,2.516234989326033
-2.3468772,2.506358784750787,2.516234989326033
-2.34655984,2.506358784750787,2.516234989326033
-2.34624248,2.506358784750787,2.516234989326033
-2.34592512,2.505422183833416,2.517170766916207
-2.34560776,2.505422183833416,2.516234989326033
-2.3452904,2.505422183833416,2.516234989326033
-2.34497304,2.505422183833416,2.517170766916206
-2.34465568,2.505422183833416,2.516234989326033
-2.34433832,2.506358784750787,2.517170766916207
-2.34402096,2.506358784750787,2.517170766916207
-2.3437036,2.506358784750787,2.517170766916207
-2.34338624,2.506358784750787,2.517170766916207
-2.34306888,2.506358784750787,2.516234989326033
-2.34275152,2.506358784750787,2.517170766916207
-2.34243416,2.505422183833416,2.516234989326033
-2.3421168,2.505422183833416,2.517170766916207
-2.34179944,2.505422183833416,2.517170766916207
-2.34148208,2.505422183833416,2.516234989326033
-2.34116472,2.505422183833416,2.516234989326033
-2.34084736,2.505422183833416,2.516234989326033
-2.34053,2.505422183833416,2.517170766916207
-2.34021264,2.505422183833416,2.517170766916207
-2.33989528,2.505422183833416,2.517170766916207
-2.33957792,2.505422183833416,2.517170766916207
-2.33926056,2.505422183833416,2.517170766916207
-2.3389432,2.505422183833416,2.516234989326033
-2.33862584,2.505422183833416,2.517170766916207
-2.33830848,2.505422183833416,2.517170766916207
-2.33799112,2.505422183833416,2.516234989326033
-2.33767376,2.505422183833416,2.516234989326033
-2.3373564,2.505422183833416,2.516234989326033
-2.33703904,2.505422183833416,2.517170766916206
-2.33672168,2.505422183833417,2.517170766916207
-2.33640432,2.506358784750787,2.517170766916207
-2.33608696,2.506358784750787,2.517170766916207
-2.3357696,2.505422183833416,2.516234989326033
-2.33545224,2.506358784750787,2.517170766916207
-2.33513488,2.506358784750787,2.517170766916207
-2.33481752,2.505422183833417,2.516234989326033
-2.33450016,2.505422183833416,2.516234989326033
-2.3341828,2.505422183833416,2.516234989326033
-2.33386544,2.505422183833416,2.516234989326033
-2.33354808,2.505422183833416,2.516234989326033
-2.33323072,2.505422183833416,2.516234989326033
-2.33291336,2.505422183833416,2.516234989326033
-2.332596,2.505422183833416,2.517170766916206
-2.33227864,2.505422183833416,2.516234989326033
-2.33196128,2.505422183833416,2.517170766916207
-2.33164392,2.504485582916045,2.516234989326033
-2.33132656,2.505422183833416,2.516234989326033
-2.3310092,2.504485582916045,2.517170766916207
-2.33069184,2.505422183833415,2.517170766916207
-2.33037448,2.505422183833416,2.516234989326033
-2.33005712,2.505422183833416,2.516234989326033
-2.32973976,2.504485582916045,2.516234989326033
-2.3294224,2.504485582916045,2.516234989326033
-2.32910504,2.504485582916045,2.516234989326033
-2.32878768,2.504485582916045,2.517170766916207
-2.32847032,2.504485582916045,2.516234989326033
-2.32815296,2.504485582916044,2.516234989326033
-2.3278356,2.503548981998673,2.516234989326033
-2.32751824,2.503548981998673,2.516234989326033
-2.32720088,2.503548981998673,2.516234989326033
-2.32688352,2.503548981998673,2.516234989326033
-2.32656616,2.504485582916044,2.516234989326033
-2.3262488,2.503548981998673,2.517170766916206
-2.32593144,2.503548981998673,2.516234989326033
-2.32561408,2.503548981998673,2.516234989326033
-2.32529672,2.504485582916045,2.516234989326033
-2.32497936,2.505422183833416,2.517170766916207
-2.324662,2.505422183833416,2.516234989326033
-2.32434464,2.504485582916046,2.516234989326033
-2.32402728,2.503548981998674,2.516234989326033
-2.32370992,2.504485582916045,2.517170766916207
-2.32339256,2.503548981998673,2.516234989326033
-2.3230752,2.504485582916045,2.516234989326033
-2.32275784,2.504485582916045,2.516234989326033
-2.32244048,2.503548981998673,2.516234989326033
-2.32212312,2.504485582916044,2.517170766916206
-2.32180576,2.505422183833415,2.517170766916207
-2.3214884,2.504485582916045,2.517170766916207
-2.32117104,2.505422183833416,2.517170766916207
-2.32085368,2.506358784750787,2.517170766916207
-2.32053632,2.506358784750787,2.517170766916207
-2.32021896,2.505422183833417,2.517170766916207
-2.3199016,2.506358784750787,2.517170766916206
-2.31958424,2.506358784750786,2.516234989326033
-2.31926688,2.505422183833416,2.516234989326033
-2.31894952,2.505422183833416,2.516234989326033
-2.31863216,2.505422183833416,2.516234989326033
-2.3183148,2.506358784750787,2.517170766916207
-2.31799744,2.505422183833417,2.517170766916207
-2.31768008,2.505422183833417,2.516234989326033
-2.31736272,2.506358784750787,2.516234989326033
-2.31704536,2.505422183833416,2.517170766916207
-2.316728,2.506358784750787,2.517170766916207
-2.31641064,2.506358784750787,2.517170766916207
-2.31609328,2.506358784750787,2.517170766916207
-2.31577592,2.505422183833417,2.517170766916207
-2.31545856,2.506358784750787,2.517170766916206
-2.3151412,2.506358784750787,2.516234989326033
-2.31482384,2.506358784750787,2.516234989326033
-2.31450648,2.505422183833416,2.516234989326033
-2.31418912,2.506358784750787,2.517170766916207
-2.31387176,2.505422183833417,2.516234989326033
-2.3135544,2.505422183833416,2.516234989326033
-2.31323704,2.505422183833416,2.516234989326033
-2.31291968,2.505422183833416,2.516234989326033
-2.31260232,2.505422183833416,2.516234989326033
-2.31228496,2.505422183833416,2.516234989326033
-2.3119676,2.505422183833416,2.516234989326033
-2.31165024,2.505422183833416,2.516234989326033
-2.31133288,2.505422183833415,2.516234989326033
-2.31101552,2.504485582916045,2.516234989326033
-2.31069816,2.504485582916045,2.516234989326033
-2.3103808,2.504485582916045,2.515299211735859
-2.31006344,2.504485582916045,2.516234989326033
-2.30974608,2.504485582916045,2.516234989326033
-2.30942872,2.504485582916045,2.51529921173586
-2.30911136,2.503548981998673,2.515299211735859
-2.308794,2.503548981998673,2.515299211735859
-2.30847664,2.504485582916045,2.515299211735859
-2.30815928,2.503548981998673,2.514363434145684
-2.30784192,2.503548981998673,2.515299211735859
-2.30752456,2.503548981998673,2.515299211735859
-2.3072072,2.505422183833415,2.515299211735859
-2.30688984,2.504485582916045,2.51529921173586
-2.30657248,2.504485582916045,2.516234989326033
-2.30625512,2.505422183833416,2.515299211735859
-2.30593776,2.504485582916045,2.516234989326033
-2.3056204,2.505422183833416,2.516234989326033
-2.30530304,2.504485582916046,2.51529921173586
-2.30498568,2.504485582916045,2.515299211735859
-2.30466832,2.504485582916045,2.515299211735859
-2.30435096,2.505422183833416,2.516234989326033
-2.3040336,2.504485582916045,2.516234989326033
-2.30371624,2.503548981998673,2.516234989326033
-2.30339888,2.503548981998673,2.51529921173586
-2.30308152,2.504485582916044,2.516234989326032
-2.30276416,2.503548981998673,2.516234989326032
-2.3024468,2.503548981998673,2.515299211735859
-2.30212944,2.504485582916045,2.516234989326033
-2.30181208,2.504485582916045,2.515299211735859
-2.30149472,2.504485582916045,2.516234989326033
-2.30117736,2.504485582916045,2.516234989326033
-2.30086,2.503548981998674,2.51529921173586
-2.30054264,2.504485582916045,2.516234989326033
-2.30022528,2.503548981998673,2.515299211735859
-2.29990792,2.503548981998673,2.515299211735859
-2.29959056,2.503548981998673,2.516234989326033
-2.2992732,2.504485582916045,2.516234989326033
-2.29895584,2.502612381081304,2.516234989326033
-2.29863848,2.502612381081303,2.515299211735859
-2.29832112,2.503548981998673,2.515299211735859
-2.29800376,2.503548981998673,2.515299211735859
-2.2976864,2.503548981998673,2.515299211735859
-2.29736904,2.503548981998673,2.516234989326033
-2.29705168,2.504485582916044,2.516234989326033
-2.29673432,2.504485582916045,2.516234989326033
-2.29641696,2.505422183833417,2.51529921173586
-2.2960996,2.506358784750787,2.516234989326033
-2.29578224,2.505422183833416,2.516234989326033
-2.29546488,2.505422183833416,2.516234989326033
-2.29514752,2.505422183833416,2.516234989326033
-2.29483016,2.505422183833416,2.516234989326033
-2.2945128,2.504485582916044,2.516234989326032
-2.29419544,2.503548981998673,2.515299211735859
-2.29387808,2.504485582916045,2.515299211735859
-2.29356072,2.503548981998673,2.515299211735859
-2.29324336,2.504485582916045,2.516234989326033
-2.292926,2.504485582916045,2.515299211735859
-2.29260864,2.504485582916045,2.515299211735859
-2.29229128,2.504485582916046,2.51529921173586
-2.29197392,2.505422183833416,2.516234989326033
-2.29165656,2.504485582916045,2.516234989326033
-2.2913392,2.504485582916045,2.516234989326033
-2.29102184,2.504485582916045,2.515299211735859
-2.29070448,2.504485582916045,2.515299211735859
-2.29038712,2.504485582916045,2.516234989326032
-2.29006976,2.505422183833415,2.516234989326032
-2.2897524,2.504485582916045,2.515299211735859
-2.28943504,2.505422183833416,2.516234989326033
-2.28911768,2.504485582916045,2.516234989326033
-2.28880032,2.504485582916045,2.516234989326033
-2.28848296,2.503548981998674,2.516234989326033
-2.2881656,2.504485582916045,2.51529921173586
-2.28784824,2.504485582916045,2.516234989326033
-2.28753088,2.505422183833416,2.517170766916207
-2.28721352,2.504485582916045,2.517170766916207
-2.28689616,2.504485582916045,2.516234989326033
-2.2865788,2.503548981998673,2.516234989326033
-2.28626144,2.504485582916044,2.516234989326033
-2.28594408,2.505422183833414,2.516234989326033
-2.28562672,2.503548981998673,2.516234989326033
-2.28530936,2.504485582916045,2.515299211735859
-2.284992,2.505422183833416,2.516234989326033
-2.28467464,2.503548981998673,2.516234989326033
-2.28435728,2.503548981998673,2.51529921173586
-2.28403992,2.503548981998673,2.515299211735859
-2.28372256,2.503548981998673,2.515299211735859
-2.2834052,2.503548981998673,2.515299211735859
-2.28308784,2.503548981998673,2.515299211735859
-2.28277048,2.503548981998673,2.515299211735859
-2.28245312,2.503548981998673,2.515299211735859
-2.28213576,2.503548981998673,2.515299211735859
-2.2818184,2.504485582916044,2.516234989326032
-2.28150104,2.503548981998673,2.515299211735859
-2.28118368,2.503548981998673,2.514363434145684
-2.28086632,2.504485582916045,2.515299211735859
-2.28054896,2.503548981998673,2.515299211735859
-2.2802316,2.503548981998673,2.515299211735859
-2.27991424,2.504485582916044,2.515299211735859
-2.27959688,2.504485582916044,2.516234989326032
-2.27927952,2.503548981998673,2.515299211735859
-2.27896216,2.504485582916045,2.515299211735859
-2.2786448,2.504485582916045,2.515299211735859
-2.27832744,2.504485582916045,2.515299211735859
-2.27801008,2.504485582916045,2.514363434145685
-2.27769272,2.504485582916045,2.515299211735858
-2.27737536,2.503548981998672,2.514363434145684
-2.277058,2.502612381081303,2.514363434145684
-2.27674064,2.503548981998673,2.515299211735859
-2.27642328,2.503548981998673,2.514363434145684
-2.27610592,2.503548981998673,2.515299211735859
-2.27578856,2.502612381081303,2.515299211735859
-2.2754712,2.503548981998673,2.514363434145685
-2.27515384,2.503548981998673,2.515299211735859
-2.27483648,2.502612381081303,2.515299211735859
-2.27451912,2.504485582916045,2.515299211735859
-2.27420176,2.503548981998673,2.514363434145684
-2.2738844,2.503548981998673,2.514363434145684
-2.27356704,2.503548981998673,2.514363434145684
-2.27324968,2.503548981998674,2.515299211735858
-2.27293232,2.504485582916045,2.514363434145684
-2.27261496,2.504485582916045,2.515299211735859
-2.2722976,2.503548981998673,2.515299211735859
-2.27198024,2.503548981998673,2.515299211735859
-2.27166288,2.504485582916044,2.515299211735859
-2.27134552,2.504485582916045,2.51529921173586
-2.27102816,2.504485582916044,2.516234989326032
-2.2707108,2.503548981998673,2.515299211735859
-2.27039344,2.504485582916045,2.515299211735859
-2.27007608,2.503548981998673,2.515299211735859
-2.26975872,2.503548981998673,2.515299211735859
-2.26944136,2.504485582916044,2.515299211735859
-2.269124,2.504485582916045,2.515299211735859
-2.26880664,2.504485582916045,2.515299211735859
-2.26848928,2.504485582916045,2.515299211735859
-2.26817192,2.503548981998673,2.515299211735859
-2.26785456,2.503548981998673,2.516234989326033
-2.2675372,2.503548981998673,2.516234989326033
-2.26721984,2.503548981998673,2.516234989326033
-2.26690248,2.503548981998673,2.516234989326033
-2.26658512,2.503548981998673,2.516234989326033
-2.26626776,2.504485582916045,2.516234989326033
-2.2659504,2.504485582916045,2.516234989326033
-2.26563304,2.504485582916045,2.516234989326033
-2.26531568,2.505422183833415,2.516234989326033
-2.26499832,2.505422183833415,2.516234989326033
-2.26468096,2.504485582916045,2.516234989326033
-2.2643636,2.504485582916045,2.516234989326033
-2.26404624,2.505422183833416,2.516234989326033
-2.26372888,2.505422183833416,2.516234989326033
-2.26341152,2.504485582916045,2.516234989326033
-2.26309416,2.504485582916045,2.516234989326033
-2.2627768,2.504485582916045,2.516234989326032
-2.26245944,2.504485582916045,2.515299211735859
-2.26214208,2.504485582916045,2.515299211735859
-2.26182472,2.504485582916045,2.516234989326033
-2.26150736,2.505422183833416,2.516234989326033
-2.26119,2.505422183833416,2.516234989326033
-2.26087264,2.505422183833416,2.516234989326033
-2.26055528,2.504485582916046,2.51529921173586
-2.26023792,2.505422183833416,2.516234989326033
-2.25992056,2.504485582916045,2.516234989326033
-2.2596032,2.505422183833416,2.516234989326033
-2.25928584,2.505422183833416,2.516234989326033
-2.25896848,2.504485582916046,2.51529921173586
-2.25865112,2.505422183833416,2.516234989326032
-2.25833376,2.505422183833416,2.515299211735859
-2.2580164,2.505422183833416,2.515299211735859
-2.25769904,2.504485582916045,2.515299211735859
-2.25738168,2.504485582916045,2.515299211735859
-2.25706432,2.504485582916045,2.515299211735859
-2.25674696,2.504485582916045,2.515299211735859
-2.2564296,2.504485582916045,2.516234989326032
-2.25611224,2.504485582916045,2.515299211735859
-2.25579488,2.504485582916045,2.515299211735859
-2.25547752,2.504485582916045,2.515299211735859
-2.25516016,2.504485582916045,2.515299211735859
-2.2548428,2.505422183833416,2.515299211735859
-2.25452544,2.503548981998675,2.515299211735859
-2.25420808,2.503548981998674,2.515299211735859
-2.25389072,2.504485582916045,2.515299211735859
-2.25357336,2.503548981998673,2.514363434145684
-2.253256,2.503548981998673,2.514363434145684
-2.25293864,2.503548981998673,2.514363434145684
-2.25262128,2.503548981998673,2.514363434145684
-2.25230392,2.503548981998674,2.514363434145684
-2.25198656,2.504485582916044,2.514363434145684
-2.2516692,2.503548981998673,2.514363434145684
-2.25135184,2.503548981998673,2.514363434145684
-2.25103448,2.503548981998673,2.514363434145684
-2.25071712,2.504485582916045,2.514363434145684
-2.25039976,2.504485582916045,2.515299211735858
-2.2500824,2.504485582916046,2.515299211735859
-2.24976504,2.505422183833416,2.515299211735859
-2.24944768,2.505422183833416,2.515299211735859
-2.24913032,2.506358784750787,2.515299211735859
-2.24881296,2.504485582916045,2.515299211735859
-2.2484956,2.504485582916045,2.514363434145684
-2.24817824,2.504485582916045,2.514363434145684
-2.24786088,2.504485582916044,2.515299211735859
-2.24754352,2.503548981998673,2.515299211735859
-2.24722616,2.505422183833416,2.515299211735859
-2.2469088,2.504485582916045,2.515299211735859
-2.24659144,2.505422183833416,2.515299211735859
-2.24627408,2.505422183833416,2.515299211735859
-2.24595672,2.505422183833416,2.515299211735858
-2.24563936,2.505422183833416,2.514363434145684
-2.245322,2.504485582916045,2.514363434145684
-2.24500464,2.505422183833416,2.515299211735859
-2.24468728,2.503548981998673,2.514363434145684
-2.24436992,2.504485582916045,2.514363434145684
-2.24405256,2.503548981998674,2.514363434145684
-2.2437352,2.504485582916045,2.515299211735858
-2.24341784,2.504485582916045,2.514363434145684
-2.24310048,2.504485582916045,2.515299211735859
-2.24278312,2.503548981998673,2.515299211735859
-2.24246576,2.503548981998673,2.515299211735859
-2.2421484,2.503548981998673,2.515299211735859
-2.24183104,2.503548981998673,2.515299211735859
-2.24151368,2.504485582916045,2.515299211735859
-2.24119632,2.504485582916045,2.515299211735859
-2.24087896,2.504485582916045,2.515299211735859
-2.2405616,2.504485582916045,2.515299211735859
-2.24024424,2.504485582916045,2.515299211735859
-2.23992688,2.505422183833415,2.515299211735859
-2.23960952,2.503548981998673,2.515299211735859
-2.23929216,2.503548981998673,2.515299211735859
-2.2389748,2.504485582916045,2.515299211735859
-2.23865744,2.504485582916045,2.515299211735859
-2.23834008,2.505422183833416,2.515299211735859
-2.23802272,2.504485582916045,2.514363434145684
-2.23770536,2.503548981998674,2.515299211735858
-2.237388,2.503548981998673,2.514363434145685
-2.23707064,2.503548981998673,2.515299211735859
-2.23675328,2.503548981998673,2.514363434145684
-2.23643592,2.504485582916045,2.515299211735859
-2.23611856,2.503548981998673,2.514363434145684
-2.2358012,2.503548981998673,2.514363434145684
-2.23548384,2.503548981998673,2.515299211735858
-2.23516648,2.503548981998673,2.515299211735859
-2.23484912,2.503548981998673,2.515299211735859
-2.23453176,2.504485582916045,2.514363434145684
-2.2342144,2.505422183833416,2.516234989326033
-2.23389704,2.503548981998673,2.515299211735859
-2.23357968,2.503548981998673,2.514363434145685
-2.23326232,2.504485582916044,2.515299211735859
-2.23294496,2.503548981998673,2.515299211735859
-2.2326276,2.503548981998673,2.514363434145684
-2.23231024,2.504485582916045,2.515299211735859
-2.23199288,2.503548981998673,2.514363434145684
-2.23167552,2.503548981998673,2.514363434145684
-2.23135816,2.503548981998673,2.514363434145684
-2.2310408,2.503548981998673,2.515299211735858
-2.23072344,2.503548981998673,2.514363434145684
-2.23040608,2.502612381081303,2.514363434145684
-2.23008872,2.503548981998673,2.51342765655551
-2.22977136,2.503548981998673,2.514363434145684
-2.229454,2.503548981998673,2.514363434145684
-2.22913664,2.503548981998673,2.514363434145684
-2.22881928,2.503548981998673,2.514363434145684
-2.22850192,2.503548981998673,2.514363434145684
-2.22818456,2.502612381081303,2.514363434145684
-2.2278672,2.503548981998673,2.514363434145684
-2.22754984,2.503548981998673,2.514363434145684
-2.22723248,2.504485582916044,2.514363434145684
-2.22691512,2.503548981998673,2.514363434145684
-2.22659776,2.503548981998673,2.514363434145684
-2.2262804,2.504485582916045,2.515299211735859
-2.22596304,2.504485582916045,2.515299211735859
-2.22564568,2.503548981998673,2.514363434145684
-2.22532832,2.505422183833416,2.515299211735859
-2.22501096,2.504485582916046,2.515299211735859
-2.2246936,2.503548981998673,2.515299211735858
-2.22437624,2.503548981998673,2.514363434145684
-2.22405888,2.503548981998673,2.514363434145684
-2.22374152,2.503548981998673,2.514363434145684
-2.22342416,2.503548981998673,2.514363434145684
-2.2231068,2.503548981998673,2.514363434145684
-2.22278944,2.504485582916044,2.514363434145684
-2.22247208,2.504485582916044,2.515299211735858
-2.22215472,2.503548981998673,2.514363434145684
-2.22183736,2.503548981998673,2.515299211735859
-2.22152,2.503548981998673,2.514363434145684
-2.22120264,2.502612381081303,2.514363434145684
-2.22088528,2.503548981998672,2.514363434145684
-2.22056792,2.503548981998673,2.514363434145684
-2.22025056,2.503548981998673,2.514363434145684
-2.2199332,2.502612381081303,2.514363434145684
-2.21961584,2.502612381081303,2.514363434145684
-2.21929848,2.503548981998673,2.515299211735859
-2.21898112,2.503548981998673,2.514363434145684
-2.21866376,2.502612381081303,2.514363434145684
-2.2183464,2.502612381081303,2.514363434145685
-2.21802904,2.503548981998673,2.515299211735859
-2.21771168,2.503548981998673,2.515299211735859
-2.21739432,2.504485582916045,2.515299211735859
-2.21707696,2.504485582916045,2.514363434145684
-2.2167596,2.504485582916045,2.515299211735858
-2.21644224,2.505422183833415,2.515299211735859
-2.21612488,2.504485582916045,2.515299211735859
-2.21580752,2.504485582916045,2.515299211735859
-2.21549016,2.504485582916045,2.515299211735859
-2.2151728,2.504485582916045,2.515299211735859
-2.21485544,2.503548981998673,2.515299211735859
-2.21453808,2.503548981998673,2.515299211735859
-2.21422072,2.502612381081303,2.515299211735859
-2.21390336,2.503548981998673,2.515299211735859
-2.213586,2.504485582916045,2.516234989326033
-2.21326864,2.504485582916045,2.515299211735859
-2.21295128,2.503548981998673,2.515299211735859
-2.21263392,2.504485582916045,2.516234989326033
-2.21231656,2.503548981998674,2.516234989326033
-2.2119992,2.503548981998673,2.516234989326032
-2.21168184,2.503548981998673,2.515299211735859
-2.21136448,2.504485582916045,2.515299211735859
-2.21104712,2.505422183833416,2.516234989326033
-2.21072976,2.504485582916045,2.516234989326033
-2.2104124,2.504485582916045,2.516234989326033
-2.21009504,2.504485582916046,2.516234989326033
-2.20977768,2.505422183833415,2.516234989326033
-2.20946032,2.504485582916045,2.516234989326033
-2.20914296,2.504485582916045,2.516234989326033
-2.2088256,2.503548981998673,2.516234989326033
-2.20850824,2.504485582916045,2.516234989326033
-2.20819088,2.504485582916045,2.51529921173586
-2.20787352,2.503548981998674,2.515299211735859
-2.20755616,2.504485582916045,2.515299211735859
-2.2072388,2.504485582916045,2.516234989326033
-2.20692144,2.503548981998673,2.516234989326033
-2.20660408,2.504485582916045,2.516234989326033
-2.20628672,2.504485582916045,2.516234989326033
-2.20596936,2.503548981998674,2.516234989326033
-2.205652,2.504485582916045,2.516234989326033
-2.20533464,2.504485582916045,2.516234989326033
-2.20501728,2.505422183833416,2.517170766916207
-2.20469992,2.504485582916045,2.516234989326033
-2.20438256,2.504485582916045,2.515299211735859
-2.2040652,2.504485582916045,2.515299211735859
-2.20374784,2.504485582916045,2.515299211735859
-2.20343048,2.504485582916044,2.515299211735859
-2.20311312,2.503548981998673,2.515299211735859
-2.20279576,2.504485582916045,2.516234989326033
-2.2024784,2.504485582916045,2.515299211735859
-2.20216104,2.503548981998673,2.515299211735859
-2.20184368,2.504485582916044,2.515299211735859
-2.20152632,2.503548981998673,2.515299211735858
-2.20120896,2.503548981998673,2.514363434145684
-2.2008916,2.504485582916045,2.515299211735859
-2.20057424,2.504485582916045,2.515299211735859
-2.20025688,2.504485582916045,2.515299211735859
-2.19993952,2.504485582916045,2.515299211735859
-2.19962216,2.505422183833415,2.515299211735859
-2.1993048,2.505422183833415,2.51529921173586
-2.19898744,2.504485582916045,2.516234989326033
-2.19867008,2.504485582916045,2.516234989326033
-2.19835272,2.504485582916045,2.515299211735859
-2.19803536,2.505422183833416,2.515299211735859
-2.197718,2.505422183833416,2.515299211735859
-2.19740064,2.504485582916046,2.516234989326032
-2.19708328,2.505422183833416,2.515299211735859
-2.19676592,2.505422183833416,2.515299211735859
-2.19644856,2.505422183833416,2.516234989326033
-2.1961312,2.505422183833416,2.516234989326033
-2.19581384,2.505422183833416,2.515299211735859
-2.19549648,2.505422183833416,2.515299211735859
-2.19517912,2.506358784750785,2.515299211735859
-2.19486176,2.504485582916045,2.515299211735859
-2.1945444,2.505422183833416,2.515299211735859
-2.19422704,2.504485582916045,2.515299211735859
-2.19390968,2.505422183833416,2.515299211735859
-2.19359232,2.505422183833416,2.515299211735859
-2.19327496,2.505422183833416,2.515299211735859
-2.1929576,2.505422183833416,2.515299211735859
-2.19264024,2.505422183833416,2.515299211735859
-2.19232288,2.505422183833416,2.515299211735859
-2.19200552,2.505422183833416,2.515299211735859
-2.19168816,2.505422183833416,2.515299211735859
-2.1913708,2.504485582916046,2.515299211735859
-2.19105344,2.504485582916045,2.515299211735859
-2.19073608,2.504485582916045,2.515299211735859
-2.19041872,2.504485582916045,2.515299211735859
-2.19010136,2.503548981998673,2.515299211735859
-2.189784,2.504485582916045,2.515299211735859
-2.18946664,2.503548981998673,2.515299211735859
-2.18914928,2.502612381081303,2.514363434145685
-2.18883192,2.503548981998674,2.514363434145684
-2.18851456,2.504485582916045,2.514363434145684
-2.1881972,2.504485582916045,2.514363434145684
-2.18787984,2.504485582916045,2.515299211735859
-2.18756248,2.503548981998673,2.514363434145684
-2.18724512,2.503548981998673,2.515299211735858
-2.18692776,2.504485582916044,2.514363434145685
-2.1866104,2.504485582916045,2.514363434145684
-2.18629304,2.504485582916045,2.514363434145684
-2.18597568,2.505422183833416,2.515299211735859
-2.18565832,2.503548981998673,2.515299211735859
-2.18534096,2.505422183833416,2.515299211735859
-2.1850236,2.504485582916046,2.514363434145685
-2.18470624,2.505422183833416,2.515299211735859
-2.18438888,2.505422183833416,2.515299211735859
-2.18407152,2.505422183833416,2.515299211735859
-2.18375416,2.505422183833416,2.515299211735859
-2.1834368,2.505422183833416,2.515299211735859
-2.18311944,2.505422183833416,2.515299211735859
-2.18280208,2.506358784750786,2.516234989326032
-2.18248472,2.505422183833416,2.515299211735859
-2.18216736,2.505422183833416,2.515299211735859
-2.18185,2.505422183833416,2.515299211735859
-2.18153264,2.505422183833416,2.515299211735859
-2.18121528,2.506358784750787,2.515299211735859
-2.18089792,2.505422183833417,2.515299211735859
-2.18058056,2.506358784750786,2.516234989326032
-2.1802632,2.505422183833416,2.515299211735859
-2.17994584,2.505422183833416,2.515299211735859
-2.17962848,2.506358784750787,2.516234989326033
-2.17931112,2.506358784750787,2.516234989326033
-2.17899376,2.506358784750787,2.516234989326033
-2.1786764,2.505422183833417,2.516234989326033
-2.17835904,2.505422183833416,2.516234989326033
-2.17804168,2.505422183833416,2.516234989326033
-2.17772432,2.505422183833416,2.516234989326033
-2.17740696,2.505422183833416,2.516234989326033
-2.1770896,2.504485582916045,2.516234989326033
-2.17677224,2.503548981998673,2.516234989326033
-2.17645488,2.505422183833414,2.516234989326033
-2.17613752,2.504485582916046,2.516234989326033
-2.17582016,2.505422183833416,2.516234989326033
-2.1755028,2.505422183833416,2.516234989326033
-2.17518544,2.505422183833416,2.516234989326033
-2.17486808,2.506358784750787,2.517170766916207
-2.17455072,2.505422183833417,2.517170766916207
-2.17423336,2.505422183833416,2.516234989326033
-2.173916,2.505422183833415,2.516234989326033
-2.17359864,2.504485582916045,2.516234989326033
-2.17328128,2.504485582916045,2.516234989326033
-2.17296392,2.505422183833416,2.518106544506382
-2.17264656,2.504485582916045,2.516234989326033
-2.1723292,2.505422183833415,2.517170766916206
-2.17201184,2.505422183833417,2.517170766916207
-2.17169448,2.506358784750787,2.517170766916207
-2.17137712,2.505422183833416,2.517170766916207
-2.17105976,2.505422183833416,2.517170766916207
-2.1707424,2.505422183833416,2.517170766916207
-2.17042504,2.504485582916045,2.517170766916207
-2.17010768,2.504485582916045,2.517170766916207
-2.16979032,2.505422183833416,2.517170766916207
-2.16947296,2.505422183833416,2.517170766916207
-2.1691556,2.506358784750787,2.517170766916207
-2.16883824,2.505422183833416,2.517170766916207
-2.16852088,2.506358784750787,2.517170766916207
-2.16820352,2.506358784750787,2.517170766916207
-2.16788616,2.505422183833417,2.517170766916207
-2.1675688,2.505422183833416,2.517170766916208
-2.16725144,2.505422183833416,2.518106544506382
-2.16693408,2.504485582916045,2.517170766916207
-2.16661672,2.505422183833416,2.517170766916207
-2.16629936,2.505422183833416,2.517170766916207
-2.165982,2.505422183833416,2.517170766916207
-2.16566464,2.506358784750788,2.518106544506383
-2.16534728,2.507295385668158,2.519042322096555
-2.16502992,2.507295385668158,2.518106544506382
-2.16471256,2.507295385668158,2.517170766916207
-2.1643952,2.507295385668158,2.517170766916207
-2.16407784,2.506358784750787,2.517170766916207
-2.16376048,2.506358784750787,2.517170766916207
-2.16344312,2.506358784750786,2.517170766916207
-2.16312576,2.505422183833416,2.517170766916207
-2.1628084,2.506358784750787,2.517170766916207
-2.16249104,2.507295385668158,2.517170766916207
-2.16217368,2.507295385668158,2.518106544506382
-2.16185632,2.506358784750788,2.517170766916208
-2.16153896,2.507295385668157,2.518106544506381
-2.1612216,2.507295385668158,2.518106544506382
-2.16090424,2.507295385668158,2.518106544506382
-2.16058688,2.506358784750787,2.518106544506382
-2.16026952,2.507295385668158,2.518106544506382
-2.15995216,2.506358784750787,2.518106544506382
-2.1596348,2.507295385668157,2.518106544506382
-2.15931744,2.507295385668157,2.518106544506382
-2.15900008,2.506358784750787,2.518106544506382
-2.15868272,2.505422183833416,2.518106544506382
-2.15836536,2.505422183833416,2.518106544506382
-2.158048,2.507295385668158,2.518106544506382
-2.15773064,2.507295385668158,2.518106544506382
-2.15741328,2.505422183833418,2.517170766916208
-2.15709592,2.505422183833417,2.517170766916207
-2.15677856,2.506358784750787,2.517170766916207
-2.1564612,2.507295385668158,2.518106544506382
-2.15614384,2.506358784750787,2.517170766916207
-2.15582648,2.507295385668158,2.517170766916207
-2.15550912,2.507295385668158,2.517170766916207
-2.15519176,2.506358784750788,2.517170766916207
-2.1548744,2.507295385668157,2.517170766916207
-2.15455704,2.506358784750787,2.517170766916207
-2.15423968,2.506358784750787,2.517170766916207
-2.15392232,2.507295385668158,2.517170766916207
-2.15360496,2.506358784750787,2.517170766916207
-2.1532876,2.506358784750787,2.517170766916207
-2.15297024,2.506358784750787,2.516234989326033
-2.15265288,2.506358784750787,2.516234989326033
-2.15233552,2.505422183833416,2.516234989326033
-2.15201816,2.507295385668158,2.517170766916207
-2.1517008,2.506358784750787,2.516234989326033
-2.15138344,2.506358784750787,2.516234989326033
-2.15106608,2.506358784750787,2.516234989326033
-2.15074872,2.506358784750786,2.515299211735859
-2.15043136,2.505422183833416,2.515299211735859
-2.150114,2.505422183833416,2.516234989326033
-2.14979664,2.505422183833416,2.516234989326033
-2.14947928,2.506358784750787,2.517170766916207
-2.14916192,2.506358784750787,2.516234989326033
-2.14884456,2.506358784750786,2.516234989326033
-2.1485272,2.505422183833417,2.516234989326033
-2.14820984,2.506358784750787,2.516234989326033
-2.14789248,2.505422183833416,2.516234989326033
-2.14757512,2.506358784750787,2.516234989326033
-2.14725776,2.506358784750787,2.515299211735859
-2.1469404,2.505422183833417,2.515299211735859
-2.14662304,2.505422183833416,2.516234989326033
-2.14630568,2.505422183833416,2.516234989326033
-2.14598832,2.505422183833416,2.515299211735859
-2.14567096,2.505422183833416,2.516234989326033
-2.1453536,2.506358784750787,2.516234989326033
-2.14503624,2.506358784750787,2.516234989326033
-2.14471888,2.506358784750787,2.516234989326033
-2.14440152,2.506358784750786,2.517170766916206
-2.14408416,2.505422183833416,2.516234989326033
-2.1437668,2.506358784750787,2.516234989326033
-2.14344944,2.506358784750787,2.515299211735859
-2.14313208,2.507295385668158,2.515299211735859
-2.14281472,2.505422183833418,2.516234989326032
-2.14249736,2.506358784750786,2.516234989326033
-2.14218,2.505422183833417,2.516234989326033
-2.14186264,2.506358784750787,2.516234989326033
-2.14154528,2.507295385668158,2.516234989326033
-2.14122792,2.506358784750787,2.516234989326033
-2.14091056,2.506358784750787,2.516234989326033
-2.1405932,2.507295385668157,2.516234989326033
-2.14027584,2.507295385668157,2.51529921173586
-2.13995848,2.506358784750787,2.516234989326033
-2.13964112,2.506358784750787,2.516234989326033
-2.13932376,2.506358784750787,2.516234989326033
-2.1390064,2.507295385668158,2.515299211735859
-2.13868904,2.506358784750787,2.516234989326033
-2.13837168,2.505422183833417,2.516234989326033
-2.13805432,2.506358784750787,2.516234989326033
-2.13773696,2.506358784750787,2.516234989326033
-2.1374196,2.506358784750787,2.516234989326033
-2.13710224,2.505422183833416,2.516234989326033
-2.13678488,2.505422183833416,2.515299211735859
-2.13646752,2.506358784750786,2.516234989326032
-2.13615016,2.506358784750786,2.516234989326033
-2.1358328,2.505422183833416,2.516234989326032
-2.13551544,2.505422183833416,2.515299211735859
-2.13519808,2.506358784750787,2.516234989326033
-2.13488072,2.506358784750787,2.516234989326033
-2.13456336,2.506358784750787,2.516234989326033
-2.134246,2.505422183833417,2.516234989326033
-2.13392864,2.505422183833416,2.516234989326033
-2.13361128,2.505422183833416,2.516234989326033
-2.13329392,2.506358784750787,2.516234989326033
-2.13297656,2.506358784750787,2.516234989326033
-2.1326592,2.506358784750787,2.516234989326033
-2.13234184,2.505422183833416,2.516234989326033
-2.13202448,2.505422183833416,2.516234989326033
-2.13170712,2.505422183833416,2.517170766916206
-2.13138976,2.505422183833416,2.516234989326033
-2.1310724,2.505422183833416,2.516234989326033
-2.13075504,2.506358784750787,2.516234989326033
-2.13043768,2.505422183833416,2.516234989326033
-2.13012032,2.504485582916046,2.516234989326033
-2.12980296,2.505422183833416,2.515299211735858
-2.1294856,2.505422183833416,2.514363434145684
-2.12916824,2.505422183833416,2.516234989326033
-2.12885088,2.505422183833416,2.516234989326033
-2.12853352,2.505422183833416,2.515299211735859
-2.12821616,2.506358784750787,2.516234989326033
-2.1278988,2.505422183833417,2.516234989326033
-2.12758144,2.506358784750787,2.516234989326033
-2.12726408,2.506358784750787,2.516234989326033
-2.12694672,2.506358784750787,2.516234989326033
-2.12662936,2.506358784750787,2.515299211735859
-2.126312,2.506358784750787,2.515299211735859
-2.12599464,2.505422183833417,2.516234989326032
-2.12567728,2.506358784750786,2.516234989326033
-2.12535992,2.506358784750787,2.517170766916206
-2.12504256,2.506358784750787,2.516234989326033
-2.1247252,2.505422183833416,2.515299211735859
-2.12440784,2.506358784750787,2.515299211735859
-2.12409048,2.506358784750787,2.515299211735859
-2.12377312,2.505422183833417,2.516234989326032
-2.12345576,2.506358784750786,2.516234989326033
-2.1231384,2.505422183833416,2.516234989326033
-2.12282104,2.505422183833416,2.516234989326033
-2.12250368,2.505422183833416,2.516234989326033
-2.12218632,2.505422183833416,2.515299211735859
-2.12186896,2.506358784750787,2.515299211735859
-2.1215516,2.505422183833417,2.515299211735859
-2.12123424,2.505422183833417,2.515299211735859
-2.12091688,2.506358784750787,2.515299211735859
-2.12059952,2.505422183833416,2.515299211735859
-2.12028216,2.506358784750787,2.515299211735859
-2.1199648,2.505422183833416,2.515299211735859
-2.11964744,2.505422183833416,2.515299211735859
-2.11933008,2.506358784750786,2.515299211735859
-2.11901272,2.506358784750786,2.515299211735859
-2.11869536,2.505422183833416,2.515299211735859
-2.118378,2.505422183833416,2.515299211735859
-2.11806064,2.506358784750787,2.515299211735859
-2.11774328,2.505422183833416,2.515299211735859
-2.11742592,2.506358784750786,2.515299211735859
-2.11710856,2.506358784750786,2.51529921173586
-2.1167912,2.505422183833416,2.516234989326033
-2.11647384,2.506358784750787,2.516234989326033
-2.11615648,2.506358784750787,2.515299211735859
-2.11583912,2.506358784750787,2.515299211735859
-2.11552176,2.506358784750787,2.515299211735859
-2.1152044,2.505422183833417,2.515299211735859
-2.11488704,2.506358784750787,2.51529921173586
-2.11456968,2.506358784750787,2.516234989326033
-2.11425232,2.505422183833416,2.516234989326033
-2.11393496,2.506358784750787,2.516234989326033
-2.1136176,2.505422183833416,2.515299211735859
-2.11330024,2.504485582916046,2.515299211735859
-2.11298288,2.505422183833415,2.514363434145685
-2.11266552,2.504485582916046,2.515299211735859
-2.11234816,2.505422183833416,2.515299211735859
-2.1120308,2.504485582916045,2.514363434145684
-2.11171344,2.504485582916045,2.515299211735859
-2.11139608,2.504485582916045,2.515299211735859
-2.11107872,2.504485582916045,2.515299211735859
-2.11076136,2.505422183833416,2.516234989326032
-2.110444,2.505422183833416,2.515299211735859
-2.11012664,2.505422183833416,2.515299211735859
-2.10980928,2.505422183833416,2.515299211735859
-2.10949192,2.506358784750787,2.515299211735859
-2.10917456,2.505422183833416,2.515299211735859
-2.1088572,2.505422183833416,2.515299211735859
-2.10853984,2.505422183833417,2.51529921173586
-2.10822248,2.506358784750787,2.516234989326033
-2.10790512,2.506358784750787,2.516234989326033
-2.10758776,2.506358784750787,2.516234989326033
-2.1072704,2.505422183833416,2.516234989326033
-2.10695304,2.505422183833416,2.51529921173586
-2.10663568,2.506358784750786,2.516234989326032
-2.10631832,2.505422183833417,2.51529921173586
-2.10600096,2.506358784750787,2.516234989326033
-2.1056836,2.506358784750787,2.515299211735859
-2.10536624,2.505422183833416,2.515299211735859
-2.10504888,2.505422183833416,2.515299211735859
-2.10473152,2.506358784750786,2.516234989326032
-2.10441416,2.506358784750787,2.515299211735859
-2.1040968,2.506358784750787,2.515299211735859
-2.10377944,2.505422183833416,2.515299211735859
-2.10346208,2.505422183833416,2.515299211735859
-2.10314472,2.505422183833416,2.516234989326033
-2.10282736,2.506358784750787,2.516234989326033
-2.10251,2.506358784750787,2.51529921173586
-2.10219264,2.505422183833417,2.51529921173586
-2.10187528,2.506358784750787,2.516234989326033
-2.10155792,2.505422183833416,2.515299211735859
-2.10124056,2.506358784750787,2.516234989326033
-2.1009232,2.506358784750787,2.516234989326033
-2.10060584,2.507295385668157,2.51529921173586
-2.10028848,2.506358784750786,2.515299211735859
-2.09997112,2.505422183833416,2.515299211735858
-2.09965376,2.505422183833416,2.514363434145684
-2.0993364,2.506358784750787,2.514363434145684
-2.09901904,2.505422183833416,2.515299211735859
-2.09870168,2.505422183833416,2.514363434145684
-2.09838432,2.505422183833416,2.514363434145684
-2.09806696,2.505422183833416,2.514363434145684
-2.0977496,2.505422183833416,2.514363434145684
-2.09743224,2.505422183833416,2.515299211735859
-2.09711488,2.505422183833416,2.515299211735859
-2.09679752,2.506358784750787,2.516234989326033
-2.09648016,2.506358784750787,2.516234989326033
-2.0961628,2.505422183833417,2.51529921173586
-2.09584544,2.505422183833416,2.516234989326033
-2.09552808,2.505422183833416,2.516234989326033
-2.09521072,2.505422183833416,2.515299211735859
-2.09489336,2.505422183833416,2.515299211735859
-2.094576,2.505422183833416,2.515299211735859
-2.09425864,2.505422183833416,2.515299211735859
-2.09394128,2.505422183833416,2.515299211735859
-2.09362392,2.505422183833416,2.515299211735859
-2.09330656,2.505422183833416,2.515299211735859
-2.0929892,2.505422183833416,2.515299211735859
-2.09267184,2.506358784750787,2.515299211735859
-2.09235448,2.506358784750787,2.515299211735859
-2.09203712,2.506358784750787,2.515299211735859
-2.09171976,2.506358784750786,2.515299211735859
-2.0914024,2.505422183833416,2.515299211735859
-2.09108504,2.505422183833416,2.515299211735859
-2.09076768,2.505422183833416,2.515299211735859
-2.09045032,2.505422183833416,2.515299211735859
-2.09013296,2.505422183833416,2.515299211735859
-2.0898156,2.504485582916046,2.514363434145685
-2.08949824,2.505422183833416,2.514363434145685
-2.08918088,2.505422183833416,2.515299211735859
-2.08886352,2.505422183833416,2.515299211735859
-2.08854616,2.506358784750787,2.515299211735859
-2.0882288,2.506358784750787,2.516234989326033
-2.08791144,2.506358784750787,2.516234989326033
-2.08759408,2.505422183833417,2.51529921173586
-2.08727672,2.506358784750787,2.516234989326032
-2.08695936,2.506358784750787,2.515299211735859
-2.086642,2.506358784750787,2.515299211735859
-2.08632464,2.505422183833416,2.515299211735859
-2.08600728,2.506358784750787,2.515299211735859
-2.08568992,2.506358784750787,2.515299211735859
-2.08537256,2.505422183833416,2.515299211735859
-2.0850552,2.505422183833416,2.515299211735859
-2.08473784,2.506358784750787,2.515299211735859
-2.08442048,2.506358784750787,2.515299211735859
-2.08410312,2.506358784750787,2.515299211735859
-2.08378576,2.505422183833416,2.515299211735859
-2.0834684,2.505422183833416,2.515299211735859
-2.08315104,2.505422183833416,2.515299211735859
-2.08283368,2.505422183833416,2.515299211735859
-2.08251632,2.504485582916045,2.514363434145684
-2.08219896,2.504485582916045,2.514363434145684
-2.0818816,2.504485582916045,2.514363434145684
-2.08156424,2.504485582916045,2.515299211735858
-2.08124688,2.504485582916046,2.515299211735859
-2.08092952,2.505422183833415,2.515299211735859
-2.08061216,2.504485582916045,2.515299211735859
-2.0802948,2.504485582916045,2.515299211735859
-2.07997744,2.505422183833416,2.514363434145684
-2.07966008,2.505422183833416,2.515299211735859
-2.07934272,2.505422183833416,2.515299211735859
-2.07902536,2.505422183833415,2.515299211735858
-2.078708,2.504485582916045,2.514363434145684
-2.07839064,2.504485582916045,2.514363434145684
-2.07807328,2.504485582916045,2.514363434145684
-2.07775592,2.505422183833416,2.515299211735859
-2.07743856,2.505422183833416,2.515299211735859
-2.0771212,2.505422183833416,2.515299211735859
-2.07680384,2.505422183833416,2.51529921173586
-2.07648648,2.505422183833416,2.516234989326033
-2.07616912,2.506358784750787,2.516234989326033
-2.07585176,2.505422183833416,2.515299211735859
-2.0755344,2.505422183833416,2.515299211735859
-2.07521704,2.505422183833416,2.515299211735859
-2.07489968,2.505422183833416,2.515299211735859
-2.07458232,2.505422183833417,2.51529921173586
-2.07426496,2.506358784750787,2.516234989326033
-2.0739476,2.505422183833416,2.515299211735859
-2.07363024,2.506358784750787,2.515299211735859
-2.07331288,2.506358784750787,2.515299211735859
-2.07299552,2.507295385668157,2.516234989326032
-2.07267816,2.507295385668158,2.516234989326033
-2.0723608,2.507295385668158,2.516234989326033
-2.07204344,2.507295385668158,2.516234989326033
-2.07172608,2.507295385668158,2.516234989326033
-2.07140872,2.506358784750787,2.516234989326033
-2.07109136,2.505422183833417,2.51529921173586
-2.070774,2.506358784750786,2.515299211735859
-2.07045664,2.506358784750787,2.51529921173586
-2.07013928,2.506358784750787,2.516234989326033
-2.06982192,2.505422183833416,2.515299211735859
-2.06950456,2.505422183833416,2.515299211735859
-2.0691872,2.505422183833416,2.515299211735859
-2.06886984,2.504485582916046,2.515299211735859
-2.06855248,2.506358784750787,2.516234989326032
-2.06823512,2.506358784750787,2.515299211735859
-2.06791776,2.505422183833416,2.515299211735859
-2.0676004,2.506358784750787,2.515299211735859
-2.06728304,2.506358784750787,2.515299211735859
-2.06696568,2.506358784750787,2.515299211735859
-2.06664832,2.505422183833417,2.516234989326032
-2.06633096,2.506358784750787,2.516234989326032
-2.0660136,2.506358784750787,2.515299211735859
-2.06569624,2.506358784750787,2.516234989326033
-2.06537888,2.505422183833416,2.516234989326033
-2.06506152,2.506358784750787,2.516234989326033
-2.06474416,2.506358784750787,2.516234989326033
-2.0644268,2.506358784750787,2.51529921173586
-2.06410944,2.506358784750787,2.515299211735859
-2.06379208,2.506358784750787,2.515299211735859
-2.06347472,2.506358784750787,2.515299211735859
-2.06315736,2.506358784750787,2.515299211735859
-2.06284,2.506358784750787,2.516234989326033
-2.06252264,2.506358784750787,2.516234989326033
-2.06220528,2.505422183833417,2.516234989326033
-2.06188792,2.506358784750787,2.516234989326033
-2.06157056,2.506358784750787,2.516234989326033
-2.0612532,2.507295385668158,2.516234989326033
-2.06093584,2.506358784750787,2.516234989326033
-2.06061848,2.506358784750787,2.516234989326033
-2.06030112,2.506358784750787,2.516234989326033
-2.05998376,2.507295385668158,2.516234989326033
-2.0596664,2.507295385668158,2.516234989326033
-2.05934904,2.506358784750787,2.516234989326033
-2.05903168,2.506358784750787,2.517170766916207
-2.05871432,2.507295385668158,2.516234989326033
-2.05839696,2.507295385668158,2.517170766916206
-2.0580796,2.507295385668158,2.517170766916207
-2.05776224,2.507295385668158,2.517170766916207
-2.05744488,2.507295385668158,2.517170766916207
-2.05712752,2.507295385668158,2.517170766916207
-2.05681016,2.506358784750787,2.516234989326033
-2.0564928,2.506358784750787,2.517170766916207
-2.05617544,2.507295385668157,2.518106544506381
-2.05585808,2.507295385668157,2.518106544506382
-2.05554072,2.506358784750787,2.518106544506382
-2.05522336,2.507295385668158,2.518106544506382
-2.054906,2.507295385668158,2.518106544506382
-2.05458864,2.507295385668158,2.517170766916207
-2.05427128,2.507295385668158,2.517170766916207
-2.05395392,2.507295385668158,2.518106544506381
-2.05363656,2.507295385668157,2.517170766916207
-2.0533192,2.506358784750787,2.517170766916207
-2.05300184,2.507295385668158,2.516234989326033
-2.05268448,2.507295385668158,2.517170766916207
-2.05236712,2.506358784750787,2.517170766916207
-2.05204976,2.507295385668157,2.517170766916207
-2.0517324,2.506358784750788,2.517170766916207
-2.05141504,2.506358784750788,2.518106544506382
-2.05109768,2.507295385668158,2.518106544506382
-2.05078032,2.507295385668158,2.517170766916207
-2.05046296,2.506358784750787,2.517170766916207
-2.0501456,2.506358784750787,2.517170766916207
-2.04982824,2.507295385668157,2.517170766916207
-2.04951088,2.507295385668157,2.517170766916207
-2.04919352,2.506358784750787,2.517170766916207
-2.04887616,2.507295385668158,2.517170766916207
-2.0485588,2.507295385668158,2.517170766916207
-2.04824144,2.506358784750787,2.516234989326033
-2.04792408,2.507295385668158,2.517170766916207
-2.04760672,2.507295385668158,2.517170766916207
-2.04728936,2.507295385668158,2.517170766916206
-2.046972,2.507295385668158,2.516234989326033
-2.04665464,2.506358784750787,2.516234989326033
-2.04633728,2.506358784750787,2.517170766916207
-2.04601992,2.507295385668158,2.517170766916207
-2.04570256,2.506358784750788,2.518106544506381
-2.0453852,2.507295385668157,2.518106544506382
-2.04506784,2.507295385668159,2.518106544506382
-2.04475048,2.508231986585529,2.518106544506382
-2.04443312,2.507295385668158,2.518106544506382
-2.04411576,2.506358784750787,2.518106544506382
-2.0437984,2.506358784750787,2.517170766916207
-2.04348104,2.507295385668157,2.518106544506381
-2.04316368,2.508231986585528,2.518106544506382
-2.04284632,2.507295385668158,2.518106544506382
-2.04252896,2.507295385668158,2.517170766916207
-2.0422116,2.506358784750787,2.517170766916207
-2.04189424,2.506358784750787,2.519042322096555
-2.04157688,2.506358784750787,2.517170766916207
-2.04125952,2.506358784750787,2.518106544506381
-2.04094216,2.506358784750787,2.518106544506381
-2.0406248,2.506358784750787,2.517170766916207
-2.04030744,2.507295385668158,2.518106544506382
-2.03999008,2.507295385668158,2.517170766916207
-2.03967272,2.506358784750787,2.516234989326033
-2.03935536,2.507295385668157,2.517170766916206
-2.039038,2.506358784750787,2.517170766916207
-2.03872064,2.506358784750786,2.517170766916207
-2.03840328,2.505422183833416,2.517170766916207
-2.03808592,2.506358784750787,2.517170766916207
-2.03776856,2.505422183833416,2.517170766916207
-2.0374512,2.506358784750787,2.518106544506382
-2.03713384,2.506358784750787,2.517170766916208
-2.03681648,2.506358784750786,2.517170766916207
-2.03649912,2.505422183833416,2.517170766916207
-2.03618176,2.505422183833416,2.517170766916207
-2.0358644,2.506358784750787,2.517170766916207
-2.03554704,2.506358784750787,2.517170766916207
-2.03522968,2.505422183833416,2.517170766916207
-2.03491232,2.506358784750786,2.517170766916207
-2.03459496,2.506358784750787,2.517170766916207
-2.0342776,2.506358784750787,2.517170766916207
-2.03396024,2.507295385668158,2.516234989326033
-2.03364288,2.506358784750787,2.517170766916207
-2.03332552,2.506358784750787,2.516234989326033
-2.03300816,2.507295385668157,2.516234989326033
-2.0326908,2.506358784750787,2.517170766916206
-2.03237344,2.506358784750787,2.516234989326034
-2.03205608,2.506358784750787,2.518106544506382
-2.03173872,2.506358784750787,2.518106544506382
-2.03142136,2.506358784750787,2.518106544506382
-2.031104,2.507295385668158,2.518106544506382
-2.03078664,2.506358784750788,2.517170766916208
-2.03046928,2.507295385668157,2.518106544506381
-2.03015192,2.506358784750787,2.517170766916207
-2.02983456,2.506358784750787,2.517170766916207
-2.0295172,2.507295385668158,2.518106544506382
-2.02919984,2.507295385668158,2.519042322096555
-2.02888248,2.507295385668158,2.517170766916207
-2.02856512,2.506358784750788,2.517170766916207
-2.02824776,2.506358784750788,2.518106544506382
-2.0279304,2.507295385668158,2.518106544506382
-2.02761304,2.508231986585529,2.518106544506382
-2.02729568,2.507295385668158,2.517170766916207
-2.02697832,2.507295385668158,2.518106544506382
-2.02666096,2.507295385668158,2.518106544506382
-2.0263436,2.506358784750788,2.517170766916207
-2.02602624,2.508231986585528,2.517170766916206
-2.02570888,2.507295385668158,2.516234989326033
-2.02539152,2.507295385668158,2.517170766916207
-2.02507416,2.507295385668158,2.517170766916207
-2.0247568,2.508231986585529,2.517170766916207
-2.02443944,2.506358784750788,2.517170766916207
-2.02412208,2.507295385668159,2.518106544506382
-2.02380472,2.508231986585529,2.518106544506382
-2.02348736,2.508231986585529,2.517170766916207
-2.02317,2.508231986585529,2.518106544506382
-2.02285264,2.508231986585529,2.518106544506382
-2.02253528,2.507295385668158,2.518106544506382
-2.02221792,2.507295385668158,2.518106544506382
-2.02190056,2.507295385668158,2.519042322096554
-2.0215832,2.507295385668158,2.517170766916207
-2.02126584,2.507295385668158,2.518106544506382
-2.02094848,2.507295385668158,2.519042322096555
-2.02063112,2.507295385668158,2.519042322096555
-2.02031376,2.507295385668158,2.519042322096555
-2.0199964,2.507295385668158,2.519042322096555
-2.01967904,2.507295385668158,2.519042322096555
-2.01936168,2.507295385668158,2.519042322096555
-2.01904432,2.507295385668158,2.519042322096555
-2.01872696,2.507295385668158,2.519042322096555
-2.0184096,2.508231986585529,2.519042322096555
-2.01809224,2.508231986585529,2.519042322096555
-2.01777488,2.508231986585529,2.519042322096556
-2.01745752,2.508231986585529,2.51997809968673
-2.01714016,2.507295385668158,2.51997809968673
-2.0168228,2.508231986585529,2.519042322096555
-2.01650544,2.507295385668158,2.519042322096555
-2.01618808,2.507295385668158,2.519042322096555
-2.01587072,2.507295385668158,2.519042322096555
-2.01555336,2.507295385668158,2.519042322096555
-2.015236,2.507295385668158,2.519042322096555
-2.01491864,2.506358784750787,2.519042322096555
-2.01460128,2.506358784750787,2.519042322096555
-2.01428392,2.506358784750787,2.519042322096555
-2.01396656,2.506358784750787,2.519042322096555
-2.0136492,2.506358784750787,2.519042322096555
-2.01333184,2.506358784750787,2.518106544506382
-2.01301448,2.507295385668158,2.519042322096555
-2.01269712,2.507295385668158,2.51997809968673
-2.01237976,2.507295385668158,2.51997809968673
-2.0120624,2.506358784750787,2.51997809968673
-2.01174504,2.506358784750787,2.51997809968673
-2.01142768,2.506358784750787,2.519978099686731
-2.01111032,2.506358784750787,2.520913877276904
-2.01079296,2.506358784750787,2.51997809968673
-2.0104756,2.506358784750787,2.520913877276904
-2.01015824,2.506358784750787,2.520913877276904
-2.00984088,2.506358784750787,2.520913877276904
-2.00952352,2.506358784750787,2.519978099686731
-2.00920616,2.505422183833416,2.51997809968673
-2.0088888,2.505422183833416,2.51997809968673
-2.00857144,2.505422183833416,2.51997809968673
-2.00825408,2.505422183833416,2.520913877276904
-2.00793672,2.505422183833416,2.51997809968673
-2.00761936,2.505422183833416,2.519042322096556
-2.007302,2.505422183833417,2.51997809968673
-2.00698464,2.506358784750787,2.51997809968673
-2.00666728,2.505422183833416,2.51997809968673
-2.00634992,2.505422183833416,2.51997809968673
-2.00603256,2.505422183833416,2.520913877276904
-2.0057152,2.506358784750787,2.51997809968673
-2.00539784,2.506358784750787,2.51997809968673
-2.00508048,2.505422183833416,2.520913877276904
-2.00476312,2.505422183833416,2.520913877276904
-2.00444576,2.506358784750787,2.520913877276904
-2.0041284,2.505422183833416,2.520913877276904
-2.00381104,2.506358784750787,2.520913877276904
-2.00349368,2.506358784750787,2.521849654867077
-2.00317632,2.506358784750787,2.521849654867078
-2.00285896,2.506358784750788,2.520913877276905
-2.0025416,2.507295385668158,2.521849654867078
-2.00222424,2.506358784750787,2.521849654867078
-2.00190688,2.506358784750787,2.521849654867078
-2.00158952,2.506358784750787,2.521849654867078
-2.00127216,2.505422183833417,2.521849654867078
-2.0009548,2.505422183833416,2.522785432457253
-2.00063744,2.505422183833416,2.522785432457253
-2.00032008,2.506358784750787,2.522785432457253
-2.00000272,2.506358784750787,2.522785432457253
-1.99968536,2.506358784750787,2.521849654867078
-1.999368,2.506358784750787,2.522785432457253
-1.99905064,2.507295385668158,2.522785432457253
-1.99873328,2.507295385668158,2.523721210047427
-1.99841592,2.506358784750787,2.522785432457253
-1.99809856,2.506358784750787,2.522785432457253
-1.9977812,2.505422183833416,2.521849654867078
-1.99746384,2.505422183833416,2.522785432457253
-1.99714648,2.505422183833416,2.522785432457253
-1.99682912,2.505422183833416,2.522785432457253
-1.99651176,2.505422183833416,2.522785432457253
-1.9961944,2.505422183833416,2.521849654867078
-1.99587704,2.506358784750787,2.522785432457253
-1.99555968,2.505422183833416,2.522785432457253
-1.99524232,2.505422183833416,2.522785432457253
-1.99492496,2.505422183833416,2.522785432457253
-1.9946076,2.505422183833416,2.523721210047427
-1.99429024,2.505422183833416,2.523721210047427
-1.99397288,2.505422183833416,2.523721210047427
-1.99365552,2.505422183833416,2.522785432457253
-1.99333816,2.505422183833416,2.523721210047427
-1.9930208,2.504485582916045,2.523721210047427
-1.99270344,2.504485582916045,2.524656987637601
-1.99238608,2.504485582916045,2.524656987637601
-1.99206872,2.504485582916045,2.524656987637601
-1.99175136,2.503548981998673,2.524656987637601
-1.991434,2.504485582916045,2.524656987637601
-1.99111664,2.504485582916045,2.524656987637601
-1.99079928,2.503548981998673,2.524656987637601
-1.99048192,2.504485582916045,2.525592765227775
-1.99016456,2.504485582916045,2.525592765227775
-1.9898472,2.504485582916045,2.52652854281795
-1.98952984,2.504485582916045,2.52652854281795
-1.98921248,2.503548981998673,2.525592765227775
-1.98889512,2.504485582916045,2.52652854281795
-1.98857776,2.504485582916045,2.52652854281795
-1.9882604,2.503548981998673,2.525592765227775
-1.98794304,2.503548981998673,2.525592765227775
-1.98762568,2.503548981998673,2.52652854281795
-1.98730832,2.502612381081303,2.52652854281795
-1.98699096,2.503548981998673,2.527464320408124
-1.9866736,2.502612381081303,2.52652854281795
-1.98635624,2.502612381081303,2.52652854281795
-1.98603888,2.502612381081303,2.52652854281795
-1.98572152,2.502612381081303,2.52652854281795
-1.98540416,2.502612381081303,2.527464320408124
-1.9850868,2.502612381081303,2.52652854281795
-1.98476944,2.501675780163931,2.527464320408124
-1.98445208,2.501675780163931,2.527464320408124
-1.98413472,2.501675780163931,2.527464320408124
-1.98381736,2.501675780163931,2.527464320408124
-1.9835,2.501675780163931,2.527464320408124
-1.98318264,2.501675780163931,2.528400097998298
-1.98286528,2.501675780163931,2.528400097998298
-1.98254792,2.50073917924656,2.528400097998298
-1.98223056,2.50073917924656,2.528400097998298
-1.9819132,2.50073917924656,2.528400097998298
-1.98159584,2.499802578329189,2.528400097998298
-1.98127848,2.499802578329189,2.528400097998298
-1.98096112,2.499802578329189,2.528400097998298
-1.98064376,2.50073917924656,2.528400097998298
-1.9803264,2.499802578329189,2.529335875588473
-1.98000904,2.499802578329189,2.529335875588473
-1.97969168,2.499802578329189,2.528400097998298
-1.97937432,2.498865977411818,2.528400097998298
-1.97905696,2.498865977411818,2.529335875588473
-1.9787396,2.498865977411818,2.529335875588473
-1.97842224,2.498865977411818,2.528400097998298
-1.97810488,2.498865977411818,2.529335875588473
-1.97778752,2.498865977411818,2.529335875588473
-1.97747016,2.498865977411818,2.528400097998298
-1.9771528,2.497929376494447,2.528400097998298
-1.97683544,2.497929376494447,2.529335875588473
-1.97651808,2.496992775577076,2.530271653178646
-1.97620072,2.496992775577076,2.529335875588473
-1.97588336,2.497929376494447,2.529335875588473
-1.975566,2.496992775577076,2.529335875588473
-1.97524864,2.496992775577076,2.529335875588473
-1.97493128,2.496992775577076,2.529335875588473
-1.97461392,2.496056174659705,2.529335875588473
-1.97429656,2.496056174659705,2.529335875588473
-1.9739792,2.495119573742334,2.529335875588473
-1.97366184,2.495119573742334,2.529335875588473
-1.97334448,2.495119573742334,2.530271653178646
-1.97302712,2.495119573742334,2.529335875588473
-1.97270976,2.494182972824963,2.529335875588473
-1.9723924,2.494182972824963,2.530271653178646
-1.97207504,2.493246371907591,2.529335875588473
-1.97175768,2.493246371907591,2.529335875588473
-1.97144032,2.493246371907591,2.529335875588473
-1.97112296,2.494182972824963,2.529335875588473
-1.9708056,2.494182972824963,2.529335875588473
-1.97048824,2.493246371907591,2.529335875588473
-1.97017088,2.494182972824963,2.528400097998298
-1.96985352,2.493246371907591,2.529335875588473
-1.96953616,2.492309770990221,2.528400097998298
-1.9692188,2.491373170072849,2.528400097998298
-1.96890144,2.491373170072849,2.527464320408124
-1.96858408,2.492309770990221,2.527464320408124
-1.96826672,2.492309770990221,2.528400097998298
-1.96794936,2.491373170072849,2.528400097998298
-1.967632,2.491373170072849,2.527464320408124
-1.96731464,2.490436569155478,2.527464320408124
-1.96699728,2.490436569155478,2.527464320408124
-1.96667992,2.490436569155478,2.52652854281795
-1.96636256,2.490436569155478,2.527464320408124
-1.9660452,2.489499968238107,2.52652854281795
-1.96572784,2.489499968238107,2.52652854281795
-1.96541048,2.489499968238107,2.52652854281795
-1.96509312,2.488563367320736,2.525592765227775
-1.96477576,2.487626766403365,2.52652854281795
-1.9644584,2.487626766403365,2.52652854281795
-1.96414104,2.487626766403365,2.52652854281795
-1.96382368,2.487626766403365,2.525592765227775
-1.96350632,2.487626766403365,2.525592765227775
-1.96318896,2.488563367320736,2.525592765227775
-1.9628716,2.487626766403365,2.524656987637601
-1.96255424,2.487626766403365,2.524656987637601
-1.96223688,2.487626766403365,2.524656987637601
-1.96191952,2.487626766403365,2.524656987637601
-1.96160216,2.486690165485994,2.523721210047427
-1.9612848,2.486690165485994,2.523721210047427
-1.96096744,2.486690165485994,2.523721210047427
-1.96065008,2.486690165485994,2.523721210047427
-1.96033272,2.486690165485994,2.522785432457253
-1.96001536,2.486690165485994,2.522785432457253
-1.959698,2.485753564568623,2.521849654867078
-1.95938064,2.485753564568623,2.521849654867078
-1.95906328,2.486690165485994,2.521849654867078
-1.95874592,2.486690165485994,2.521849654867078
-1.95842856,2.485753564568623,2.521849654867078
-1.9581112,2.485753564568623,2.520913877276904
-1.95779384,2.484816963651252,2.51997809968673
-1.95747648,2.484816963651252,2.520913877276904
-1.95715912,2.485753564568623,2.520913877276904
-1.95684176,2.484816963651252,2.51997809968673
-1.9565244,2.484816963651252,2.519042322096555
-1.95620704,2.483880362733881,2.520913877276904
-1.95588968,2.484816963651252,2.51997809968673
-1.95557232,2.484816963651252,2.519042322096555
-1.95525496,2.485753564568623,2.51997809968673
-1.9549376,2.484816963651252,2.519042322096555
-1.95462024,2.483880362733881,2.519042322096555
-1.95430288,2.484816963651252,2.517170766916207
-1.95398552,2.484816963651252,2.517170766916207
-1.95366816,2.484816963651252,2.517170766916207
-1.9533508,2.484816963651252,2.517170766916207
-1.95303344,2.484816963651252,2.516234989326033
-1.95271608,2.484816963651252,2.515299211735859
-1.95239872,2.484816963651252,2.516234989326033
-1.95208136,2.483880362733881,2.515299211735859
-1.951764,2.484816963651252,2.514363434145684
-1.95144664,2.484816963651252,2.514363434145684
-1.95112928,2.483880362733881,2.51342765655551
-1.95081192,2.483880362733881,2.51342765655551
-1.95049456,2.484816963651252,2.512491878965336
-1.9501772,2.484816963651252,2.512491878965336
-1.94985984,2.484816963651252,2.511556101375161
-1.94954248,2.484816963651252,2.511556101375161
-1.94922512,2.483880362733881,2.510620323784988
-1.94890776,2.484816963651252,2.510620323784988
-1.9485904,2.483880362733881,2.510620323784988
-1.94827304,2.485753564568623,2.510620323784988
-1.94795568,2.485753564568623,2.509684546194813
-1.94763832,2.486690165485994,2.509684546194813
-1.94732096,2.485753564568623,2.507812991014465
-1.9470036,2.485753564568623,2.508748768604639
-1.94668624,2.485753564568623,2.507812991014465
-1.94636888,2.486690165485994,2.507812991014465
-1.94605152,2.486690165485994,2.50687721342429
-1.94573416,2.486690165485994,2.50687721342429
-1.9454168,2.486690165485994,2.50687721342429
-1.94509944,2.486690165485994,2.505941435834116
-1.94478208,2.487626766403365,2.505941435834116
-1.94446472,2.488563367320736,2.505941435834116
-1.94414736,2.488563367320736,2.505005658243942
-1.94383,2.489499968238107,2.504069880653768
-1.94351264,2.490436569155478,2.504069880653768
-1.94319528,2.489499968238107,2.503134103063593
-1.94287792,2.489499968238107,2.503134103063593
-1.94256056,2.490436569155478,2.503134103063593
-1.9422432,2.490436569155478,2.503134103063593
-1.94192584,2.490436569155478,2.502198325473419
-1.94160848,2.490436569155478,2.502198325473419
-1.94129112,2.491373170072849,2.502198325473419
-1.94097376,2.491373170072849,2.502198325473419
-1.9406564,2.491373170072849,2.501262547883245
-1.94033904,2.493246371907591,2.501262547883245
-1.94002168,2.493246371907591,2.50032677029307
-1.93970432,2.493246371907591,2.50032677029307
-1.93938696,2.493246371907591,2.499390992702897
-1.9390696,2.494182972824963,2.50032677029307
-1.93875224,2.495119573742334,2.499390992702897
-1.93843488,2.495119573742334,2.499390992702897
-1.93811752,2.496056174659705,2.499390992702897
-1.93780016,2.496056174659705,2.499390992702897
-1.9374828,2.496056174659705,2.499390992702897
-1.93716544,2.496056174659705,2.499390992702897
-1.93684808,2.496992775577076,2.498455215112722
-1.93653072,2.497929376494447,2.499390992702897
-1.93621336,2.497929376494447,2.498455215112722
-1.935896,2.498865977411818,2.498455215112722
-1.93557864,2.498865977411818,2.498455215112722
-1.93526128,2.498865977411818,2.497519437522548
-1.93494392,2.50073917924656,2.498455215112722
-1.93462656,2.50073917924656,2.498455215112722
-1.9343092,2.50073917924656,2.498455215112722
-1.93399184,2.501675780163931,2.498455215112722
-1.93367448,2.502612381081303,2.499390992702897
-1.93335712,2.502612381081303,2.498455215112722
-1.93303976,2.503548981998673,2.498455215112722
-1.9327224,2.504485582916045,2.498455215112722
-1.93240504,2.505422183833416,2.498455215112722
-1.93208768,2.505422183833416,2.498455215112722
-1.93177032,2.506358784750787,2.498455215112722
-1.93145296,2.506358784750787,2.498455215112722
-1.9311356,2.507295385668158,2.499390992702897
-1.93081824,2.507295385668158,2.498455215112722
-1.93050088,2.508231986585529,2.498455215112722
-1.93018352,2.508231986585529,2.498455215112722
-1.92986616,2.5091685875029,2.498455215112722
-1.9295488,2.508231986585529,2.498455215112722
-1.92923144,2.510105188420271,2.499390992702897
-1.92891408,2.510105188420271,2.499390992702897
-1.92859672,2.510105188420271,2.50032677029307
-1.92827936,2.511041789337642,2.50032677029307
-1.927962,2.511978390255013,2.501262547883245
-1.92764464,2.511978390255013,2.501262547883245
-1.92732728,2.512914991172384,2.501262547883245
-1.92700992,2.512914991172384,2.502198325473419
-1.92669256,2.514788193007127,2.502198325473419
-1.9263752,2.514788193007127,2.502198325473419
-1.92605784,2.513851592089755,2.502198325473419
-1.92574048,2.514788193007127,2.503134103063593
-1.92542312,2.515724793924498,2.503134103063593
-1.92510576,2.515724793924498,2.504069880653768
-1.9247884,2.516661394841869,2.505005658243942
-1.92447104,2.516661394841869,2.504069880653768
-1.92415368,2.516661394841869,2.504069880653768
-1.92383632,2.51759799575924,2.505005658243942
-1.92351896,2.51759799575924,2.505941435834116
-1.9232016,2.518534596676611,2.505941435834116
-1.92288424,2.518534596676611,2.50687721342429
-1.92256688,2.518534596676611,2.50687721342429
-1.92224952,2.518534596676611,2.507812991014465
-1.92193216,2.518534596676611,2.507812991014465
-1.9216148,2.518534596676611,2.507812991014465
-1.92129744,2.519471197593982,2.508748768604639
-1.92098008,2.518534596676611,2.509684546194813
-1.92066272,2.519471197593982,2.509684546194813
-1.92034536,2.519471197593982,2.510620323784988
-1.920028,2.520407798511353,2.510620323784988
-1.91971064,2.520407798511353,2.512491878965336
-1.91939328,2.520407798511353,2.512491878965336
-1.91907592,2.521344399428724,2.512491878965336
-1.91875856,2.521344399428724,2.51342765655551
-1.9184412,2.521344399428724,2.51342765655551
-1.91812384,2.521344399428724,2.514363434145684
-1.91780648,2.520407798511353,2.515299211735859
-1.91748912,2.521344399428724,2.515299211735859
-1.91717176,2.521344399428724,2.515299211735859
-1.9168544,2.521344399428724,2.515299211735859
-1.91653704,2.521344399428724,2.516234989326033
-1.91621968,2.520407798511353,2.517170766916207
-1.91590232,2.521344399428724,2.517170766916207
-1.91558496,2.521344399428724,2.518106544506382
-1.9152676,2.520407798511353,2.518106544506382
-1.91495024,2.520407798511353,2.518106544506382
-1.91463288,2.520407798511353,2.519042322096555
-1.91431552,2.520407798511353,2.51997809968673
-1.91399816,2.519471197593982,2.51997809968673
-1.9136808,2.519471197593982,2.520913877276904
-1.91336344,2.519471197593982,2.520913877276904
-1.91304608,2.519471197593982,2.521849654867078
-1.91272872,2.518534596676611,2.521849654867078
-1.91241136,2.51759799575924,2.522785432457253
-1.912094,2.516661394841869,2.522785432457253
-1.91177664,2.51759799575924,2.524656987637601
-1.91145928,2.516661394841869,2.524656987637601
-1.91114192,2.516661394841869,2.525592765227775
-1.91082456,2.51759799575924,2.525592765227775
-1.9105072,2.515724793924498,2.525592765227775
-1.91018984,2.514788193007127,2.52652854281795
-1.90987248,2.514788193007127,2.52652854281795
-1.90955512,2.513851592089755,2.527464320408124
-1.90923776,2.512914991172384,2.527464320408124
-1.9089204,2.512914991172384,2.527464320408124
-1.90860304,2.512914991172384,2.527464320408124
-1.90828568,2.511041789337642,2.528400097998298
-1.90796832,2.5091685875029,2.529335875588473
-1.90765096,2.510105188420271,2.529335875588473
-1.9073336,2.510105188420271,2.529335875588473
-1.90701624,2.5091685875029,2.529335875588473
-1.90669888,2.508231986585529,2.530271653178646
-1.90638152,2.507295385668158,2.530271653178646
-1.90606416,2.507295385668158,2.530271653178646
-1.9057468,2.506358784750787,2.530271653178646
-1.90542944,2.506358784750787,2.531207430768821
-1.90511208,2.505422183833416,2.531207430768821
-1.90479472,2.505422183833416,2.531207430768821
-1.90447736,2.504485582916045,2.531207430768821
-1.90416,2.504485582916045,2.531207430768821
-1.90384264,2.503548981998673,2.532143208358995
-1.90352528,2.503548981998673,2.531207430768821
-1.90320792,2.502612381081303,2.531207430768821
-1.90289056,2.501675780163931,2.532143208358995
-1.9025732,2.501675780163931,2.532143208358995
-1.90225584,2.50073917924656,2.531207430768821
-1.90193848,2.50073917924656,2.532143208358995
-1.90162112,2.498865977411818,2.530271653178646
-1.90130376,2.498865977411818,2.531207430768821
-1.9009864,2.497929376494447,2.531207430768821
-1.90066904,2.497929376494447,2.530271653178646
-1.90035168,2.496056174659705,2.530271653178646
-1.90003432,2.496056174659705,2.530271653178646
-1.89971696,2.495119573742334,2.530271653178646
-1.8993996,2.495119573742334,2.529335875588473
-1.89908224,2.494182972824963,2.529335875588473
-1.89876488,2.494182972824963,2.529335875588473
-1.89844752,2.492309770990221,2.528400097998298
-1.89813016,2.493246371907591,2.528400097998298
-1.8978128,2.491373170072849,2.527464320408124
-1.89749544,2.491373170072849,2.527464320408124
-1.89717808,2.491373170072849,2.52652854281795
-1.89686072,2.490436569155478,2.525592765227775
-1.89654336,2.489499968238107,2.525592765227775
-1.896226,2.489499968238107,2.523721210047427
-1.89590864,2.489499968238107,2.523721210047427
-1.89559128,2.488563367320736,2.523721210047427
-1.89527392,2.488563367320736,2.523721210047427
-1.89495656,2.488563367320736,2.522785432457253
-1.8946392,2.487626766403365,2.521849654867078
-1.89432184,2.487626766403365,2.520913877276904
-1.89400448,2.487626766403365,2.520913877276904
-1.89368712,2.487626766403365,2.51997809968673
-1.89336976,2.487626766403365,2.519042322096555
-1.8930524,2.486690165485994,2.518106544506382
-1.89273504,2.487626766403365,2.517170766916207
-1.89241768,2.486690165485994,2.516234989326033
-1.89210032,2.486690165485994,2.516234989326033
-1.89178296,2.485753564568623,2.515299211735859
-1.8914656,2.485753564568623,2.515299211735859
-1.89114824,2.486690165485994,2.51342765655551
-1.89083088,2.486690165485994,2.51342765655551
-1.89051352,2.487626766403365,2.51342765655551
-1.89019616,2.488563367320736,2.512491878965336
-1.8898788,2.488563367320736,2.510620323784988
-1.88956144,2.488563367320736,2.509684546194813
-1.88924408,2.488563367320736,2.509684546194813
-1.88892672,2.488563367320736,2.509684546194813
-1.88860936,2.488563367320736,2.508748768604639
-1.888292,2.490436569155478,2.508748768604639
-1.88797464,2.491373170072849,2.507812991014465
-1.88765728,2.491373170072849,2.50687721342429
-1.88733992,2.491373170072849,2.505941435834116
-1.88702256,2.491373170072849,2.505941435834116
-1.8867052,2.492309770990221,2.505005658243942
-1.88638784,2.492309770990221,2.505005658243942
-1.88607048,2.494182972824963,2.505005658243942
-1.88575312,2.494182972824963,2.505005658243942
-1.88543576,2.495119573742334,2.504069880653768
-1.8851184,2.495119573742334,2.503134103063593
-1.88480104,2.496056174659705,2.503134103063593
-1.88448368,2.496056174659705,2.502198325473419
-1.88416632,2.497929376494447,2.502198325473419
-1.88384896,2.497929376494447,2.501262547883245
-1.8835316,2.497929376494447,2.50032677029307
-1.88321424,2.499802578329189,2.50032677029307
-1.88289688,2.499802578329189,2.499390992702897
-1.88257952,2.50073917924656,2.499390992702897
-1.88226216,2.50073917924656,2.498455215112722
-1.8819448,2.50073917924656,2.499390992702897
-1.88162744,2.502612381081303,2.499390992702897
-1.88131008,2.503548981998673,2.50032677029307
-1.88099272,2.503548981998673,2.499390992702897
-1.88067536,2.503548981998673,2.499390992702897
-1.880358,2.505422183833416,2.499390992702897
-1.88004064,2.505422183833416,2.499390992702897
-1.87972328,2.505422183833416,2.50032677029307
-1.87940592,2.507295385668158,2.499390992702897
-1.87908856,2.508231986585529,2.50032677029307
-1.8787712,2.508231986585529,2.50032677029307
-1.87845384,2.5091685875029,2.50032677029307
-1.87813648,2.5091685875029,2.499390992702897
-1.87781912,2.510105188420271,2.50032677029307
-1.87750176,2.511041789337642,2.501262547883245
-1.8771844,2.511041789337642,2.501262547883245
-1.87686704,2.512914991172384,2.501262547883245
-1.87654968,2.512914991172384,2.501262547883245
-1.87623232,2.513851592089755,2.501262547883245
-1.87591496,2.513851592089755,2.501262547883245
-1.8755976,2.513851592089755,2.502198325473419
-1.87528024,2.515724793924498,2.504069880653768
-1.87496288,2.514788193007127,2.504069880653768
-1.87464552,2.515724793924498,2.505005658243942
-1.87432816,2.516661394841869,2.505941435834116
-1.8740108,2.516661394841869,2.505941435834116
-1.87369344,2.516661394841869,2.50687721342429
-1.87337608,2.516661394841869,2.50687721342429
-1.87305872,2.51759799575924,2.507812991014465
-1.87274136,2.516661394841869,2.507812991014465
-1.872424,2.51759799575924,2.508748768604639
-1.87210664,2.518534596676611,2.509684546194813
-1.87178928,2.51759799575924,2.509684546194813
-1.87147192,2.51759799575924,2.510620323784988
-1.87115456,2.518534596676611,2.511556101375161
-1.8708372,2.51759799575924,2.512491878965336
-1.87051984,2.518534596676611,2.51342765655551
-1.87020248,2.518534596676611,2.514363434145684
-1.86988512,2.51759799575924,2.514363434145684
-1.86956776,2.51759799575924,2.514363434145684
-1.8692504,2.518534596676611,2.515299211735859
-1.86893304,2.518534596676611,2.516234989326033
-1.86861568,2.518534596676611,2.517170766916207
-1.86829832,2.51759799575924,2.517170766916207
-1.86798096,2.51759799575924,2.519042322096555
-1.8676636,2.516661394841869,2.519042322096555
-1.86734624,2.516661394841869,2.51997809968673
-1.86702888,2.516661394841869,2.51997809968673
-1.86671152,2.516661394841869,2.520913877276904
-1.86639416,2.516661394841869,2.521849654867078
-1.8660768,2.515724793924498,2.522785432457253
-1.86575944,2.514788193007127,2.522785432457253
-1.86544208,2.514788193007127,2.522785432457253
-1.86512472,2.514788193007127,2.523721210047427
-1.86480736,2.513851592089755,2.524656987637601
-1.86449,2.512914991172384,2.525592765227775
-1.86417264,2.512914991172384,2.52652854281795
-1.86385528,2.511978390255013,2.52652854281795
-1.86353792,2.511978390255013,2.527464320408124
-1.86322056,2.510105188420271,2.52652854281795
-1.8629032,2.511041789337642,2.528400097998298
-1.86258584,2.5091685875029,2.528400097998298
-1.86226848,2.510105188420271,2.529335875588473
-1.86195112,2.5091685875029,2.529335875588473
-1.86163376,2.508231986585529,2.529335875588473
-1.8613164,2.508231986585529,2.530271653178646
-1.86099904,2.507295385668158,2.530271653178646
-1.86068168,2.506358784750787,2.530271653178646
-1.86036432,2.505422183833416,2.529335875588473
-1.86004696,2.505422183833416,2.529335875588473
-1.8597296,2.503548981998673,2.530271653178646
-1.85941224,2.503548981998673,2.530271653178646
-1.85909488,2.503548981998673,2.531207430768821
-1.85877752,2.502612381081303,2.530271653178646
-1.85846016,2.501675780163931,2.530271653178646
-1.8581428,2.50073917924656,2.529335875588473
-1.85782544,2.499802578329189,2.530271653178646
-1.85750808,2.499802578329189,2.530271653178646
-1.85719072,2.498865977411818,2.530271653178646
-1.85687336,2.497929376494447,2.529335875588473
-1.856556,2.496992775577076,2.530271653178646
-1.85623864,2.496056174659705,2.530271653178646
-1.85592128,2.496992775577076,2.530271653178646
-1.85560392,2.495119573742334,2.529335875588473
-1.85528656,2.495119573742334,2.528400097998298
-1.8549692,2.494182972824963,2.528400097998298
-1.85465184,2.494182972824963,2.528400097998298
-1.85433448,2.493246371907591,2.527464320408124
-1.85401712,2.492309770990221,2.527464320408124
-1.85369976,2.492309770990221,2.52652854281795
-1.8533824,2.491373170072849,2.525592765227775
-1.85306504,2.491373170072849,2.525592765227775
-1.85274768,2.491373170072849,2.524656987637601
-1.85243032,2.491373170072849,2.524656987637601
-1.85211296,2.489499968238107,2.523721210047427
-1.8517956,2.488563367320736,2.522785432457253
-1.85147824,2.488563367320736,2.521849654867078
-1.85116088,2.488563367320736,2.521849654867078
-1.85084352,2.488563367320736,2.520913877276904
-1.85052616,2.488563367320736,2.51997809968673
-1.8502088,2.488563367320736,2.519042322096555
-1.84989144,2.488563367320736,2.519042322096555
-1.84957408,2.488563367320736,2.518106544506382
-1.84925672,2.487626766403365,2.516234989326033
-1.84893936,2.488563367320736,2.517170766916207
-1.848622,2.488563367320736,2.515299211735859
-1.84830464,2.488563367320736,2.515299211735859
-1.84798728,2.488563367320736,2.514363434145684
-1.84766992,2.487626766403365,2.51342765655551
-1.84735256,2.488563367320736,2.512491878965336
-1.8470352,2.490436569155478,2.511556101375161
-1.84671784,2.489499968238107,2.510620323784988
-1.84640048,2.490436569155478,2.510620323784988
-1.84608312,2.490436569155478,2.509684546194813
-1.84576576,2.491373170072849,2.509684546194813
-1.8454484,2.491373170072849,2.508748768604639
-1.84513104,2.492309770990221,2.508748768604639
-1.84481368,2.492309770990221,2.507812991014465
-1.84449632,2.493246371907591,2.50687721342429
-1.84417896,2.494182972824963,2.50687721342429
-1.8438616,2.494182972824963,2.505005658243942
-1.84354424,2.495119573742334,2.505941435834116
-1.84322688,2.495119573742334,2.504069880653768
-1.84290952,2.496056174659705,2.504069880653768
-1.84259216,2.496056174659705,2.503134103063593
-1.8422748,2.496992775577076,2.503134103063593
-1.84195744,2.497929376494447,2.502198325473419
-1.84164008,2.497929376494447,2.502198325473419
-1.84132272,2.498865977411818,2.502198325473419
-1.84100536,2.50073917924656,2.501262547883245
-1.840688,2.501675780163931,2.50032677029307
-1.84037064,2.501675780163931,2.501262547883245
-1.84005328,2.502612381081303,2.501262547883245
-1.83973592,2.503548981998673,2.50032677029307
-1.83941856,2.505422183833416,2.50032677029307
-1.8391012,2.505422183833416,2.499390992702897
-1.83878384,2.506358784750787,2.50032677029307
-1.83846648,2.507295385668158,2.50032677029307
-1.83814912,2.507295385668158,2.501262547883245
-1.83783176,2.508231986585529,2.501262547883245
-1.8375144,2.508231986585529,2.501262547883245
-1.83719704,2.510105188420271,2.501262547883245
-1.83687968,2.510105188420271,2.501262547883245
-1.83656232,2.511041789337642,2.501262547883245
-1.83624496,2.511978390255013,2.501262547883245
-1.8359276,2.513851592089755,2.501262547883245
-1.83561024,2.512914991172384,2.501262547883245
-1.83529288,2.513851592089755,2.502198325473419
-1.83497552,2.515724793924498,2.504069880653768
-1.83465816,2.515724793924498,2.504069880653768
-1.8343408,2.515724793924498,2.505005658243942
-1.83402344,2.516661394841869,2.505005658243942
-1.83370608,2.516661394841869,2.505941435834116
-1.83338872,2.51759799575924,2.505941435834116
-1.83307136,2.518534596676611,2.507812991014465
-1.832754,2.51759799575924,2.507812991014465
-1.83243664,2.51759799575924,2.507812991014465
-1.83211928,2.518534596676611,2.508748768604639
-1.83180192,2.519471197593982,2.509684546194813
-1.83148456,2.518534596676611,2.509684546194813
-1.8311672,2.518534596676611,2.510620323784988
-1.83084984,2.519471197593982,2.511556101375161
-1.83053248,2.520407798511353,2.51342765655551
-1.83021512,2.520407798511353,2.51342765655551
-1.82989776,2.520407798511353,2.514363434145684
-1.8295804,2.520407798511353,2.515299211735859
-1.82926304,2.520407798511353,2.515299211735859
-1.82894568,2.519471197593982,2.517170766916207
-1.82862832,2.519471197593982,2.517170766916207
-1.82831096,2.519471197593982,2.519042322096555
-1.8279936,2.519471197593982,2.51997809968673
-1.82767624,2.518534596676611,2.520913877276904
-1.82735888,2.518534596676611,2.521849654867078
-1.82704152,2.519471197593982,2.521849654867078
-1.82672416,2.51759799575924,2.522785432457253
-1.8264068,2.51759799575924,2.523721210047427
-1.82608944,2.51759799575924,2.523721210047427
-1.82577208,2.51759799575924,2.524656987637601
-1.82545472,2.514788193007127,2.525592765227775
-1.82513736,2.515724793924498,2.52652854281795
-1.82482,2.515724793924498,2.527464320408124
-1.82450264,2.514788193007127,2.528400097998298
-1.82418528,2.512914991172384,2.528400097998298
-1.82386792,2.511978390255013,2.528400097998298
-1.82355056,2.511978390255013,2.529335875588473
-1.8232332,2.511041789337642,2.531207430768821
-1.82291584,2.511041789337642,2.531207430768821
-1.82259848,2.510105188420271,2.531207430768821
-1.82228112,2.508231986585529,2.530271653178646
-1.82196376,2.507295385668158,2.531207430768821
-1.8216464,2.507295385668158,2.531207430768821
-1.82132904,2.504485582916045,2.532143208358995
-1.82101168,2.503548981998673,2.532143208358995
-1.82069432,2.502612381081303,2.532143208358995
-1.82037696,2.502612381081303,2.531207430768821
-1.8200596,2.502612381081303,2.532143208358995
-1.81974224,2.499802578329189,2.531207430768821
-1.81942488,2.499802578329189,2.532143208358995
-1.81910752,2.498865977411818,2.532143208358995
-1.81879016,2.497929376494447,2.532143208358995
-1.8184728,2.495119573742334,2.531207430768821
-1.81815544,2.495119573742334,2.530271653178646
-1.81783808,2.495119573742334,2.530271653178646
-1.81752072,2.493246371907591,2.530271653178646
-1.81720336,2.492309770990221,2.529335875588473
-1.816886,2.492309770990221,2.529335875588473
-1.81656864,2.492309770990221,2.528400097998298
-1.81625128,2.492309770990221,2.528400097998298
-1.81593392,2.491373170072849,2.527464320408124
-1.81561656,2.490436569155478,2.52652854281795
-1.8152992,2.490436569155478,2.52652854281795
-1.81498184,2.489499968238107,2.524656987637601
-1.81466448,2.488563367320736,2.523721210047427
-1.81434712,2.488563367320736,2.522785432457253
-1.81402976,2.488563367320736,2.521849654867078
-1.8137124,2.487626766403365,2.521849654867078
-1.81339504,2.487626766403365,2.520913877276904
-1.81307768,2.487626766403365,2.51997809968673
-1.81276032,2.487626766403365,2.518106544506382
-1.81244296,2.486690165485994,2.517170766916207
-1.8121256,2.487626766403365,2.515299211735859
-1.81180824,2.487626766403365,2.514363434145684
-1.81149088,2.486690165485994,2.51342765655551
-1.81117352,2.487626766403365,2.512491878965336
-1.81085616,2.488563367320736,2.511556101375161
-1.8105388,2.488563367320736,2.510620323784988
-1.81022144,2.488563367320736,2.509684546194813
-1.80990408,2.489499968238107,2.508748768604639
-1.80958672,2.490436569155478,2.507812991014465
-1.80926936,2.491373170072849,2.50687721342429
-1.808952,2.491373170072849,2.50687721342429
-1.80863464,2.492309770990221,2.505941435834116
-1.80831728,2.493246371907591,2.505941435834116
-1.80799992,2.494182972824963,2.504069880653768
-1.80768256,2.494182972824963,2.503134103063593
-1.8073652,2.495119573742334,2.502198325473419
-1.80704784,2.496056174659705,2.501262547883245
-1.80673048,2.496992775577076,2.501262547883245
-1.80641312,2.498865977411818,2.501262547883245
-1.80609576,2.498865977411818,2.50032677029307
-1.8057784,2.50073917924656,2.50032677029307
-1.80546104,2.50073917924656,2.499390992702897
-1.80514368,2.502612381081303,2.50032677029307
-1.80482632,2.502612381081303,2.499390992702897
-1.80450896,2.504485582916045,2.499390992702897
-1.8041916,2.505422183833416,2.499390992702897
-1.80387424,2.506358784750787,2.499390992702897
-1.80355688,2.507295385668158,2.499390992702897
-1.80323952,2.508231986585529,2.499390992702897
-1.80292216,2.5091685875029,2.499390992702897
-1.8026048,2.5091685875029,2.499390992702897
-1.80228744,2.511041789337642,2.50032677029307
-1.80197008,2.511978390255013,2.501262547883245
-1.80165272,2.512914991172384,2.50032677029307
-1.80133536,2.514788193007127,2.502198325473419
-1.801018,2.514788193007127,2.503134103063593
-1.80070064,2.515724793924498,2.503134103063593
-1.80038328,2.515724793924498,2.503134103063593
-1.80006592,2.515724793924498,2.504069880653768
-1.79974856,2.51759799575924,2.505005658243942
-1.7994312,2.51759799575924,2.505005658243942
-1.79911384,2.518534596676611,2.505941435834116
-1.79879648,2.518534596676611,2.50687721342429
-1.79847912,2.518534596676611,2.508748768604639
-1.79816176,2.518534596676611,2.509684546194813
-1.7978444,2.519471197593982,2.509684546194813
-1.79752704,2.520407798511353,2.510620323784988
-1.79720968,2.520407798511353,2.512491878965336
-1.79689232,2.520407798511353,2.51342765655551
-1.79657496,2.520407798511353,2.514363434145684
-1.7962576,2.520407798511353,2.516234989326033
-1.79594024,2.520407798511353,2.516234989326033
-1.79562288,2.520407798511353,2.518106544506382
-1.79530552,2.519471197593982,2.519042322096555
-1.79498816,2.519471197593982,2.51997809968673
-1.7946708,2.519471197593982,2.520913877276904
-1.79435344,2.519471197593982,2.521849654867078
-1.79403608,2.51759799575924,2.522785432457253
-1.79371872,2.516661394841869,2.523721210047427
-1.79340136,2.51759799575924,2.524656987637601
-1.793084,2.516661394841869,2.525592765227775
-1.79276664,2.515724793924498,2.52652854281795
-1.79244928,2.514788193007127,2.52652854281795
-1.79213192,2.513851592089755,2.527464320408124
-1.79181456,2.512914991172384,2.528400097998298
-1.7914972,2.511978390255013,2.528400097998298
-1.79117984,2.511978390255013,2.529335875588473
-1.79086248,2.510105188420271,2.529335875588473
-1.79054512,2.5091685875029,2.530271653178646
-1.79022776,2.507295385668158,2.529335875588473
-1.7899104,2.506358784750787,2.530271653178646
-1.78959304,2.505422183833416,2.530271653178646
-1.78927568,2.504485582916045,2.531207430768821
-1.78895832,2.503548981998673,2.531207430768821
-1.78864096,2.501675780163931,2.531207430768821
-1.7883236,2.50073917924656,2.531207430768821
-1.78800624,2.499802578329189,2.531207430768821
-1.78768888,2.497929376494447,2.531207430768821
-1.78737152,2.497929376494447,2.530271653178646
-1.78705416,2.496992775577076,2.530271653178646
-1.7867368,2.495119573742334,2.529335875588473
-1.78641944,2.494182972824963,2.528400097998298
-1.78610208,2.493246371907591,2.528400097998298
-1.78578472,2.493246371907591,2.528400097998298
-1.78546736,2.491373170072849,2.527464320408124
-1.78515,2.490436569155478,2.527464320408124
-1.78483264,2.489499968238107,2.52652854281795
-1.78451528,2.489499968238107,2.525592765227775
-1.78419792,2.488563367320736,2.523721210047427
-1.78388056,2.488563367320736,2.523721210047427
-1.7835632,2.488563367320736,2.522785432457253
-1.78324584,2.488563367320736,2.521849654867078
-1.78292848,2.488563367320736,2.520913877276904
-1.78261112,2.487626766403365,2.519042322096555
-1.78229376,2.487626766403365,2.518106544506382
-1.7819764,2.487626766403365,2.517170766916207
-1.78165904,2.488563367320736,2.516234989326033
-1.78134168,2.488563367320736,2.515299211735859
-1.78102432,2.487626766403365,2.51342765655551
-1.78070696,2.488563367320736,2.512491878965336
-1.7803896,2.487626766403365,2.511556101375161
-1.78007224,2.488563367320736,2.510620323784988
-1.77975488,2.488563367320736,2.509684546194813
-1.77943752,2.490436569155478,2.509684546194813
-1.77912016,2.490436569155478,2.507812991014465
-1.7788028,2.491373170072849,2.50687721342429
-1.77848544,2.492309770990221,2.505941435834116
-1.77816808,2.492309770990221,2.505005658243942
-1.77785072,2.494182972824963,2.505005658243942
-1.77753336,2.495119573742334,2.504069880653768
-1.777216,2.496056174659705,2.503134103063593
-1.77689864,2.496992775577076,2.502198325473419
-1.77658128,2.497929376494447,2.501262547883245
-1.77626392,2.498865977411818,2.501262547883245
-1.77594656,2.499802578329189,2.501262547883245
-1.7756292,2.50073917924656,2.501262547883245
-1.77531184,2.502612381081303,2.501262547883245
-1.77499448,2.502612381081303,2.499390992702897
-1.77467712,2.503548981998673,2.50032677029307
-1.77435976,2.505422183833416,2.50032677029307
-1.7740424,2.507295385668158,2.499390992702897
-1.77372504,2.508231986585529,2.499390992702897
-1.77340768,2.5091685875029,2.499390992702897
-1.77309032,2.5091685875029,2.499390992702897
-1.77277296,2.511041789337642,2.50032677029307
-1.7724556,2.512914991172384,2.501262547883245
-1.77213824,2.512914991172384,2.502198325473419
-1.77182088,2.513851592089755,2.501262547883245
-1.77150352,2.513851592089755,2.501262547883245
-1.77118616,2.514788193007127,2.503134103063593
-1.7708688,2.516661394841869,2.504069880653768
-1.77055144,2.51759799575924,2.504069880653768
-1.77023408,2.51759799575924,2.505005658243942
-1.76991672,2.51759799575924,2.505005658243942
-1.76959936,2.518534596676611,2.50687721342429
-1.769282,2.519471197593982,2.507812991014465
-1.76896464,2.520407798511353,2.509684546194813
-1.76864728,2.519471197593982,2.509684546194813
-1.76832992,2.520407798511353,2.510620323784988
-1.76801256,2.520407798511353,2.512491878965336
-1.7676952,2.520407798511353,2.51342765655551
-1.76737784,2.520407798511353,2.515299211735859
-1.76706048,2.520407798511353,2.516234989326033
-1.76674312,2.520407798511353,2.517170766916207
-1.76642576,2.520407798511353,2.518106544506382
-1.7661084,2.520407798511353,2.51997809968673
-1.76579104,2.520407798511353,2.520913877276904
-1.76547368,2.519471197593982,2.521849654867078
-1.76515632,2.519471197593982,2.522785432457253
-1.76483896,2.51759799575924,2.523721210047427
-1.7645216,2.516661394841869,2.524656987637601
-1.76420424,2.516661394841869,2.524656987637601
-1.76388688,2.514788193007127,2.52652854281795
-1.76356952,2.514788193007127,2.527464320408124
-1.76325216,2.513851592089755,2.527464320408124
-1.7629348,2.512914991172384,2.528400097998298
-1.76261744,2.511978390255013,2.529335875588473
-1.76230008,2.511041789337642,2.529335875588473
-1.76198272,2.510105188420271,2.530271653178646
-1.76166536,2.5091685875029,2.531207430768821
-1.761348,2.508231986585529,2.531207430768821
-1.76103064,2.507295385668158,2.531207430768821
-1.76071328,2.506358784750787,2.531207430768821
-1.76039592,2.504485582916045,2.531207430768821
-1.76007856,2.504485582916045,2.531207430768821
-1.7597612,2.502612381081303,2.530271653178646
-1.75944384,2.501675780163931,2.530271653178646
-1.75912648,2.50073917924656,2.530271653178646
-1.75880912,2.498865977411818,2.530271653178646
-1.75849176,2.497929376494447,2.529335875588473
-1.7581744,2.496056174659705,2.528400097998298
-1.75785704,2.494182972824963,2.527464320408124
-1.75753968,2.495119573742334,2.527464320408124
-1.75722232,2.493246371907591,2.52652854281795
-1.75690496,2.492309770990221,2.525592765227775
-1.7565876,2.492309770990221,2.524656987637601
-1.75627024,2.491373170072849,2.524656987637601
-1.75595288,2.491373170072849,2.523721210047427
-1.75563552,2.490436569155478,2.522785432457253
-1.75531816,2.490436569155478,2.521849654867078
-1.7550008,2.490436569155478,2.520913877276904
-1.75468344,2.489499968238107,2.51997809968673
-1.75436608,2.489499968238107,2.519042322096555
-1.75404872,2.488563367320736,2.518106544506382
-1.75373136,2.488563367320736,2.516234989326033
-1.753414,2.489499968238107,2.515299211735859
-1.75309664,2.489499968238107,2.515299211735859
-1.75277928,2.489499968238107,2.51342765655551
-1.75246192,2.490436569155478,2.51342765655551
-1.75214456,2.490436569155478,2.511556101375161
-1.7518272,2.490436569155478,2.511556101375161
-1.75150984,2.490436569155478,2.509684546194813
-1.75119248,2.491373170072849,2.508748768604639
-1.75087512,2.491373170072849,2.507812991014465
-1.75055776,2.492309770990221,2.50687721342429
-1.7502404,2.493246371907591,2.50687721342429
-1.74992304,2.494182972824963,2.505005658243942
-1.74960568,2.494182972824963,2.505005658243942
-1.74928832,2.496056174659705,2.504069880653768
-1.74897096,2.496992775577076,2.503134103063593
-1.7486536,2.497929376494447,2.502198325473419
-1.74833624,2.499802578329189,2.502198325473419
-1.74801888,2.499802578329189,2.502198325473419
-1.74770152,2.50073917924656,2.501262547883245
-1.74738416,2.501675780163931,2.501262547883245
-1.7470668,2.501675780163931,2.502198325473419
-1.74674944,2.502612381081303,2.50032677029307
-1.74643208,2.504485582916045,2.501262547883245
-1.74611472,2.505422183833416,2.50032677029307
-1.74579736,2.506358784750787,2.50032677029307
-1.74548,2.508231986585529,2.501262547883245
-1.74516264,2.508231986585529,2.50032677029307
-1.74484528,2.5091685875029,2.501262547883245
-1.74452792,2.511041789337642,2.502198325473419
-1.74421056,2.511041789337642,2.502198325473419
-1.7438932,2.511978390255013,2.502198325473419
-1.74357584,2.512914991172384,2.502198325473419
-1.74325848,2.513851592089755,2.504069880653768
-1.74294112,2.514788193007127,2.504069880653768
-1.74262376,2.515724793924498,2.505941435834116
-1.7423064,2.515724793924498,2.505941435834116
-1.74198904,2.516661394841869,2.50687721342429
-1.74167168,2.51759799575924,2.507812991014465
-1.74135432,2.516661394841869,2.508748768604639
-1.74103696,2.51759799575924,2.508748768604639
-1.7407196,2.51759799575924,2.509684546194813
-1.74040224,2.51759799575924,2.511556101375161
-1.74008488,2.51759799575924,2.51342765655551
-1.73976752,2.518534596676611,2.51342765655551
-1.73945016,2.518534596676611,2.515299211735859
-1.7391328,2.518534596676611,2.515299211735859
-1.73881544,2.51759799575924,2.517170766916207
-1.73849808,2.518534596676611,2.517170766916207
-1.73818072,2.518534596676611,2.519042322096555
-1.73786336,2.51759799575924,2.51997809968673
-1.737546,2.516661394841869,2.520913877276904
-1.73722864,2.516661394841869,2.520913877276904
-1.73691128,2.515724793924498,2.521849654867078
-1.73659392,2.515724793924498,2.522785432457253
-1.73627656,2.514788193007127,2.523721210047427
-1.7359592,2.513851592089755,2.523721210047427
-1.73564184,2.513851592089755,2.524656987637601
-1.73532448,2.512914991172384,2.525592765227775
-1.73500712,2.511978390255013,2.52652854281795
-1.73468976,2.511041789337642,2.52652854281795
-1.7343724,2.510105188420271,2.52652854281795
-1.73405504,2.5091685875029,2.527464320408124
-1.73373768,2.508231986585529,2.527464320408124
-1.73342032,2.507295385668158,2.528400097998298
-1.73310296,2.506358784750787,2.528400097998298
-1.7327856,2.505422183833416,2.528400097998298
-1.73246824,2.505422183833416,2.529335875588473
-1.73215088,2.503548981998673,2.529335875588473
-1.73183352,2.501675780163931,2.529335875588473
-1.73151616,2.499802578329189,2.528400097998298
-1.7311988,2.498865977411818,2.528400097998298
-1.73088144,2.499802578329189,2.528400097998298
-1.73056408,2.497929376494447,2.527464320408124
-1.73024672,2.496992775577076,2.527464320408124
-1.72992936,2.496056174659705,2.52652854281795
-1.729612,2.496056174659705,2.525592765227775
-1.72929464,2.495119573742334,2.52652854281795
-1.72897728,2.494182972824963,2.524656987637601
-1.72865992,2.493246371907591,2.524656987637601
-1.72834256,2.492309770990221,2.523721210047427
-1.7280252,2.492309770990221,2.522785432457253
-1.72770784,2.492309770990221,2.521849654867078
-1.72739048,2.490436569155478,2.520913877276904
-1.72707312,2.490436569155478,2.51997809968673
-1.72675576,2.491373170072849,2.518106544506382
-1.7264384,2.490436569155478,2.518106544506382
-1.72612104,2.490436569155478,2.517170766916207
-1.72580368,2.490436569155478,2.516234989326033
-1.72548632,2.491373170072849,2.515299211735859
-1.72516896,2.491373170072849,2.51342765655551
-1.7248516,2.490436569155478,2.512491878965336
-1.72453424,2.491373170072849,2.512491878965336
-1.72421688,2.491373170072849,2.511556101375161
-1.72389952,2.492309770990221,2.510620323784988
-1.72358216,2.492309770990221,2.508748768604639
-1.7232648,2.493246371907591,2.509684546194813
-1.72294744,2.494182972824963,2.507812991014465
-1.72263008,2.495119573742334,2.50687721342429
-1.72231272,2.495119573742334,2.50687721342429
-1.72199536,2.496056174659705,2.505941435834116
-1.721678,2.496056174659705,2.505941435834116
-1.72136064,2.497929376494447,2.505005658243942
-1.72104328,2.497929376494447,2.505005658243942
-1.72072592,2.498865977411818,2.504069880653768
-1.72040856,2.498865977411818,2.504069880653768
-1.7200912,2.499802578329189,2.503134103063593
-1.71977384,2.50073917924656,2.503134103063593
-1.71945648,2.501675780163931,2.502198325473419
-1.71913912,2.503548981998673,2.502198325473419
-1.71882176,2.503548981998673,2.502198325473419
-1.7185044,2.504485582916045,2.502198325473419
-1.71818704,2.504485582916045,2.502198325473419
-1.71786968,2.507295385668158,2.502198325473419
-1.71755232,2.507295385668158,2.502198325473419
-1.71723496,2.507295385668158,2.502198325473419
-1.7169176,2.5091685875029,2.503134103063593
-1.71660024,2.510105188420271,2.504069880653768
-1.71628288,2.510105188420271,2.504069880653768
-1.71596552,2.511041789337642,2.504069880653768
-1.71564816,2.511978390255013,2.505941435834116
-1.7153308,2.512914991172384,2.505941435834116
-1.71501344,2.512914991172384,2.50687721342429
-1.71469608,2.513851592089755,2.507812991014465
-1.71437872,2.513851592089755,2.508748768604639
-1.71406136,2.514788193007127,2.508748768604639
-1.713744,2.515724793924498,2.509684546194813
-1.71342664,2.515724793924498,2.509684546194813
-1.71310928,2.515724793924498,2.511556101375161
-1.71279192,2.515724793924498,2.511556101375161
-1.71247456,2.516661394841869,2.51342765655551
-1.7121572,2.515724793924498,2.51342765655551
-1.71183984,2.516661394841869,2.514363434145684
-1.71152248,2.516661394841869,2.515299211735859
-1.71120512,2.516661394841869,2.517170766916207
-1.71088776,2.516661394841869,2.517170766916207
-1.7105704,2.515724793924498,2.518106544506382
-1.71025304,2.516661394841869,2.51997809968673
-1.70993568,2.515724793924498,2.51997809968673
-1.70961832,2.515724793924498,2.520913877276904
-1.70930096,2.515724793924498,2.521849654867078
-1.7089836,2.514788193007127,2.522785432457253
-1.70866624,2.514788193007127,2.523721210047427
-1.70834888,2.512914991172384,2.524656987637601
-1.70803152,2.511041789337642,2.524656987637601
-1.70771416,2.511041789337642,2.525592765227775
-1.7073968,2.510105188420271,2.525592765227775
-1.70707944,2.5091685875029,2.525592765227775
-1.70676208,2.5091685875029,2.52652854281795
-1.70644472,2.508231986585529,2.52652854281795
-1.70612736,2.506358784750787,2.52652854281795
-1.70581,2.505422183833416,2.52652854281795
-1.70549264,2.505422183833416,2.527464320408124
-1.70517528,2.503548981998673,2.527464320408124
-1.70485792,2.503548981998673,2.527464320408124
-1.70454056,2.502612381081303,2.528400097998298
-1.7042232,2.501675780163931,2.527464320408124
-1.70390584,2.499802578329189,2.52652854281795
-1.70358848,2.498865977411818,2.52652854281795
-1.70327112,2.497929376494447,2.525592765227775
-1.70295376,2.496992775577076,2.525592765227775
-1.7026364,2.496056174659705,2.524656987637601
-1.70231904,2.496056174659705,2.524656987637601
-1.70200168,2.495119573742334,2.523721210047427
-1.70168432,2.494182972824963,2.522785432457253
-1.70136696,2.494182972824963,2.522785432457253
-1.7010496,2.493246371907591,2.522785432457253
-1.70073224,2.493246371907591,2.521849654867078
-1.70041488,2.493246371907591,2.521849654867078
-1.70009752,2.493246371907591,2.520913877276904
-1.69978016,2.492309770990221,2.519042322096555
-1.6994628,2.493246371907591,2.519042322096555
-1.69914544,2.492309770990221,2.518106544506382
-1.69882808,2.491373170072849,2.516234989326033
-1.69851072,2.491373170072849,2.515299211735859
-1.69819336,2.493246371907591,2.515299211735859
-1.697876,2.492309770990221,2.51342765655551
-1.69755864,2.492309770990221,2.51342765655551
-1.69724128,2.493246371907591,2.512491878965336
-1.69692392,2.494182972824963,2.511556101375161
-1.69660656,2.493246371907591,2.510620323784988
-1.6962892,2.493246371907591,2.509684546194813
-1.69597184,2.494182972824963,2.508748768604639
-1.69565448,2.495119573742334,2.508748768604639
-1.69533712,2.495119573742334,2.507812991014465
-1.69501976,2.496056174659705,2.507812991014465
-1.6947024,2.496992775577076,2.507812991014465
-1.69438504,2.497929376494447,2.50687721342429
-1.69406768,2.497929376494447,2.50687721342429
-1.69375032,2.499802578329189,2.50687721342429
-1.69343296,2.50073917924656,2.505941435834116
-1.6931156,2.50073917924656,2.505941435834116
-1.69279824,2.501675780163931,2.505941435834116
-1.69248088,2.501675780163931,2.505941435834116
-1.69216352,2.503548981998673,2.505941435834116
-1.69184616,2.503548981998673,2.50687721342429
-1.6915288,2.504485582916045,2.505941435834116
-1.69121144,2.505422183833416,2.505941435834116
-1.69089408,2.507295385668158,2.505941435834116
-1.69057672,2.507295385668158,2.50687721342429
-1.69025936,2.508231986585529,2.50687721342429
-1.689942,2.510105188420271,2.50687721342429
-1.68962464,2.510105188420271,2.507812991014465
-1.68930728,2.5091685875029,2.50687721342429
-1.68898992,2.511041789337642,2.507812991014465
-1.68867256,2.511041789337642,2.508748768604639
-1.6883552,2.511978390255013,2.508748768604639
-1.68803784,2.512914991172384,2.508748768604639
-1.68772048,2.513851592089755,2.509684546194813
-1.68740312,2.513851592089755,2.510620323784988
-1.68708576,2.513851592089755,2.510620323784988
-1.6867684,2.514788193007127,2.511556101375161
-1.68645104,2.514788193007127,2.511556101375161
-1.68613368,2.514788193007127,2.512491878965336
-1.68581632,2.515724793924498,2.51342765655551
-1.68549896,2.514788193007127,2.51342765655551
-1.6851816,2.514788193007127,2.515299211735859
-1.68486424,2.514788193007127,2.515299211735859
-1.68454688,2.514788193007127,2.516234989326033
-1.68422952,2.513851592089755,2.517170766916207
-1.68391216,2.513851592089755,2.517170766916207
-1.6835948,2.513851592089755,2.519042322096555
-1.68327744,2.513851592089755,2.519042322096555
-1.68296008,2.512914991172384,2.51997809968673
-1.68264272,2.512914991172384,2.521849654867078
-1.68232536,2.513851592089755,2.521849654867078
-1.682008,2.511041789337642,2.522785432457253
-1.68169064,2.511041789337642,2.523721210047427
-1.68137328,2.510105188420271,2.522785432457253
-1.68105592,2.5091685875029,2.522785432457253
-1.68073856,2.5091685875029,2.524656987637601
-1.6804212,2.508231986585529,2.524656987637601
-1.68010384,2.507295385668158,2.524656987637601
-1.67978648,2.506358784750787,2.524656987637601
-1.67946912,2.506358784750787,2.525592765227775
-1.67915176,2.504485582916045,2.525592765227775
-1.6788344,2.504485582916045,2.525592765227775
-1.67851704,2.503548981998673,2.525592765227775
-1.67819968,2.502612381081303,2.525592765227775
-1.67788232,2.501675780163931,2.525592765227775
-1.67756496,2.499802578329189,2.525592765227775
-1.6772476,2.499802578329189,2.52652854281795
-1.67693024,2.498865977411818,2.525592765227775
-1.67661288,2.498865977411818,2.524656987637601
-1.67629552,2.498865977411818,2.525592765227775
-1.67597816,2.497929376494447,2.524656987637601
-1.6756608,2.496992775577076,2.523721210047427
-1.67534344,2.496056174659705,2.523721210047427
-1.67502608,2.496056174659705,2.522785432457253
-1.67470872,2.496056174659705,2.522785432457253
-1.67439136,2.495119573742334,2.521849654867078
-1.674074,2.494182972824963,2.520913877276904
-1.67375664,2.494182972824963,2.520913877276904
-1.67343928,2.494182972824963,2.51997809968673
-1.67312192,2.493246371907591,2.519042322096555
-1.67280456,2.493246371907591,2.519042322096555
-1.6724872,2.493246371907591,2.517170766916207
-1.67216984,2.493246371907591,2.517170766916207
-1.67185248,2.493246371907591,2.516234989326033
-1.67153512,2.494182972824963,2.516234989326033
-1.67121776,2.494182972824963,2.516234989326033
-1.6709004,2.495119573742334,2.515299211735859
-1.67058304,2.495119573742334,2.514363434145684
-1.67026568,2.496056174659705,2.51342765655551
-1.66994832,2.495119573742334,2.512491878965336
-1.66963096,2.495119573742334,2.512491878965336
-1.6693136,2.496056174659705,2.512491878965336
-1.66899624,2.496992775577076,2.511556101375161
-1.66867888,2.497929376494447,2.510620323784988
-1.66836152,2.497929376494447,2.509684546194813
-1.66804416,2.498865977411818,2.509684546194813
-1.6677268,2.499802578329189,2.509684546194813
-1.66740944,2.499802578329189,2.508748768604639
-1.66709208,2.50073917924656,2.508748768604639
-1.66677472,2.501675780163931,2.507812991014465
-1.66645736,2.501675780163931,2.507812991014465
-1.66614,2.502612381081303,2.507812991014465
-1.66582264,2.502612381081303,2.507812991014465
-1.66550528,2.502612381081303,2.50687721342429
-1.66518792,2.503548981998673,2.50687721342429
-1.66487056,2.504485582916045,2.50687721342429
-1.6645532,2.505422183833416,2.50687721342429
-1.66423584,2.505422183833416,2.50687721342429
-1.66391848,2.505422183833416,2.50687721342429
-1.66360112,2.506358784750787,2.50687721342429
-1.66328376,2.508231986585529,2.507812991014465
-1.6629664,2.508231986585529,2.507812991014465
-1.66264904,2.5091685875029,2.508748768604639
-1.66233168,2.510105188420271,2.508748768604639
-1.66201432,2.5091685875029,2.508748768604639
-1.66169696,2.510105188420271,2.508748768604639
-1.6613796,2.511041789337642,2.508748768604639
-1.66106224,2.511041789337642,2.509684546194813
-1.66074488,2.511041789337642,2.509684546194813
-1.66042752,2.511041789337642,2.509684546194813
-1.66011016,2.511041789337642,2.510620323784988
-1.6597928,2.511041789337642,2.511556101375161
-1.65947544,2.511978390255013,2.512491878965336
-1.65915808,2.511041789337642,2.511556101375161
-1.65884072,2.511978390255013,2.512491878965336
-1.65852336,2.511978390255013,2.512491878965336
-1.658206,2.512914991172384,2.51342765655551
-1.65788864,2.512914991172384,2.514363434145684
-1.65757128,2.512914991172384,2.514363434145684
-1.65725392,2.512914991172384,2.515299211735859
-1.65693656,2.512914991172384,2.516234989326033
-1.6566192,2.511978390255013,2.516234989326033
-1.65630184,2.511978390255013,2.516234989326033
-1.65598448,2.511041789337642,2.517170766916207
-1.65566712,2.511041789337642,2.518106544506382
-1.65534976,2.511978390255013,2.519042322096555
-1.6550324,2.511041789337642,2.519042322096555
-1.65471504,2.511041789337642,2.51997809968673
-1.65439768,2.511041789337642,2.520913877276904
-1.65408032,2.510105188420271,2.520913877276904
-1.65376296,2.510105188420271,2.520913877276904
-1.6534456,2.5091685875029,2.520913877276904
-1.65312824,2.510105188420271,2.522785432457253
-1.65281088,2.510105188420271,2.522785432457253
-1.65249352,2.5091685875029,2.522785432457253
-1.65217616,2.5091685875029,2.522785432457253
-1.6518588,2.508231986585529,2.522785432457253
-1.65154144,2.507295385668158,2.522785432457253
-1.65122408,2.507295385668158,2.522785432457253
-1.65090672,2.506358784750787,2.522785432457253
-1.65058936,2.506358784750787,2.523721210047427
-1.650272,2.506358784750787,2.523721210047427
-1.64995464,2.504485582916045,2.523721210047427
-1.64963728,2.504485582916045,2.523721210047427
-1.64931992,2.503548981998673,2.523721210047427
-1.64900256,2.503548981998673,2.522785432457253
-1.6486852,2.502612381081303,2.523721210047427
-1.64836784,2.50073917924656,2.523721210047427
-1.64805048,2.50073917924656,2.523721210047427
-1.64773312,2.499802578329189,2.521849654867078
-1.64741576,2.499802578329189,2.521849654867078
-1.6470984,2.499802578329189,2.521849654867078
-1.64678104,2.499802578329189,2.521849654867078
-1.64646368,2.498865977411818,2.520913877276904
-1.64614632,2.497929376494447,2.520913877276904
-1.64582896,2.496992775577076,2.520913877276904
-1.6455116,2.497929376494447,2.520913877276904
-1.64519424,2.496992775577076,2.51997809968673
-1.64487688,2.496992775577076,2.520913877276904
-1.64455952,2.496992775577076,2.51997809968673
-1.64424216,2.496056174659705,2.519042322096555
-1.6439248,2.496056174659705,2.519042322096555
-1.64360744,2.496992775577076,2.519042322096555
-1.64329008,2.496056174659705,2.517170766916207
-1.64297272,2.496992775577076,2.517170766916207
-1.64265536,2.496992775577076,2.517170766916207
-1.642338,2.496056174659705,2.516234989326033
-1.64202064,2.496056174659705,2.515299211735859
-1.64170328,2.496056174659705,2.514363434145684
-1.64138592,2.496992775577076,2.514363434145684
-1.64106856,2.496992775577076,2.514363434145684
-1.6407512,2.496992775577076,2.51342765655551
-1.64043384,2.496992775577076,2.51342765655551
-1.64011648,2.497929376494447,2.512491878965336
-1.63979912,2.497929376494447,2.512491878965336
-1.63948176,2.497929376494447,2.511556101375161
-1.6391644,2.498865977411818,2.511556101375161
-1.63884704,2.498865977411818,2.510620323784988
-1.63852968,2.499802578329189,2.511556101375161
-1.63821232,2.50073917924656,2.510620323784988
-1.63789496,2.50073917924656,2.509684546194813
-1.6375776,2.50073917924656,2.509684546194813
-1.63726024,2.502612381081303,2.509684546194813
-1.63694288,2.502612381081303,2.509684546194813
-1.63662552,2.502612381081303,2.509684546194813
-1.63630816,2.503548981998673,2.508748768604639
-1.6359908,2.503548981998673,2.508748768604639
-1.63567344,2.503548981998673,2.508748768604639
-1.63535608,2.504485582916045,2.508748768604639
-1.63503872,2.505422183833416,2.508748768604639
-1.63472136,2.505422183833416,2.508748768604639
-1.634404,2.507295385668158,2.508748768604639
-1.63408664,2.507295385668158,2.507812991014465
-1.63376928,2.507295385668158,2.508748768604639
-1.63345192,2.508231986585529,2.508748768604639
-1.63313456,2.5091685875029,2.509684546194813
-1.6328172,2.508231986585529,2.509684546194813
-1.63249984,2.510105188420271,2.510620323784988
-1.63218248,2.510105188420271,2.511556101375161
-1.63186512,2.510105188420271,2.509684546194813
-1.63154776,2.511041789337642,2.510620323784988
-1.6312304,2.511041789337642,2.511556101375161
-1.63091304,2.511978390255013,2.511556101375161
-1.63059568,2.511978390255013,2.511556101375161
-1.63027832,2.511978390255013,2.511556101375161
-1.62996096,2.511978390255013,2.512491878965336
-1.6296436,2.511978390255013,2.51342765655551
-1.62932624,2.511978390255013,2.51342765655551
-1.62900888,2.512914991172384,2.514363434145684
-1.62869152,2.512914991172384,2.515299211735859
-1.62837416,2.511978390255013,2.514363434145684
-1.6280568,2.512914991172384,2.515299211735859
-1.62773944,2.512914991172384,2.515299211735859
-1.62742208,2.512914991172384,2.516234989326033
-1.62710472,2.511978390255013,2.516234989326033
-1.62678736,2.511978390255013,2.516234989326033
-1.62647,2.512914991172384,2.517170766916207
-1.62615264,2.512914991172384,2.518106544506382
-1.62583528,2.512914991172384,2.518106544506382
-1.62551792,2.512914991172384,2.519042322096555
-1.62520056,2.511978390255013,2.51997809968673
-1.6248832,2.511041789337642,2.51997809968673
-1.62456584,2.511041789337642,2.51997809968673
-1.62424848,2.510105188420271,2.51997809968673
-1.62393112,2.510105188420271,2.520913877276904
-1.62361376,2.510105188420271,2.520913877276904
-1.6232964,2.5091685875029,2.521849654867078
-1.62297904,2.5091685875029,2.520913877276904
-1.62266168,2.5091685875029,2.521849654867078
-1.62234432,2.5091685875029,2.521849654867078
-1.62202696,2.508231986585529,2.521849654867078
-1.6217096,2.507295385668158,2.521849654867078
-1.62139224,2.506358784750787,2.522785432457253
-1.62107488,2.506358784750787,2.522785432457253
-1.62075752,2.505422183833416,2.523721210047427
-1.62044016,2.505422183833416,2.523721210047427
-1.6201228,2.505422183833416,2.523721210047427
-1.61980544,2.505422183833416,2.522785432457253
-1.61948808,2.505422183833416,2.523721210047427
-1.61917072,2.503548981998673,2.523721210047427
-1.61885336,2.503548981998673,2.523721210047427
-1.618536,2.502612381081303,2.523721210047427
-1.61821864,2.501675780163931,2.522785432457253
-1.61790128,2.50073917924656,2.523721210047427
-1.61758392,2.50073917924656,2.522785432457253
-1.61726656,2.50073917924656,2.522785432457253
-1.6169492,2.499802578329189,2.521849654867078
-1.61663184,2.499802578329189,2.521849654867078
-1.61631448,2.499802578329189,2.522785432457253
-1.61599712,2.499802578329189,2.521849654867078
-1.61567976,2.498865977411818,2.520913877276904
-1.6153624,2.498865977411818,2.520913877276904
-1.61504504,2.498865977411818,2.520913877276904
-1.61472768,2.496992775577076,2.51997809968673
-1.61441032,2.497929376494447,2.51997809968673
-1.61409296,2.496056174659705,2.51997809968673
-1.6137756,2.496056174659705,2.51997809968673
-1.61345824,2.496056174659705,2.51997809968673
-1.61314088,2.496056174659705,2.519042322096555
-1.61282352,2.496056174659705,2.518106544506382
-1.61250616,2.496056174659705,2.518106544506382
-1.6121888,2.496056174659705,2.518106544506382
-1.61187144,2.496056174659705,2.517170766916207
-1.61155408,2.496992775577076,2.518106544506382
-1.61123672,2.495119573742334,2.518106544506382
-1.61091936,2.496056174659705,2.517170766916207
-1.610602,2.496056174659705,2.516234989326033
-1.61028464,2.496992775577076,2.515299211735859
-1.60996728,2.496992775577076,2.514363434145684
-1.60964992,2.496992775577076,2.51342765655551
-1.60933256,2.496992775577076,2.51342765655551
-1.6090152,2.497929376494447,2.51342765655551
-1.60869784,2.497929376494447,2.51342765655551
-1.60838048,2.497929376494447,2.512491878965336
-1.60806312,2.497929376494447,2.512491878965336
-1.60774576,2.498865977411818,2.511556101375161
-1.6074284,2.498865977411818,2.510620323784988
-1.60711104,2.498865977411818,2.510620323784988
-1.60679368,2.498865977411818,2.510620323784988
-1.60647632,2.498865977411818,2.510620323784988
-1.60615896,2.499802578329189,2.509684546194813
-1.6058416,2.499802578329189,2.510620323784988
-1.60552424,2.50073917924656,2.509684546194813
-1.60520688,2.50073917924656,2.509684546194813
-1.60488952,2.50073917924656,2.509684546194813
-1.60457216,2.50073917924656,2.508748768604639
-1.6042548,2.501675780163931,2.508748768604639
-1.60393744,2.501675780163931,2.507812991014465
-1.60362008,2.502612381081303,2.508748768604639
-1.60330272,2.502612381081303,2.508748768604639
-1.60298536,2.502612381081303,2.507812991014465
-1.602668,2.504485582916045,2.507812991014465
-1.60235064,2.505422183833416,2.507812991014465
-1.60203328,2.506358784750787,2.508748768604639
-1.60171592,2.505422183833416,2.508748768604639
-1.60139856,2.506358784750787,2.508748768604639
-1.6010812,2.506358784750787,2.508748768604639
-1.60076384,2.506358784750787,2.508748768604639
-1.60044648,2.506358784750787,2.507812991014465
-1.60012912,2.507295385668158,2.507812991014465
-1.59981176,2.508231986585529,2.508748768604639
-1.5994944,2.5091685875029,2.508748768604639
-1.59917704,2.510105188420271,2.508748768604639
-1.59885968,2.5091685875029,2.509684546194813
-1.59854232,2.510105188420271,2.509684546194813
-1.59822496,2.510105188420271,2.509684546194813
-1.5979076,2.510105188420271,2.510620323784988
-1.59759024,2.5091685875029,2.510620323784988
-1.59727288,2.511041789337642,2.510620323784988
-1.59695552,2.511978390255013,2.511556101375161
-1.59663816,2.511978390255013,2.512491878965336
-1.5963208,2.511978390255013,2.512491878965336
-1.59600344,2.511978390255013,2.51342765655551
-1.59568608,2.512914991172384,2.51342765655551
-1.59536872,2.512914991172384,2.51342765655551
-1.59505136,2.513851592089755,2.514363434145684
-1.594734,2.512914991172384,2.51342765655551
-1.59441664,2.512914991172384,2.514363434145684
-1.59409928,2.513851592089755,2.514363434145684
-1.59378192,2.513851592089755,2.515299211735859
-1.59346456,2.512914991172384,2.515299211735859
-1.5931472,2.513851592089755,2.516234989326033
-1.59282984,2.512914991172384,2.516234989326033
-1.59251248,2.512914991172384,2.517170766916207
-1.59219512,2.513851592089755,2.517170766916207
-1.59187776,2.512914991172384,2.517170766916207
-1.5915604,2.512914991172384,2.519042322096555
-1.59124304,2.512914991172384,2.519042322096555
-1.59092568,2.511978390255013,2.51997809968673
-1.59060832,2.511978390255013,2.520913877276904
-1.59029096,2.511041789337642,2.520913877276904
-1.5899736,2.511041789337642,2.520913877276904
-1.58965624,2.511041789337642,2.522785432457253
-1.58933888,2.510105188420271,2.522785432457253
-1.58902152,2.510105188420271,2.522785432457253
-1.58870416,2.5091685875029,2.522785432457253
-1.5883868,2.5091685875029,2.523721210047427
-1.58806944,2.508231986585529,2.522785432457253
-1.58775208,2.508231986585529,2.523721210047427
-1.58743472,2.508231986585529,2.523721210047427
-1.58711736,2.506358784750787,2.524656987637601
-1.5868,2.506358784750787,2.523721210047427
-1.58648264,2.506358784750787,2.524656987637601
-1.58616528,2.505422183833416,2.524656987637601
-1.58584792,2.505422183833416,2.524656987637601
-1.58553056,2.504485582916045,2.525592765227775
-1.5852132,2.503548981998673,2.523721210047427
-1.58489584,2.503548981998673,2.524656987637601
-1.58457848,2.501675780163931,2.524656987637601
-1.58426112,2.501675780163931,2.523721210047427
-1.58394376,2.50073917924656,2.524656987637601
-1.5836264,2.499802578329189,2.523721210047427
-1.58330904,2.499802578329189,2.523721210047427
-1.58299168,2.498865977411818,2.522785432457253
-1.58267432,2.496992775577076,2.521849654867078
-1.58235696,2.497929376494447,2.522785432457253
-1.5820396,2.497929376494447,2.521849654867078
-1.58172224,2.496992775577076,2.521849654867078
-1.58140488,2.496992775577076,2.521849654867078
-1.58108752,2.496992775577076,2.521849654867078
-1.58077016,2.496056174659705,2.520913877276904
-1.5804528,2.495119573742334,2.51997809968673
-1.58013544,2.496056174659705,2.51997809968673
-1.57981808,2.494182972824963,2.51997809968673
-1.57950072,2.495119573742334,2.519042322096555
-1.57918336,2.495119573742334,2.519042322096555
-1.578866,2.494182972824963,2.518106544506382
-1.57854864,2.495119573742334,2.517170766916207
-1.57823128,2.494182972824963,2.516234989326033
-1.57791392,2.495119573742334,2.516234989326033
-1.57759656,2.494182972824963,2.515299211735859
-1.5772792,2.494182972824963,2.514363434145684
-1.57696184,2.494182972824963,2.514363434145684
-1.57664448,2.494182972824963,2.51342765655551
-1.57632712,2.494182972824963,2.51342765655551
-1.57600976,2.495119573742334,2.512491878965336
-1.5756924,2.494182972824963,2.511556101375161
-1.57537504,2.495119573742334,2.511556101375161
-1.57505768,2.496056174659705,2.511556101375161
-1.57474032,2.496056174659705,2.510620323784988
-1.57442296,2.496992775577076,2.510620323784988
-1.5741056,2.496056174659705,2.508748768604639
-1.57378824,2.496992775577076,2.508748768604639
-1.57347088,2.497929376494447,2.508748768604639
-1.57315352,2.496992775577076,2.508748768604639
-1.57283616,2.497929376494447,2.507812991014465
-1.5725188,2.498865977411818,2.50687721342429
-1.57220144,2.498865977411818,2.50687721342429
-1.57188408,2.499802578329189,2.50687721342429
-1.57156672,2.499802578329189,2.50687721342429
-1.57124936,2.50073917924656,2.50687721342429
-1.570932,2.501675780163931,2.50687721342429
-1.57061464,2.502612381081303,2.505941435834116
-1.57029728,2.503548981998673,2.505941435834116
-1.56997992,2.504485582916045,2.505941435834116
-1.56966256,2.504485582916045,2.505005658243942
-1.5693452,2.505422183833416,2.505941435834116
-1.56902784,2.505422183833416,2.50687721342429
-1.56871048,2.506358784750787,2.505941435834116
-1.56839312,2.507295385668158,2.50687721342429
-1.56807576,2.507295385668158,2.50687721342429
-1.5677584,2.508231986585529,2.50687721342429
-1.56744104,2.5091685875029,2.50687721342429
-1.56712368,2.5091685875029,2.507812991014465
-1.56680632,2.5091685875029,2.507812991014465
-1.56648896,2.510105188420271,2.50687721342429
-1.5661716,2.510105188420271,2.508748768604639
-1.56585424,2.511041789337642,2.508748768604639
-1.56553688,2.511978390255013,2.509684546194813
-1.56521952,2.511978390255013,2.509684546194813
-1.56490216,2.511978390255013,2.509684546194813
-1.5645848,2.512914991172384,2.510620323784988
-1.56426744,2.511978390255013,2.511556101375161
-1.56395008,2.513851592089755,2.511556101375161
-1.56363272,2.514788193007127,2.511556101375161
-1.56331536,2.514788193007127,2.51342765655551
-1.562998,2.514788193007127,2.51342765655551
-1.56268064,2.514788193007127,2.51342765655551
-1.56236328,2.514788193007127,2.515299211735859
-1.56204592,2.514788193007127,2.515299211735859
-1.56172856,2.515724793924498,2.516234989326033
-1.5614112,2.513851592089755,2.516234989326033
-1.56109384,2.513851592089755,2.517170766916207
-1.56077648,2.513851592089755,2.518106544506382
-1.56045912,2.512914991172384,2.518106544506382
-1.56014176,2.512914991172384,2.519042322096555
-1.5598244,2.512914991172384,2.519042322096555
-1.55950704,2.512914991172384,2.51997809968673
-1.55918968,2.512914991172384,2.520913877276904
-1.55887232,2.511978390255013,2.520913877276904
-1.55855496,2.511978390255013,2.521849654867078
-1.5582376,2.511041789337642,2.522785432457253
-1.55792024,2.511041789337642,2.522785432457253
-1.55760288,2.510105188420271,2.523721210047427
-1.55728552,2.510105188420271,2.523721210047427
-1.55696816,2.510105188420271,2.525592765227775
-1.5566508,2.508231986585529,2.525592765227775
-1.55633344,2.507295385668158,2.525592765227775
-1.55601608,2.508231986585529,2.52652854281795
-1.55569872,2.507295385668158,2.52652854281795
-1.55538136,2.505422183833416,2.52652854281795
-1.555064,2.506358784750787,2.52652854281795
-1.55474664,2.505422183833416,2.527464320408124
-1.55442928,2.503548981998673,2.527464320408124
-1.55411192,2.502612381081303,2.527464320408124
-1.55379456,2.501675780163931,2.527464320408124
-1.5534772,2.50073917924656,2.527464320408124
-1.55315984,2.50073917924656,2.527464320408124
-1.55284248,2.499802578329189,2.527464320408124
-1.55252512,2.498865977411818,2.52652854281795
-1.55220776,2.497929376494447,2.52652854281795
-1.5518904,2.496992775577076,2.52652854281795
-1.55157304,2.496056174659705,2.52652854281795
-1.55125568,2.496056174659705,2.525592765227775
-1.55093832,2.495119573742334,2.524656987637601
-1.55062096,2.495119573742334,2.524656987637601
-1.5503036,2.494182972824963,2.524656987637601
-1.54998624,2.494182972824963,2.523721210047427
-1.54966888,2.494182972824963,2.522785432457253
-1.54935152,2.493246371907591,2.522785432457253
-1.54903416,2.492309770990221,2.521849654867078
-1.5487168,2.492309770990221,2.520913877276904
-1.54839944,2.491373170072849,2.51997809968673
-1.54808208,2.491373170072849,2.51997809968673
-1.54776472,2.491373170072849,2.519042322096555
-1.54744736,2.491373170072849,2.518106544506382
-1.54713,2.490436569155478,2.517170766916207
-1.54681264,2.491373170072849,2.517170766916207
-1.54649528,2.490436569155478,2.515299211735859
-1.54617792,2.490436569155478,2.514363434145684
-1.54586056,2.490436569155478,2.514363434145684
-1.5455432,2.490436569155478,2.512491878965336
-1.54522584,2.490436569155478,2.512491878965336
-1.54490848,2.491373170072849,2.511556101375161
-1.54459112,2.491373170072849,2.510620323784988
-1.54427376,2.492309770990221,2.509684546194813
-1.5439564,2.492309770990221,2.507812991014465
-1.54363904,2.493246371907591,2.507812991014465
-1.54332168,2.494182972824963,2.507812991014465
-1.54300432,2.494182972824963,2.507812991014465
-1.54268696,2.494182972824963,2.50687721342429
-1.5423696,2.496056174659705,2.505941435834116
-1.54205224,2.496056174659705,2.505005658243942
-1.54173488,2.497929376494447,2.505005658243942
-1.54141752,2.499802578329189,2.505941435834116
-1.54110016,2.499802578329189,2.505941435834116
-1.5407828,2.50073917924656,2.505005658243942
-1.54046544,2.502612381081303,2.505005658243942
-1.54014808,2.502612381081303,2.505005658243942
-1.53983072,2.503548981998673,2.505005658243942
-1.53951336,2.505422183833416,2.505005658243942
-1.539196,2.506358784750787,2.504069880653768
-1.53887864,2.506358784750787,2.504069880653768
-1.53856128,2.506358784750787,2.505005658243942
-1.53824392,2.508231986585529,2.505005658243942
-1.53792656,2.508231986585529,2.504069880653768
-1.5376092,2.510105188420271,2.505005658243942
-1.53729184,2.510105188420271,2.505005658243942
-1.53697448,2.511041789337642,2.50687721342429
-1.53665712,2.511041789337642,2.50687721342429
-1.53633976,2.511978390255013,2.50687721342429
-1.5360224,2.512914991172384,2.507812991014465
-1.53570504,2.513851592089755,2.507812991014465
-1.53538768,2.513851592089755,2.508748768604639
-1.53507032,2.514788193007127,2.509684546194813
-1.53475296,2.515724793924498,2.510620323784988
-1.5344356,2.516661394841869,2.511556101375161
-1.53411824,2.515724793924498,2.511556101375161
-1.53380088,2.515724793924498,2.511556101375161
-1.53348352,2.515724793924498,2.512491878965336
-1.53316616,2.516661394841869,2.51342765655551
-1.5328488,2.515724793924498,2.514363434145684
-1.53253144,2.516661394841869,2.516234989326033
-1.53221408,2.515724793924498,2.516234989326033
-1.53189672,2.515724793924498,2.518106544506382
-1.53157936,2.515724793924498,2.518106544506382
-1.531262,2.515724793924498,2.519042322096555
-1.53094464,2.514788193007127,2.519042322096555
-1.53062728,2.513851592089755,2.520913877276904
-1.53030992,2.513851592089755,2.520913877276904
-1.52999256,2.512914991172384,2.521849654867078
-1.5296752,2.511978390255013,2.522785432457253
-1.52935784,2.511978390255013,2.522785432457253
-1.52904048,2.511041789337642,2.523721210047427
-1.52872312,2.511041789337642,2.524656987637601
-1.52840576,2.510105188420271,2.524656987637601
-1.5280884,2.5091685875029,2.525592765227775
-1.52777104,2.5091685875029,2.52652854281795
-1.52745368,2.507295385668158,2.52652854281795
-1.52713632,2.507295385668158,2.525592765227775
-1.52681896,2.506358784750787,2.527464320408124
-1.5265016,2.506358784750787,2.527464320408124
-1.52618424,2.504485582916045,2.52652854281795
-1.52586688,2.503548981998673,2.52652854281795
-1.52554952,2.502612381081303,2.52652854281795
-1.52523216,2.502612381081303,2.527464320408124
-1.5249148,2.501675780163931,2.527464320408124
-1.52459744,2.50073917924656,2.527464320408124
-1.52428008,2.499802578329189,2.52652854281795
-1.52396272,2.498865977411818,2.52652854281795
-1.52364536,2.497929376494447,2.525592765227775
-1.523328,2.496992775577076,2.524656987637601
-1.52301064,2.496056174659705,2.525592765227775
-1.52269328,2.496056174659705,2.524656987637601
-1.52237592,2.494182972824963,2.523721210047427
-1.52205856,2.494182972824963,2.523721210047427
-1.5217412,2.494182972824963,2.522785432457253
-1.52142384,2.493246371907591,2.521849654867078
-1.52110648,2.492309770990221,2.521849654867078
-1.52078912,2.493246371907591,2.520913877276904
-1.52047176,2.493246371907591,2.520913877276904
-1.5201544,2.493246371907591,2.51997809968673
-1.51983704,2.493246371907591,2.519042322096555
-1.51951968,2.492309770990221,2.517170766916207
-1.51920232,2.491373170072849,2.516234989326033
-1.51888496,2.492309770990221,2.515299211735859
-1.5185676,2.492309770990221,2.514363434145684
-1.51825024,2.491373170072849,2.514363434145684
-1.51793288,2.491373170072849,2.51342765655551
-1.51761552,2.491373170072849,2.512491878965336
-1.51729816,2.492309770990221,2.511556101375161
-1.5169808,2.492309770990221,2.510620323784988
-1.51666344,2.492309770990221,2.509684546194813
-1.51634608,2.493246371907591,2.509684546194813
-1.51602872,2.493246371907591,2.508748768604639
-1.51571136,2.494182972824963,2.507812991014465
-1.515394,2.494182972824963,2.507812991014465
-1.51507664,2.496056174659705,2.507812991014465
-1.51475928,2.496056174659705,2.50687721342429
-1.51444192,2.496992775577076,2.50687721342429
-1.51412456,2.497929376494447,2.505941435834116
-1.5138072,2.498865977411818,2.505941435834116
-1.51348984,2.498865977411818,2.505941435834116
-1.51317248,2.499802578329189,2.505005658243942
-1.51285512,2.50073917924656,2.505941435834116
-1.51253776,2.501675780163931,2.505005658243942
-1.5122204,2.502612381081303,2.504069880653768
-1.51190304,2.503548981998673,2.505005658243942
-1.51158568,2.504485582916045,2.505005658243942
-1.51126832,2.506358784750787,2.505941435834116
-1.51095096,2.507295385668158,2.505005658243942
-1.5106336,2.508231986585529,2.505005658243942
-1.51031624,2.5091685875029,2.50687721342429
-1.50999888,2.510105188420271,2.505941435834116
-1.50968152,2.510105188420271,2.50687721342429
-1.50936416,2.511041789337642,2.507812991014465
-1.5090468,2.511041789337642,2.50687721342429
-1.50872944,2.512914991172384,2.50687721342429
-1.50841208,2.511978390255013,2.507812991014465
-1.50809472,2.511978390255013,2.508748768604639
-1.50777736,2.511978390255013,2.509684546194813
-1.50746,2.513851592089755,2.510620323784988
-1.50714264,2.513851592089755,2.510620323784988
-1.50682528,2.513851592089755,2.512491878965336
-1.50650792,2.513851592089755,2.512491878965336
-1.50619056,2.513851592089755,2.51342765655551
-1.5058732,2.514788193007127,2.514363434145684
-1.50555584,2.514788193007127,2.515299211735859
-1.50523848,2.514788193007127,2.515299211735859
-1.50492112,2.513851592089755,2.516234989326033
-1.50460376,2.514788193007127,2.517170766916207
-1.5042864,2.513851592089755,2.517170766916207
-1.50396904,2.514788193007127,2.519042322096555
-1.50365168,2.513851592089755,2.51997809968673
-1.50333432,2.513851592089755,2.520913877276904
-1.50301696,2.513851592089755,2.520913877276904
-1.5026996,2.513851592089755,2.522785432457253
-1.50238224,2.512914991172384,2.522785432457253
-1.50206488,2.511978390255013,2.522785432457253
-1.50174752,2.511978390255013,2.524656987637601
-1.50143016,2.511041789337642,2.524656987637601
-1.5011128,2.510105188420271,2.525592765227775
-1.50079544,2.5091685875029,2.525592765227775
-1.50047808,2.508231986585529,2.525592765227775
-1.50016072,2.508231986585529,2.525592765227775
-1.49984336,2.507295385668158,2.52652854281795
-1.499526,2.506358784750787,2.527464320408124
-1.49920864,2.505422183833416,2.527464320408124
-1.49889128,2.504485582916045,2.527464320408124
-1.49857392,2.502612381081303,2.527464320408124
-1.49825656,2.502612381081303,2.52652854281795
-1.4979392,2.502612381081303,2.527464320408124
-1.49762184,2.50073917924656,2.527464320408124
-1.49730448,2.499802578329189,2.52652854281795
-1.49698712,2.499802578329189,2.52652854281795
-1.49666976,2.498865977411818,2.52652854281795
-1.4963524,2.497929376494447,2.525592765227775
-1.49603504,2.496992775577076,2.524656987637601
-1.49571768,2.496056174659705,2.524656987637601
-1.49540032,2.496056174659705,2.524656987637601
-1.49508296,2.494182972824963,2.523721210047427
-1.4947656,2.494182972824963,2.522785432457253
-1.49444824,2.494182972824963,2.521849654867078
-1.49413088,2.494182972824963,2.521849654867078
-1.49381352,2.493246371907591,2.520913877276904
-1.49349616,2.493246371907591,2.51997809968673
-1.4931788,2.493246371907591,2.51997809968673
-1.49286144,2.492309770990221,2.518106544506382
-1.49254408,2.492309770990221,2.518106544506382
-1.49222672,2.492309770990221,2.518106544506382
-1.49190936,2.493246371907591,2.517170766916207
-1.491592,2.493246371907591,2.516234989326033
-1.49127464,2.493246371907591,2.515299211735859
-1.49095728,2.492309770990221,2.514363434145684
-1.49063992,2.493246371907591,2.51342765655551
-1.49032256,2.493246371907591,2.512491878965336
-1.4900052,2.493246371907591,2.511556101375161
-1.48968784,2.494182972824963,2.511556101375161
-1.48937048,2.494182972824963,2.511556101375161
-1.48905312,2.495119573742334,2.510620323784988
-1.48873576,2.495119573742334,2.509684546194813
-1.4884184,2.496056174659705,2.509684546194813
-1.48810104,2.496992775577076,2.507812991014465
-1.48778368,2.496992775577076,2.507812991014465
-1.48746632,2.498865977411818,2.507812991014465
-1.48714896,2.498865977411818,2.507812991014465
-1.4868316,2.498865977411818,2.50687721342429
-1.48651424,2.499802578329189,2.50687721342429
-1.48619688,2.501675780163931,2.50687721342429
-1.48587952,2.502612381081303,2.505941435834116
-1.48556216,2.503548981998673,2.505941435834116
-1.4852448,2.503548981998673,2.505941435834116
-1.48492744,2.504485582916045,2.505005658243942
-1.48461008,2.506358784750787,2.505941435834116
-1.48429272,2.506358784750787,2.505941435834116
-1.48397536,2.506358784750787,2.505941435834116
-1.483658,2.507295385668158,2.505941435834116
-1.48334064,2.507295385668158,2.505941435834116
-1.48302328,2.508231986585529,2.505941435834116
-1.48270592,2.508231986585529,2.505941435834116
-1.48238856,2.5091685875029,2.505941435834116
-1.4820712,2.510105188420271,2.507812991014465
-1.48175384,2.510105188420271,2.507812991014465
-1.48143648,2.511978390255013,2.508748768604639
-1.48111912,2.511978390255013,2.508748768604639
-1.48080176,2.511978390255013,2.509684546194813
-1.4804844,2.511041789337642,2.509684546194813
-1.48016704,2.511978390255013,2.510620323784988
-1.47984968,2.511978390255013,2.511556101375161
-1.47953232,2.512914991172384,2.512491878965336
-1.47921496,2.511978390255013,2.512491878965336
-1.4788976,2.512914991172384,2.51342765655551
-1.47858024,2.512914991172384,2.51342765655551
-1.47826288,2.511978390255013,2.514363434145684
-1.47794552,2.512914991172384,2.514363434145684
-1.47762816,2.511978390255013,2.515299211735859
-1.4773108,2.512914991172384,2.516234989326033
-1.47699344,2.512914991172384,2.517170766916207
-1.47667608,2.512914991172384,2.518106544506382
-1.47635872,2.512914991172384,2.518106544506382
-1.47604136,2.511978390255013,2.519042322096555
-1.475724,2.511041789337642,2.519042322096555
-1.47540664,2.511978390255013,2.51997809968673
-1.47508928,2.511041789337642,2.520913877276904
-1.47477192,2.511041789337642,2.521849654867078
-1.47445456,2.511041789337642,2.522785432457253
-1.4741372,2.510105188420271,2.522785432457253
-1.47381984,2.5091685875029,2.522785432457253
-1.47350248,2.5091685875029,2.522785432457253
-1.47318512,2.5091685875029,2.523721210047427
-1.47286776,2.507295385668158,2.523721210047427
-1.4725504,2.507295385668158,2.523721210047427
-1.47223304,2.506358784750787,2.524656987637601
-1.47191568,2.506358784750787,2.525592765227775
-1.47159832,2.506358784750787,2.52652854281795
-1.47128096,2.505422183833416,2.525592765227775
-1.4709636,2.504485582916045,2.525592765227775
-1.47064624,2.503548981998673,2.52652854281795
-1.47032888,2.502612381081303,2.524656987637601
-1.47001152,2.501675780163931,2.525592765227775
-1.46969416,2.501675780163931,2.52652854281795
-1.4693768,2.50073917924656,2.525592765227775
-1.46905944,2.50073917924656,2.525592765227775
-1.46874208,2.498865977411818,2.524656987637601
-1.46842472,2.499802578329189,2.524656987637601
-1.46810736,2.498865977411818,2.524656987637601
-1.46779,2.497929376494447,2.523721210047427
-1.46747264,2.497929376494447,2.523721210047427
-1.46715528,2.496992775577076,2.522785432457253
-1.46683792,2.496056174659705,2.523721210047427
-1.46652056,2.497929376494447,2.522785432457253
-1.4662032,2.495119573742334,2.520913877276904
-1.46588584,2.496056174659705,2.521849654867078
-1.46556848,2.496056174659705,2.520913877276904
-1.46525112,2.496056174659705,2.520913877276904
-1.46493376,2.496056174659705,2.51997809968673
-1.4646164,2.496056174659705,2.518106544506382
-1.46429904,2.496056174659705,2.518106544506382
-1.46398168,2.496992775577076,2.519042322096555
-1.46366432,2.496056174659705,2.517170766916207
-1.46334696,2.495119573742334,2.516234989326033
-1.4630296,2.495119573742334,2.515299211735859
-1.46271224,2.495119573742334,2.515299211735859
-1.46239488,2.496056174659705,2.515299211735859
-1.46207752,2.496056174659705,2.514363434145684
-1.46176016,2.495119573742334,2.51342765655551
-1.4614428,2.496056174659705,2.512491878965336
-1.46112544,2.495119573742334,2.511556101375161
-1.46080808,2.496992775577076,2.511556101375161
-1.46049072,2.496056174659705,2.510620323784988
-1.46017336,2.496992775577076,2.511556101375161
-1.459856,2.497929376494447,2.511556101375161
-1.45953864,2.497929376494447,2.510620323784988
-1.45922128,2.497929376494447,2.509684546194813
-1.45890392,2.498865977411818,2.509684546194813
-1.45858656,2.499802578329189,2.508748768604639
-1.4582692,2.50073917924656,2.508748768604639
-1.45795184,2.499802578329189,2.50687721342429
-1.45763448,2.50073917924656,2.507812991014465
-1.45731712,2.501675780163931,2.507812991014465
-1.45699976,2.501675780163931,2.50687721342429
-1.4566824,2.502612381081303,2.507812991014465
-1.45636504,2.502612381081303,2.507812991014465
-1.45604768,2.503548981998673,2.50687721342429
-1.45573032,2.504485582916045,2.50687721342429
-1.45541296,2.504485582916045,2.50687721342429
-1.4550956,2.505422183833416,2.50687721342429
-1.45477824,2.505422183833416,2.50687721342429
-1.45446088,2.507295385668158,2.50687721342429
-1.45414352,2.507295385668158,2.50687721342429
-1.45382616,2.507295385668158,2.50687721342429
-1.4535088,2.508231986585529,2.507812991014465
-1.45319144,2.508231986585529,2.507812991014465
-1.45287408,2.5091685875029,2.508748768604639
-1.45255672,2.5091685875029,2.508748768604639
-1.45223936,2.5091685875029,2.508748768604639
-1.451922,2.510105188420271,2.509684546194813
-1.45160464,2.510105188420271,2.509684546194813
-1.45128728,2.511041789337642,2.510620323784988
-1.45096992,2.511978390255013,2.510620323784988
-1.45065256,2.511978390255013,2.511556101375161
-1.4503352,2.511978390255013,2.512491878965336
-1.45001784,2.511978390255013,2.512491878965336
-1.44970048,2.512914991172384,2.51342765655551
-1.44938312,2.511978390255013,2.51342765655551
-1.44906576,2.512914991172384,2.514363434145684
-1.4487484,2.512914991172384,2.514363434145684
-1.44843104,2.511978390255013,2.515299211735859
-1.44811368,2.512914991172384,2.516234989326033
-1.44779632,2.511978390255013,2.517170766916207
-1.44747896,2.511978390255013,2.517170766916207
-1.4471616,2.511041789337642,2.517170766916207
-1.44684424,2.511041789337642,2.518106544506382
-1.44652688,2.510105188420271,2.518106544506382
-1.44620952,2.511041789337642,2.519042322096555
-1.44589216,2.510105188420271,2.51997809968673
-1.4455748,2.510105188420271,2.520913877276904
-1.44525744,2.510105188420271,2.520913877276904
-1.44494008,2.5091685875029,2.520913877276904
-1.44462272,2.5091685875029,2.521849654867078
-1.44430536,2.508231986585529,2.521849654867078
-1.443988,2.508231986585529,2.521849654867078
-1.44367064,2.507295385668158,2.521849654867078
-1.44335328,2.507295385668158,2.522785432457253
-1.44303592,2.507295385668158,2.523721210047427
-1.44271856,2.506358784750787,2.522785432457253
-1.4424012,2.506358784750787,2.523721210047427
-1.44208384,2.505422183833416,2.523721210047427
-1.44176648,2.505422183833416,2.523721210047427
-1.44144912,2.505422183833416,2.524656987637601
-1.44113176,2.504485582916045,2.523721210047427
-1.4408144,2.503548981998673,2.523721210047427
-1.44049704,2.502612381081303,2.523721210047427
-1.44017968,2.501675780163931,2.522785432457253
-1.43986232,2.501675780163931,2.523721210047427
-1.43954496,2.501675780163931,2.522785432457253
-1.4392276,2.50073917924656,2.523721210047427
-1.43891024,2.50073917924656,2.522785432457253
-1.43859288,2.50073917924656,2.522785432457253
-1.43827552,2.50073917924656,2.522785432457253
-1.43795816,2.499802578329189,2.521849654867078
-1.4376408,2.50073917924656,2.521849654867078
-1.43732344,2.498865977411818,2.521849654867078
-1.43700608,2.498865977411818,2.521849654867078
-1.43668872,2.497929376494447,2.520913877276904
-1.43637136,2.497929376494447,2.520913877276904
-1.436054,2.497929376494447,2.51997809968673
-1.43573664,2.497929376494447,2.51997809968673
-1.43541928,2.497929376494447,2.519042322096555
-1.43510192,2.497929376494447,2.519042322096555
-1.43478456,2.496056174659705,2.518106544506382
-1.4344672,2.496992775577076,2.519042322096555
-1.43414984,2.496992775577076,2.518106544506382
-1.43383248,2.496992775577076,2.517170766916207
-1.43351512,2.496992775577076,2.516234989326033
-1.43319776,2.496056174659705,2.516234989326033
-1.4328804,2.496056174659705,2.515299211735859
-1.43256304,2.496992775577076,2.515299211735859
-1.43224568,2.496992775577076,2.514363434145684
-1.43192832,2.496056174659705,2.515299211735859
-1.43161096,2.497929376494447,2.514363434145684
-1.4312936,2.496992775577076,2.514363434145684
-1.43097624,2.496992775577076,2.51342765655551
-1.43065888,2.496992775577076,2.51342765655551
-1.43034152,2.497929376494447,2.512491878965336
-1.43002416,2.497929376494447,2.512491878965336
-1.4297068,2.498865977411818,2.511556101375161
-1.42938944,2.497929376494447,2.511556101375161
-1.42907208,2.497929376494447,2.510620323784988
-1.42875472,2.498865977411818,2.511556101375161
-1.42843736,2.499802578329189,2.510620323784988
-1.42812,2.499802578329189,2.509684546194813
-1.42780264,2.499802578329189,2.509684546194813
-1.42748528,2.50073917924656,2.509684546194813
-1.42716792,2.50073917924656,2.509684546194813
-1.42685056,2.50073917924656,2.509684546194813
-1.4265332,2.502612381081303,2.509684546194813
-1.42621584,2.501675780163931,2.508748768604639
-1.42589848,2.502612381081303,2.508748768604639
-1.42558112,2.503548981998673,2.509684546194813
-1.42526376,2.504485582916045,2.509684546194813
-1.4249464,2.505422183833416,2.509684546194813
-1.42462904,2.505422183833416,2.509684546194813
-1.42431168,2.505422183833416,2.510620323784988
-1.42399432,2.506358784750787,2.510620323784988
-1.42367696,2.506358784750787,2.510620323784988
-1.4233596,2.506358784750787,2.510620323784988
-1.42304224,2.507295385668158,2.511556101375161
-1.42272488,2.508231986585529,2.510620323784988
-1.42240752,2.508231986585529,2.511556101375161
-1.42209016,2.508231986585529,2.511556101375161
-1.4217728,2.508231986585529,2.511556101375161
-1.42145544,2.508231986585529,2.512491878965336
-1.42113808,2.508231986585529,2.512491878965336
-1.42082072,2.5091685875029,2.51342765655551
-1.42050336,2.510105188420271,2.51342765655551
-1.420186,2.5091685875029,2.51342765655551
-1.41986864,2.5091685875029,2.514363434145684
-1.41955128,2.5091685875029,2.51342765655551
-1.41923392,2.510105188420271,2.514363434145684
-1.41891656,2.510105188420271,2.514363434145684
-1.4185992,2.5091685875029,2.515299211735859
-1.41828184,2.510105188420271,2.515299211735859
-1.41796448,2.510105188420271,2.516234989326033
-1.41764712,2.510105188420271,2.516234989326033
-1.41732976,2.510105188420271,2.516234989326033
-1.4170124,2.510105188420271,2.517170766916207
-1.41669504,2.510105188420271,2.516234989326033
-1.41637768,2.510105188420271,2.517170766916207
-1.41606032,2.510105188420271,2.518106544506382
-1.41574296,2.510105188420271,2.519042322096555
-1.4154256,2.5091685875029,2.518106544506382
-1.41510824,2.5091685875029,2.518106544506382
-1.41479088,2.508231986585529,2.518106544506382
-1.41447352,2.508231986585529,2.519042322096555
-1.41415616,2.508231986585529,2.519042322096555
-1.4138388,2.508231986585529,2.51997809968673
-1.41352144,2.507295385668158,2.51997809968673
-1.41320408,2.506358784750787,2.51997809968673
-1.41288672,2.507295385668158,2.520913877276904
-1.41256936,2.505422183833416,2.520913877276904
-1.412252,2.505422183833416,2.520913877276904
-1.41193464,2.505422183833416,2.520913877276904
-1.41161728,2.504485582916045,2.520913877276904
-1.41129992,2.504485582916045,2.521849654867078
-1.41098256,2.504485582916045,2.521849654867078
-1.4106652,2.504485582916045,2.522785432457253
-1.41034784,2.502612381081303,2.521849654867078
-1.41003048,2.502612381081303,2.522785432457253
-1.40971312,2.502612381081303,2.522785432457253
-1.40939576,2.501675780163931,2.521849654867078
-1.4090784,2.501675780163931,2.521849654867078
-1.40876104,2.501675780163931,2.521849654867078
-1.40844368,2.50073917924656,2.520913877276904
-1.40812632,2.50073917924656,2.520913877276904
-1.40780896,2.50073917924656,2.520913877276904
-1.4074916,2.499802578329189,2.521849654867078
-1.40717424,2.499802578329189,2.520913877276904
-1.40685688,2.498865977411818,2.520913877276904
-1.40653952,2.499802578329189,2.520913877276904
-1.40622216,2.497929376494447,2.51997809968673
-1.4059048,2.498865977411818,2.519042322096555
-1.40558744,2.497929376494447,2.519042322096555
-1.40527008,2.497929376494447,2.519042322096555
-1.40495272,2.497929376494447,2.518106544506382
-1.40463536,2.497929376494447,2.517170766916207
-1.404318,2.497929376494447,2.517170766916207
-1.40400064,2.497929376494447,2.517170766916207
-1.40368328,2.498865977411818,2.517170766916207
-1.40336592,2.498865977411818,2.517170766916207
-1.40304856,2.498865977411818,2.516234989326033
-1.4027312,2.498865977411818,2.516234989326033
-1.40241384,2.497929376494447,2.515299211735859
-1.40209648,2.498865977411818,2.515299211735859
-1.40177912,2.498865977411818,2.515299211735859
-1.40146176,2.498865977411818,2.515299211735859
-1.4011444,2.499802578329189,2.514363434145684
-1.40082704,2.498865977411818,2.51342765655551
-1.40050968,2.50073917924656,2.51342765655551
-1.40019232,2.499802578329189,2.51342765655551
-1.39987496,2.498865977411818,2.51342765655551
-1.3995576,2.50073917924656,2.512491878965336
-1.39924024,2.50073917924656,2.511556101375161
-1.39892288,2.501675780163931,2.511556101375161
-1.39860552,2.501675780163931,2.511556101375161
-1.39828816,2.501675780163931,2.510620323784988
-1.3979708,2.502612381081303,2.511556101375161
-1.39765344,2.502612381081303,2.510620323784988
-1.39733608,2.503548981998673,2.511556101375161
-1.39701872,2.503548981998673,2.511556101375161
-1.39670136,2.503548981998673,2.510620323784988
-1.396384,2.504485582916045,2.510620323784988
-1.39606664,2.505422183833416,2.510620323784988
-1.39574928,2.505422183833416,2.510620323784988
-1.39543192,2.504485582916045,2.510620323784988
-1.39511456,2.505422183833416,2.510620323784988
-1.3947972,2.505422183833416,2.510620323784988
-1.39447984,2.506358784750787,2.511556101375161
-1.39416248,2.507295385668158,2.511556101375161
-1.39384512,2.506358784750787,2.510620323784988
-1.39352776,2.507295385668158,2.511556101375161
-1.3932104,2.508231986585529,2.511556101375161
-1.39289304,2.508231986585529,2.512491878965336
-1.39257568,2.508231986585529,2.51342765655551
-1.39225832,2.508231986585529,2.51342765655551
-1.39194096,2.5091685875029,2.51342765655551
-1.3916236,2.5091685875029,2.514363434145684
-1.39130624,2.5091685875029,2.51342765655551
-1.39098888,2.5091685875029,2.514363434145684
-1.39067152,2.510105188420271,2.514363434145684
-1.39035416,2.510105188420271,2.515299211735859
-1.3900368,2.510105188420271,2.515299211735859
-1.38971944,2.510105188420271,2.515299211735859
-1.38940208,2.510105188420271,2.516234989326033
-1.38908472,2.510105188420271,2.516234989326033
-1.38876736,2.510105188420271,2.517170766916207
-1.38845,2.510105188420271,2.517170766916207
-1.38813264,2.5091685875029,2.517170766916207
-1.38781528,2.5091685875029,2.518106544506382
-1.38749792,2.5091685875029,2.518106544506382
-1.38718056,2.5091685875029,2.519042322096555
-1.3868632,2.5091685875029,2.519042322096555
-1.38654584,2.5091685875029,2.519042322096555
-1.38622848,2.508231986585529,2.519042322096555
-1.38591112,2.508231986585529,2.51997809968673
-1.38559376,2.508231986585529,2.51997809968673
-1.3852764,2.507295385668158,2.51997809968673
-1.38495904,2.507295385668158,2.520913877276904
-1.38464168,2.507295385668158,2.521849654867078
-1.38432432,2.507295385668158,2.521849654867078
-1.38400696,2.507295385668158,2.521849654867078
-1.3836896,2.505422183833416,2.521849654867078
-1.38337224,2.505422183833416,2.522785432457253
-1.38305488,2.505422183833416,2.521849654867078
-1.38273752,2.505422183833416,2.521849654867078
-1.38242016,2.505422183833416,2.521849654867078
-1.3821028,2.503548981998673,2.521849654867078
-1.38178544,2.503548981998673,2.521849654867078
-1.38146808,2.503548981998673,2.521849654867078
-1.38115072,2.503548981998673,2.522785432457253
-1.38083336,2.503548981998673,2.522785432457253
-1.380516,2.503548981998673,2.522785432457253
-1.38019864,2.501675780163931,2.521849654867078
-1.37988128,2.501675780163931,2.522785432457253
-1.37956392,2.501675780163931,2.521849654867078
-1.37924656,2.501675780163931,2.521849654867078
-1.3789292,2.50073917924656,2.520913877276904
-1.37861184,2.499802578329189,2.520913877276904
-1.37829448,2.499802578329189,2.520913877276904
-1.37797712,2.498865977411818,2.520913877276904
-1.37765976,2.498865977411818,2.51997809968673
-1.3773424,2.498865977411818,2.519042322096555
-1.37702504,2.497929376494447,2.519042322096555
-1.37670768,2.497929376494447,2.519042322096555
-1.37639032,2.497929376494447,2.519042322096555
-1.37607296,2.496992775577076,2.518106544506382
-1.3757556,2.496992775577076,2.519042322096555
-1.37543824,2.496992775577076,2.518106544506382
-1.37512088,2.497929376494447,2.517170766916207
-1.37480352,2.497929376494447,2.517170766916207
-1.37448616,2.496992775577076,2.516234989326033
-1.3741688,2.496992775577076,2.516234989326033
-1.37385144,2.496992775577076,2.515299211735859
-1.37353408,2.497929376494447,2.515299211735859
-1.37321672,2.497929376494447,2.514363434145684
-1.37289936,2.497929376494447,2.514363434145684
-1.372582,2.498865977411818,2.51342765655551
-1.37226464,2.498865977411818,2.51342765655551
-1.37194728,2.498865977411818,2.512491878965336
-1.37162992,2.498865977411818,2.512491878965336
-1.37131256,2.498865977411818,2.512491878965336
-1.3709952,2.499802578329189,2.511556101375161
-1.37067784,2.498865977411818,2.510620323784988
-1.37036048,2.499802578329189,2.511556101375161
-1.37004312,2.499802578329189,2.510620323784988
-1.36972576,2.50073917924656,2.510620323784988
-1.3694084,2.501675780163931,2.511556101375161
-1.36909104,2.501675780163931,2.510620323784988
-1.36877368,2.501675780163931,2.510620323784988
-1.36845632,2.502612381081303,2.509684546194813
-1.36813896,2.503548981998673,2.510620323784988
-1.3678216,2.504485582916045,2.509684546194813
-1.36750424,2.504485582916045,2.509684546194813
-1.36718688,2.505422183833416,2.509684546194813
-1.36686952,2.506358784750787,2.510620323784988
-1.36655216,2.506358784750787,2.509684546194813
-1.3662348,2.506358784750787,2.509684546194813
-1.36591744,2.507295385668158,2.510620323784988
-1.36560008,2.507295385668158,2.511556101375161
-1.36528272,2.508231986585529,2.510620323784988
-1.36496536,2.5091685875029,2.510620323784988
-1.364648,2.5091685875029,2.510620323784988
-1.36433064,2.5091685875029,2.511556101375161
-1.36401328,2.510105188420271,2.511556101375161
-1.36369592,2.510105188420271,2.512491878965336
-1.36337856,2.511041789337642,2.51342765655551
-1.3630612,2.511041789337642,2.51342765655551
-1.36274384,2.510105188420271,2.51342765655551
-1.36242648,2.511041789337642,2.51342765655551
-1.36210912,2.511041789337642,2.51342765655551
-1.36179176,2.511041789337642,2.51342765655551
-1.3614744,2.511041789337642,2.51342765655551
-1.36115704,2.511041789337642,2.51342765655551
-1.36083968,2.511041789337642,2.514363434145684
-1.36052232,2.511041789337642,2.514363434145684
-1.36020496,2.510105188420271,2.515299211735859
-1.3598876,2.511041789337642,2.514363434145684
-1.35957024,2.511041789337642,2.515299211735859
-1.35925288,2.510105188420271,2.515299211735859
-1.35893552,2.510105188420271,2.516234989326033
-1.35861816,2.510105188420271,2.516234989326033
-1.3583008,2.510105188420271,2.517170766916207
-1.35798344,2.511041789337642,2.518106544506382
-1.35766608,2.510105188420271,2.518106544506382
-1.35734872,2.510105188420271,2.518106544506382
-1.35703136,2.5091685875029,2.518106544506382
-1.356714,2.5091685875029,2.518106544506382
-1.35639664,2.508231986585529,2.519042322096555
-1.35607928,2.508231986585529,2.519042322096555
-1.35576192,2.507295385668158,2.519042322096555
-1.35544456,2.508231986585529,2.520913877276904
-1.3551272,2.507295385668158,2.520913877276904
-1.35480984,2.506358784750787,2.520913877276904
-1.35449248,2.506358784750787,2.521849654867078
-1.35417512,2.506358784750787,2.521849654867078
-1.35385776,2.506358784750787,2.521849654867078
-1.3535404,2.505422183833416,2.521849654867078
-1.35322304,2.506358784750787,2.521849654867078
-1.35290568,2.505422183833416,2.521849654867078
-1.35258832,2.504485582916045,2.521849654867078
-1.35227096,2.503548981998673,2.521849654867078
-1.3519536,2.502612381081303,2.521849654867078
-1.35163624,2.502612381081303,2.521849654867078
-1.35131888,2.502612381081303,2.521849654867078
-1.35100152,2.501675780163931,2.521849654867078
-1.35068416,2.501675780163931,2.521849654867078
-1.3503668,2.50073917924656,2.520913877276904
-1.35004944,2.501675780163931,2.521849654867078
-1.34973208,2.50073917924656,2.520913877276904
-1.34941472,2.499802578329189,2.520913877276904
-1.34909736,2.499802578329189,2.51997809968673
-1.34878,2.499802578329189,2.51997809968673
-1.34846264,2.498865977411818,2.51997809968673
-1.34814528,2.498865977411818,2.51997809968673
-1.34782792,2.498865977411818,2.519042322096555
-1.34751056,2.498865977411818,2.519042322096555
-1.3471932,2.498865977411818,2.518106544506382
-1.34687584,2.497929376494447,2.519042322096555
-1.34655848,2.497929376494447,2.518106544506382
-1.34624112,2.497929376494447,2.517170766916207
-1.34592376,2.498865977411818,2.517170766916207
-1.3456064,2.497929376494447,2.516234989326033
-1.34528904,2.498865977411818,2.516234989326033
-1.34497168,2.497929376494447,2.515299211735859
-1.34465432,2.498865977411818,2.514363434145684
-1.34433696,2.498865977411818,2.515299211735859
-1.3440196,2.498865977411818,2.514363434145684
-1.34370224,2.499802578329189,2.514363434145684
-1.34338488,2.499802578329189,2.514363434145684
-1.34306752,2.499802578329189,2.514363434145684
-1.34275016,2.499802578329189,2.51342765655551
-1.3424328,2.50073917924656,2.51342765655551
-1.34211544,2.50073917924656,2.51342765655551
-1.34179808,2.50073917924656,2.51342765655551
-1.34148072,2.499802578329189,2.512491878965336
-1.34116336,2.50073917924656,2.512491878965336
-1.340846,2.50073917924656,2.512491878965336
-1.34052864,2.501675780163931,2.512491878965336
-1.34021128,2.501675780163931,2.512491878965336
-1.33989392,2.501675780163931,2.511556101375161
-1.33957656,2.501675780163931,2.511556101375161
-1.3392592,2.501675780163931,2.510620323784988
-1.33894184,2.501675780163931,2.511556101375161
-1.33862448,2.502612381081303,2.511556101375161
-1.33830712,2.502612381081303,2.510620323784988
-1.33798976,2.503548981998673,2.510620323784988
-1.3376724,2.504485582916045,2.510620323784988
-1.33735504,2.505422183833416,2.511556101375161
-1.33703768,2.505422183833416,2.510620323784988
-1.33672032,2.505422183833416,2.510620323784988
-1.33640296,2.506358784750787,2.510620323784988
-1.3360856,2.507295385668158,2.511556101375161
-1.33576824,2.507295385668158,2.511556101375161
-1.33545088,2.507295385668158,2.510620323784988
-1.33513352,2.507295385668158,2.511556101375161
-1.33481616,2.508231986585529,2.511556101375161
-1.3344988,2.508231986585529,2.511556101375161
-1.33418144,2.508231986585529,2.512491878965336
-1.33386408,2.508231986585529,2.511556101375161
-1.33354672,2.5091685875029,2.512491878965336
-1.33322936,2.510105188420271,2.512491878965336
-1.332912,2.511041789337642,2.51342765655551
-1.33259464,2.510105188420271,2.51342765655551
-1.33227728,2.510105188420271,2.51342765655551
-1.33195992,2.511978390255013,2.514363434145684
-1.33164256,2.511041789337642,2.514363434145684
-1.3313252,2.511041789337642,2.514363434145684
-1.33100784,2.511041789337642,2.515299211735859
-1.33069048,2.511041789337642,2.516234989326033
-1.33037312,2.511041789337642,2.516234989326033
-1.33005576,2.511978390255013,2.517170766916207
-1.3297384,2.511978390255013,2.518106544506382
-1.32942104,2.511978390255013,2.519042322096555
-1.32910368,2.511978390255013,2.519042322096555
-1.32878632,2.511041789337642,2.519042322096555
-1.32846896,2.511041789337642,2.519042322096555
-1.3281516,2.510105188420271,2.51997809968673
-1.32783424,2.5091685875029,2.51997809968673
-1.32751688,2.5091685875029,2.520913877276904
-1.32719952,2.508231986585529,2.51997809968673
-1.32688216,2.508231986585529,2.520913877276904
-1.3265648,2.507295385668158,2.521849654867078
-1.32624744,2.507295385668158,2.521849654867078
-1.32593008,2.506358784750787,2.521849654867078
-1.32561272,2.506358784750787,2.521849654867078
-1.32529536,2.506358784750787,2.522785432457253
-1.324978,2.505422183833416,2.522785432457253
-1.32466064,2.505422183833416,2.522785432457253
-1.32434328,2.504485582916045,2.522785432457253
-1.32402592,2.503548981998673,2.522785432457253
-1.32370856,2.502612381081303,2.522785432457253
-1.3233912,2.503548981998673,2.522785432457253
-1.32307384,2.503548981998673,2.521849654867078
-1.32275648,2.502612381081303,2.522785432457253
-1.32243912,2.502612381081303,2.521849654867078
-1.32212176,2.501675780163931,2.521849654867078
-1.3218044,2.501675780163931,2.521849654867078
-1.32148704,2.50073917924656,2.520913877276904
-1.32116968,2.50073917924656,2.521849654867078
-1.32085232,2.499802578329189,2.51997809968673
-1.32053496,2.499802578329189,2.51997809968673
-1.3202176,2.499802578329189,2.51997809968673
-1.31990024,2.499802578329189,2.51997809968673
-1.31958288,2.498865977411818,2.51997809968673
-1.31926552,2.498865977411818,2.519042322096555
-1.31894816,2.498865977411818,2.519042322096555
-1.3186308,2.498865977411818,2.518106544506382
-1.31831344,2.498865977411818,2.518106544506382
-1.31799608,2.499802578329189,2.518106544506382
-1.31767872,2.499802578329189,2.518106544506382
-1.31736136,2.497929376494447,2.517170766916207
-1.317044,2.498865977411818,2.516234989326033
-1.31672664,2.498865977411818,2.516234989326033
-1.31640928,2.497929376494447,2.515299211735859
-1.31609192,2.497929376494447,2.514363434145684
-1.31577456,2.497929376494447,2.514363434145684
-1.3154572,2.497929376494447,2.51342765655551
-1.31513984,2.497929376494447,2.51342765655551
-1.31482248,2.498865977411818,2.512491878965336
-1.31450512,2.499802578329189,2.512491878965336
-1.31418776,2.499802578329189,2.512491878965336
-1.3138704,2.499802578329189,2.512491878965336
-1.31355304,2.499802578329189,2.511556101375161
-1.31323568,2.501675780163931,2.510620323784988
-1.31291832,2.501675780163931,2.510620323784988
-1.31260096,2.501675780163931,2.509684546194813
-1.3122836,2.502612381081303,2.509684546194813
-1.31196624,2.501675780163931,2.508748768604639
-1.31164888,2.502612381081303,2.509684546194813
-1.31133152,2.502612381081303,2.508748768604639
-1.31101416,2.503548981998673,2.508748768604639
-1.3106968,2.503548981998673,2.508748768604639
-1.31037944,2.505422183833416,2.508748768604639
-1.31006208,2.505422183833416,2.508748768604639
-1.30974472,2.506358784750787,2.508748768604639
-1.30942736,2.507295385668158,2.508748768604639
-1.30911,2.508231986585529,2.509684546194813
-1.30879264,2.508231986585529,2.509684546194813
-1.30847528,2.508231986585529,2.510620323784988
-1.30815792,2.508231986585529,2.510620323784988
-1.30784056,2.508231986585529,2.510620323784988
-1.3075232,2.5091685875029,2.511556101375161
-1.30720584,2.5091685875029,2.512491878965336
-1.30688848,2.510105188420271,2.512491878965336
-1.30657112,2.511041789337642,2.51342765655551
-1.30625376,2.510105188420271,2.514363434145684
-1.3059364,2.510105188420271,2.514363434145684
-1.30561904,2.511041789337642,2.516234989326033
-1.30530168,2.511041789337642,2.516234989326033
-1.30498432,2.511041789337642,2.516234989326033
-1.30466696,2.511978390255013,2.517170766916207
-1.3043496,2.511978390255013,2.519042322096555
-1.30403224,2.511041789337642,2.518106544506382
-1.30371488,2.511041789337642,2.519042322096555
-1.30339752,2.510105188420271,2.51997809968673
-1.30308016,2.511041789337642,2.51997809968673
-1.3027628,2.511041789337642,2.51997809968673
-1.30244544,2.510105188420271,2.520913877276904
-1.30212808,2.5091685875029,2.520913877276904
-1.30181072,2.5091685875029,2.520913877276904
-1.30149336,2.508231986585529,2.521849654867078
-1.301176,2.508231986585529,2.521849654867078
-1.30085864,2.507295385668158,2.522785432457253
-1.30054128,2.507295385668158,2.522785432457253
-1.30022392,2.507295385668158,2.522785432457253
-1.29990656,2.507295385668158,2.523721210047427
-1.2995892,2.506358784750787,2.523721210047427
-1.29927184,2.505422183833415,2.523721210047427
-1.29895448,2.504485582916045,2.523721210047427
-1.29863712,2.504485582916045,2.523721210047427
-1.29831976,2.504485582916045,2.523721210047427
-1.2980024,2.502612381081303,2.522785432457253
-1.29768504,2.502612381081303,2.523721210047427
-1.29736768,2.502612381081303,2.523721210047427
-1.29705032,2.50073917924656,2.523721210047427
-1.29673296,2.501675780163931,2.523721210047427
-1.2964156,2.50073917924656,2.523721210047427
-1.29609824,2.500739179246559,2.522785432457253
-1.29578088,2.498865977411818,2.522785432457253
-1.29546352,2.498865977411818,2.521849654867078
-1.29514616,2.497929376494447,2.520913877276904
-1.2948288,2.498865977411818,2.520913877276904
-1.29451144,2.497929376494447,2.51997809968673
-1.29419408,2.497929376494447,2.519042322096556
-1.29387672,2.497929376494447,2.519042322096555
-1.29355936,2.497929376494447,2.519042322096555
-1.293242,2.497929376494447,2.517170766916207
-1.29292464,2.497929376494447,2.516234989326032
-1.29260728,2.497929376494447,2.515299211735859
-1.29228992,2.497929376494447,2.515299211735859
-1.29197256,2.496992775577076,2.514363434145685
-1.2916552,2.496992775577076,2.514363434145684
-1.29133784,2.498865977411818,2.51342765655551
-1.29102048,2.498865977411818,2.512491878965336
-1.29070312,2.499802578329189,2.512491878965336
-1.29038576,2.499802578329189,2.511556101375161
-1.2900684,2.50073917924656,2.511556101375161
-1.28975104,2.500739179246561,2.511556101375161
-1.28943368,2.501675780163931,2.510620323784988
-1.28911632,2.502612381081303,2.510620323784988
-1.28879896,2.502612381081303,2.509684546194813
-1.2884816,2.503548981998673,2.509684546194813
-1.28816424,2.505422183833416,2.509684546194813
-1.28784688,2.506358784750786,2.509684546194813
-1.28752952,2.506358784750787,2.509684546194813
-1.28721216,2.507295385668158,2.509684546194813
-1.2868948,2.508231986585529,2.509684546194813
-1.28657744,2.508231986585529,2.508748768604639
-1.28626008,2.5091685875029,2.508748768604639
-1.28594272,2.5091685875029,2.508748768604639
-1.28562536,2.5091685875029,2.509684546194813
-1.285308,2.510105188420271,2.509684546194813
-1.28499064,2.510105188420271,2.509684546194813
-1.28467328,2.511041789337642,2.51155610137516
-1.28435592,2.511041789337642,2.511556101375161
-1.28403856,2.511978390255013,2.512491878965336
-1.2837212,2.511978390255013,2.51342765655551
-1.28340384,2.511978390255014,2.513427656555511
-1.28308648,2.512914991172384,2.514363434145684
-1.28276912,2.512914991172384,2.515299211735859
-1.28245176,2.512914991172384,2.516234989326033
-1.2821344,2.512914991172384,2.517170766916207
-1.28181704,2.512914991172384,2.518106544506382
-1.28149968,2.512914991172384,2.519042322096555
-1.28118232,2.512914991172384,2.519042322096555
-1.28086496,2.511978390255013,2.51997809968673
-1.2805476,2.511978390255013,2.51997809968673
-1.28023024,2.511041789337642,2.520913877276904
-1.27991288,2.511978390255013,2.521849654867078
-1.27959552,2.511041789337642,2.520913877276904
-1.27927816,2.511041789337642,2.521849654867078
-1.2789608,2.510105188420271,2.521849654867078
-1.27864344,2.510105188420271,2.522785432457253
-1.27832608,2.5091685875029,2.522785432457253
-1.27800872,2.508231986585529,2.523721210047427
-1.27769136,2.508231986585529,2.522785432457253
-1.277374,2.507295385668158,2.523721210047427
-1.27705664,2.507295385668157,2.523721210047426
-1.27673928,2.506358784750787,2.522785432457253
-1.27642192,2.505422183833416,2.522785432457253
-1.27610456,2.504485582916045,2.522785432457253
-1.2757872,2.504485582916045,2.522785432457253
-1.27546984,2.503548981998673,2.522785432457253
-1.27515248,2.502612381081303,2.522785432457253
-1.27483512,2.502612381081303,2.522785432457253
-1.27451776,2.502612381081303,2.522785432457253
-1.2742004,2.501675780163931,2.521849654867078
-1.27388304,2.501675780163931,2.521849654867078
-1.27356568,2.50073917924656,2.520913877276904
-1.27324832,2.499802578329189,2.520913877276904
-1.27293096,2.499802578329189,2.520913877276903
-1.2726136,2.499802578329189,2.51997809968673
-1.27229624,2.499802578329189,2.51997809968673
-1.27197888,2.498865977411818,2.51997809968673
-1.27166152,2.498865977411818,2.519042322096555
-1.27134416,2.498865977411818,2.519042322096555
-1.2710268,2.499802578329189,2.517170766916207
-1.27070944,2.498865977411818,2.516234989326033
-1.27039208,2.498865977411818,2.516234989326033
-1.27007472,2.499802578329189,2.515299211735859
-1.26975736,2.49980257832919,2.514363434145684
-1.26944,2.50073917924656,2.514363434145684
-1.26912264,2.50073917924656,2.51342765655551
-1.26880528,2.50073917924656,2.51342765655551
-1.26848792,2.501675780163931,2.512491878965336
-1.26817056,2.502612381081303,2.512491878965336
-1.2678532,2.502612381081303,2.512491878965336
-1.26753584,2.502612381081303,2.512491878965335
-1.26721848,2.502612381081303,2.511556101375161
-1.26690112,2.504485582916045,2.510620323784988
-1.26658376,2.504485582916045,2.511556101375161
-1.2662664,2.505422183833416,2.511556101375161
-1.26594904,2.506358784750787,2.511556101375161
-1.26563168,2.506358784750787,2.511556101375161
-1.26531432,2.507295385668158,2.511556101375161
-1.26499696,2.508231986585529,2.512491878965336
-1.2646796,2.508231986585529,2.512491878965336
-1.26436224,2.5091685875029,2.51342765655551
-1.26404488,2.5091685875029,2.51342765655551
-1.26372752,2.5091685875029,2.51342765655551
-1.26341016,2.5091685875029,2.514363434145685
-1.2630928,2.510105188420271,2.515299211735859
-1.26277544,2.5091685875029,2.515299211735859
-1.26245808,2.5091685875029,2.515299211735859
-1.26214072,2.5091685875029,2.516234989326033
-1.26182336,2.5091685875029,2.517170766916207
-1.261506,2.5091685875029,2.517170766916207
-1.26118864,2.510105188420271,2.518106544506382
-1.26087128,2.5091685875029,2.518106544506382
-1.26055392,2.5091685875029,2.519042322096555
-1.26023656,2.5091685875029,2.519042322096555
-1.2599192,2.5091685875029,2.519042322096555
-1.25960184,2.508231986585529,2.519042322096555
-1.25928448,2.507295385668158,2.519042322096555
-1.25896712,2.507295385668158,2.519042322096555
-1.25864976,2.507295385668158,2.51997809968673
-1.2583324,2.506358784750787,2.520913877276903
-1.25801504,2.506358784750787,2.51997809968673
-1.25769768,2.506358784750787,2.520913877276904
-1.25738032,2.505422183833416,2.520913877276904
-1.25706296,2.505422183833416,2.520913877276904
-1.2567456,2.505422183833416,2.521849654867078
-1.25642824,2.505422183833416,2.520913877276904
-1.25611088,2.504485582916045,2.520913877276904
-1.25579352,2.504485582916045,2.520913877276904
-1.25547616,2.504485582916045,2.520913877276904
-1.2551588,2.504485582916045,2.51997809968673
-1.25484144,2.503548981998673,2.51997809968673
-1.25452408,2.503548981998673,2.51997809968673
-1.25420672,2.503548981998673,2.520913877276904
-1.25388936,2.503548981998673,2.51997809968673
-1.253572,2.503548981998673,2.519042322096555
-1.25325464,2.502612381081303,2.519042322096555
-1.25293728,2.503548981998673,2.519042322096555
-1.25261992,2.502612381081303,2.519042322096555
-1.25230256,2.503548981998673,2.518106544506382
-1.2519852,2.503548981998673,2.518106544506382
-1.25166784,2.503548981998673,2.518106544506381
-1.25135048,2.503548981998673,2.517170766916207
-1.25103312,2.503548981998673,2.517170766916207
-1.25071576,2.502612381081303,2.517170766916207
-1.2503984,2.502612381081303,2.517170766916207
-1.25008104,2.502612381081303,2.516234989326033
-1.24976368,2.502612381081303,2.515299211735859
-1.24944632,2.503548981998673,2.515299211735859
-1.24912896,2.502612381081303,2.515299211735859
-1.2488116,2.503548981998673,2.516234989326032
-1.24849424,2.503548981998673,2.515299211735859
-1.24817688,2.502612381081303,2.515299211735859
-1.24785952,2.502612381081303,2.514363434145684
-1.24754216,2.502612381081303,2.514363434145684
-1.2472248,2.503548981998673,2.514363434145684
-1.24690744,2.503548981998673,2.515299211735859
-1.24659008,2.504485582916044,2.515299211735859
-1.24627272,2.504485582916045,2.514363434145684
-1.24595536,2.504485582916045,2.515299211735859
-1.245638,2.504485582916045,2.515299211735859
-1.24532064,2.505422183833415,2.516234989326032
-1.24500328,2.504485582916045,2.515299211735859
-1.24468592,2.505422183833416,2.515299211735859
-1.24436856,2.505422183833415,2.516234989326033
-1.2440512,2.504485582916045,2.517170766916207
-1.24373384,2.505422183833416,2.516234989326033
-1.24341648,2.505422183833416,2.517170766916207
-1.24309912,2.506358784750787,2.516234989326033
-1.24278176,2.506358784750787,2.516234989326033
-1.2424644,2.506358784750787,2.517170766916207
-1.24214704,2.504485582916045,2.517170766916207
-1.24182968,2.504485582916045,2.517170766916207
-1.24151232,2.503548981998673,2.517170766916207
-1.24119496,2.503548981998673,2.517170766916207
-1.2408776,2.503548981998673,2.517170766916207
-1.24056024,2.503548981998673,2.517170766916207
-1.24024288,2.503548981998673,2.517170766916207
-1.23992552,2.503548981998673,2.517170766916207
-1.23960816,2.503548981998673,2.517170766916207
-1.2392908,2.503548981998673,2.517170766916207
-1.23897344,2.503548981998673,2.517170766916207
-1.23865608,2.503548981998673,2.517170766916207
-1.23833872,2.502612381081303,2.517170766916207
-1.23802136,2.503548981998673,2.516234989326033
-1.237704,2.502612381081303,2.517170766916207
-1.23738664,2.502612381081303,2.516234989326033
-1.23706928,2.503548981998673,2.516234989326033
-1.23675192,2.503548981998673,2.515299211735859
-1.23643456,2.503548981998673,2.515299211735859
-1.2361172,2.503548981998673,2.515299211735859
-1.23579984,2.503548981998673,2.515299211735859
-1.23548248,2.503548981998673,2.515299211735859
-1.23516512,2.504485582916045,2.514363434145684
-1.23484776,2.504485582916045,2.514363434145684
-1.2345304,2.505422183833416,2.514363434145684
-1.23421304,2.506358784750787,2.514363434145684
-1.23389568,2.506358784750787,2.514363434145684
-1.23357832,2.506358784750787,2.514363434145684
-1.23326096,2.506358784750787,2.514363434145684
-1.2329436,2.506358784750787,2.51342765655551
-1.23262624,2.507295385668158,2.515299211735859
-1.23230888,2.507295385668158,2.514363434145684
-1.23199152,2.507295385668158,2.515299211735859
-1.23167416,2.507295385668158,2.515299211735859
-1.2313568,2.508231986585529,2.515299211735859
-1.23103944,2.508231986585529,2.516234989326033
-1.23072208,2.508231986585529,2.516234989326033
-1.23040472,2.5091685875029,2.516234989326033
-1.23008736,2.5091685875029,2.518106544506382
-1.22977,2.508231986585529,2.518106544506382
-1.22945264,2.508231986585529,2.518106544506382
-1.22913528,2.5091685875029,2.51997809968673
-1.22881792,2.508231986585529,2.51997809968673
-1.22850056,2.508231986585529,2.51997809968673
-1.2281832,2.508231986585529,2.520913877276904
-1.22786584,2.508231986585529,2.520913877276904
-1.22754848,2.508231986585529,2.520913877276904
-1.22723112,2.508231986585529,2.521849654867078
-1.22691376,2.506358784750787,2.521849654867078
-1.2265964,2.506358784750787,2.522785432457253
-1.22627904,2.506358784750787,2.522785432457253
-1.22596168,2.505422183833416,2.522785432457253
-1.22564432,2.503548981998673,2.522785432457253
-1.22532696,2.503548981998673,2.523721210047427
-1.2250096,2.503548981998673,2.522785432457253
-1.22469224,2.502612381081303,2.522785432457253
-1.22437488,2.50073917924656,2.522785432457253
-1.22405752,2.50073917924656,2.522785432457253
-1.22374016,2.499802578329189,2.521849654867078
-1.2234228,2.498865977411818,2.520913877276904
-1.22310544,2.498865977411818,2.520913877276904
-1.22278808,2.497929376494447,2.520913877276904
-1.22247072,2.497929376494447,2.51997809968673
-1.22215336,2.496992775577076,2.519042322096555
-1.221836,2.496992775577076,2.519042322096555
-1.22151864,2.497929376494447,2.518106544506382
-1.22120128,2.496992775577076,2.517170766916207
-1.22088392,2.496056174659705,2.515299211735859
-1.22056656,2.496056174659705,2.515299211735859
-1.2202492,2.496992775577076,2.514363434145684
-1.21993184,2.496056174659705,2.51342765655551
-1.21961448,2.496992775577076,2.512491878965336
-1.21929712,2.497929376494447,2.511556101375161
-1.21897976,2.498865977411818,2.511556101375161
-1.2186624,2.497929376494447,2.510620323784988
-1.21834504,2.497929376494447,2.509684546194813
-1.21802768,2.499802578329189,2.509684546194813
-1.21771032,2.50073917924656,2.508748768604639
-1.21739296,2.501675780163931,2.508748768604639
-1.2170756,2.501675780163931,2.507812991014465
-1.21675824,2.502612381081303,2.507812991014465
-1.21644088,2.503548981998673,2.507812991014465
-1.21612352,2.503548981998673,2.50687721342429
-1.21580616,2.504485582916045,2.507812991014465
-1.2154888,2.504485582916045,2.50687721342429
-1.21517144,2.506358784750787,2.50687721342429
-1.21485408,2.507295385668158,2.507812991014465
-1.21453672,2.507295385668158,2.507812991014465
-1.21421936,2.5091685875029,2.507812991014465
-1.213902,2.5091685875029,2.507812991014465
-1.21358464,2.510105188420271,2.508748768604639
-1.21326728,2.511978390255013,2.509684546194813
-1.21294992,2.511041789337642,2.509684546194813
-1.21263256,2.511978390255013,2.510620323784988
-1.2123152,2.512914991172384,2.511556101375161
-1.21199784,2.512914991172384,2.512491878965336
-1.21168048,2.513851592089755,2.514363434145684
-1.21136312,2.513851592089755,2.515299211735859
-1.21104576,2.512914991172384,2.515299211735859
-1.2107284,2.513851592089755,2.517170766916207
-1.21041104,2.513851592089755,2.519042322096555
-1.21009368,2.512914991172384,2.519042322096555
-1.20977632,2.512914991172384,2.520913877276904
-1.20945896,2.511978390255013,2.520913877276904
-1.2091416,2.511041789337642,2.522785432457253
-1.20882424,2.511041789337642,2.523721210047427
-1.20850688,2.510105188420271,2.524656987637601
-1.20818952,2.5091685875029,2.525592765227775
-1.20787216,2.5091685875029,2.52652854281795
-1.2075548,2.508231986585529,2.527464320408124
-1.20723744,2.507295385668158,2.527464320408124
-1.20692008,2.506358784750787,2.527464320408124
-1.20660272,2.504485582916045,2.527464320408124
-1.20628536,2.503548981998673,2.527464320408124
-1.205968,2.502612381081303,2.527464320408124
-1.20565064,2.50073917924656,2.527464320408124
-1.20533328,2.499802578329189,2.527464320408124
-1.20501592,2.497929376494447,2.52652854281795
-1.20469856,2.496992775577076,2.525592765227775
-1.2043812,2.496056174659705,2.525592765227775
-1.20406384,2.495119573742334,2.524656987637601
-1.20374648,2.495119573742334,2.523721210047427
-1.20342912,2.494182972824963,2.522785432457253
-1.20311176,2.493246371907591,2.521849654867078
-1.2027944,2.493246371907591,2.520913877276904
-1.20247704,2.493246371907591,2.519042322096555
-1.20215968,2.493246371907591,2.518106544506382
-1.20184232,2.492309770990221,2.516234989326033
-1.20152496,2.492309770990221,2.515299211735859
-1.2012076,2.491373170072849,2.514363434145684
-1.20089024,2.492309770990221,2.512491878965336
-1.20057288,2.492309770990221,2.510620323784988
-1.20025552,2.493246371907591,2.509684546194813
-1.19993816,2.493246371907591,2.508748768604639
-1.1996208,2.494182972824963,2.507812991014465
-1.19930344,2.495119573742334,2.507812991014465
-1.19898608,2.495119573742334,2.50687721342429
-1.19866872,2.497929376494447,2.50687721342429
-1.19835136,2.498865977411818,2.505941435834116
-1.198034,2.499802578329189,2.505941435834116
-1.19771664,2.50073917924656,2.504069880653768
-1.19739928,2.502612381081303,2.505005658243942
-1.19708192,2.503548981998673,2.504069880653768
-1.19676456,2.506358784750787,2.503134103063593
-1.1964472,2.506358784750787,2.502198325473419
-1.19612984,2.508231986585529,2.504069880653768
-1.19581248,2.5091685875029,2.503134103063593
-1.19549512,2.511041789337642,2.504069880653768
-1.19517776,2.511978390255013,2.504069880653768
-1.1948604,2.512914991172384,2.504069880653768
-1.19454304,2.513851592089755,2.505005658243942
-1.19422568,2.514788193007127,2.505941435834116
-1.19390832,2.515724793924498,2.507812991014465
-1.19359096,2.515724793924498,2.507812991014465
-1.1932736,2.516661394841869,2.508748768604639
-1.19295624,2.51759799575924,2.509684546194813
-1.19263888,2.51759799575924,2.510620323784988
-1.19232152,2.51759799575924,2.51342765655551
-1.19200416,2.51759799575924,2.514363434145684
-1.1916868,2.51759799575924,2.515299211735859
-1.19136944,2.51759799575924,2.517170766916207
-1.19105208,2.51759799575924,2.518106544506382
-1.19073472,2.51759799575924,2.51997809968673
-1.19041736,2.516661394841869,2.520913877276904
-1.1901,2.516661394841869,2.521849654867078
-1.18978264,2.516661394841869,2.523721210047427
-1.18946528,2.515724793924498,2.523721210047427
-1.18914792,2.514788193007127,2.525592765227775
-1.18883056,2.513851592089755,2.52652854281795
-1.1885132,2.512914991172384,2.527464320408124
-1.18819584,2.511041789337642,2.528400097998298
-1.18787848,2.510105188420271,2.529335875588473
-1.18756112,2.508231986585529,2.530271653178646
-1.18724376,2.507295385668158,2.530271653178646
-1.1869264,2.505422183833416,2.531207430768821
-1.18660904,2.503548981998673,2.530271653178646
-1.18629168,2.501675780163931,2.531207430768821
-1.18597432,2.501675780163931,2.530271653178646
-1.18565696,2.499802578329189,2.530271653178646
-1.1853396,2.497929376494447,2.529335875588473
-1.18502224,2.496056174659705,2.529335875588473
-1.18470488,2.495119573742334,2.528400097998298
-1.18438752,2.493246371907591,2.527464320408124
-1.18407016,2.493246371907591,2.52652854281795
-1.1837528,2.492309770990221,2.524656987637601
-1.18343544,2.491373170072849,2.524656987637601
-1.18311808,2.490436569155478,2.521849654867078
-1.18280072,2.490436569155478,2.520913877276904
-1.18248336,2.490436569155478,2.51997809968673
-1.182166,2.489499968238107,2.518106544506382
-1.18184864,2.490436569155478,2.517170766916207
-1.18153128,2.489499968238107,2.515299211735859
-1.18121392,2.488563367320736,2.514363434145684
-1.18089656,2.489499968238107,2.512491878965336
-1.1805792,2.490436569155478,2.511556101375161
-1.18026184,2.490436569155478,2.508748768604639
-1.17994448,2.491373170072849,2.508748768604639
-1.17962712,2.491373170072849,2.50687721342429
-1.17930976,2.493246371907591,2.505941435834116
-1.1789924,2.493246371907591,2.504069880653768
-1.17867504,2.495119573742334,2.502198325473419
-1.17835768,2.495119573742334,2.502198325473419
-1.17804032,2.497929376494447,2.502198325473419
-1.17772296,2.498865977411818,2.501262547883245
-1.1774056,2.50073917924656,2.50032677029307
-1.17708824,2.502612381081303,2.50032677029307
-1.17677088,2.504485582916045,2.50032677029307
-1.17645352,2.506358784750787,2.50032677029307
-1.17613616,2.508231986585529,2.501262547883245
-1.1758188,2.5091685875029,2.50032677029307
-1.17550144,2.511041789337642,2.501262547883245
-1.17518408,2.512914991172384,2.501262547883245
-1.17486672,2.514788193007127,2.501262547883245
-1.17454936,2.516661394841869,2.502198325473419
-1.174232,2.518534596676611,2.504069880653768
-1.17391464,2.519471197593982,2.505005658243942
-1.17359728,2.520407798511353,2.505941435834116
-1.17327992,2.521344399428724,2.507812991014465
-1.17296256,2.522281000346095,2.508748768604639
-1.1726452,2.523217601263466,2.511556101375161
-1.17232784,2.523217601263466,2.512491878965336
-1.17201048,2.523217601263466,2.514363434145684
-1.17169312,2.523217601263466,2.516234989326033
-1.17137576,2.522281000346095,2.517170766916207
-1.1710584,2.523217601263466,2.51997809968673
-1.17074104,2.522281000346095,2.520913877276904
-1.17042368,2.521344399428724,2.522785432457253
-1.17010632,2.520407798511353,2.524656987637601
-1.16978896,2.519471197593982,2.527464320408124
-1.1694716,2.518534596676611,2.528400097998298
-1.16915424,2.516661394841869,2.530271653178646
-1.16883688,2.515724793924498,2.531207430768821
-1.16851952,2.513851592089755,2.532143208358995
-1.16820216,2.511978390255013,2.533078985949169
-1.1678848,2.5091685875029,2.533078985949169
-1.16756744,2.507295385668158,2.534014763539344
-1.16725008,2.506358784750787,2.534950541129517
-1.16693272,2.504485582916045,2.534950541129517
-1.16661536,2.502612381081303,2.534950541129517
-1.166298,2.50073917924656,2.534950541129517
-1.16598064,2.497929376494447,2.534014763539344
-1.16566328,2.496056174659705,2.533078985949169
-1.16534592,2.493246371907591,2.532143208358995
-1.16502856,2.492309770990221,2.532143208358995
-1.1647112,2.491373170072849,2.530271653178646
-1.16439384,2.490436569155478,2.530271653178646
-1.16407648,2.488563367320736,2.528400097998298
-1.16375912,2.488563367320736,2.52652854281795
-1.16344176,2.488563367320736,2.525592765227775
-1.1631244,2.487626766403365,2.523721210047427
-1.16280704,2.485753564568623,2.521849654867078
-1.16248968,2.485753564568623,2.51997809968673
-1.16217232,2.485753564568623,2.518106544506382
-1.16185496,2.486690165485994,2.516234989326033
-1.1615376,2.485753564568623,2.514363434145684
-1.16122024,2.486690165485994,2.512491878965336
-1.16090288,2.486690165485994,2.509684546194813
-1.16058552,2.487626766403365,2.508748768604639
-1.16026816,2.489499968238107,2.507812991014465
-1.1599508,2.489499968238107,2.505941435834116
-1.15963344,2.491373170072849,2.505005658243942
-1.15931608,2.493246371907591,2.503134103063593
-1.15899872,2.493246371907591,2.501262547883245
-1.15868136,2.495119573742334,2.50032677029307
-1.158364,2.496056174659705,2.499390992702897
-1.15804664,2.498865977411818,2.498455215112722
-1.15772928,2.499802578329189,2.498455215112722
-1.15741192,2.501675780163931,2.498455215112722
-1.15709456,2.503548981998673,2.497519437522548
-1.1567772,2.505422183833416,2.497519437522548
-1.15645984,2.507295385668158,2.497519437522548
-1.15614248,2.5091685875029,2.498455215112722
-1.15582512,2.510105188420271,2.498455215112722
-1.15550776,2.511978390255013,2.498455215112722
-1.1551904,2.513851592089755,2.50032677029307
-1.15487304,2.515724793924498,2.50032677029307
-1.15455568,2.516661394841869,2.501262547883245
-1.15423832,2.51759799575924,2.502198325473419
-1.15392096,2.520407798511353,2.504069880653768
-1.1536036,2.520407798511353,2.505005658243942
-1.15328624,2.521344399428724,2.50687721342429
-1.15296888,2.523217601263466,2.508748768604639
-1.15265152,2.524154202180837,2.509684546194813
-1.15233416,2.524154202180837,2.511556101375161
-1.1520168,2.524154202180837,2.51342765655551
-1.15169944,2.524154202180837,2.514363434145684
-1.15138208,2.525090803098208,2.516234989326033
-1.15106472,2.524154202180837,2.519042322096555
-1.15074736,2.523217601263466,2.51997809968673
-1.15043,2.524154202180837,2.522785432457253
-1.15011264,2.523217601263466,2.523721210047427
-1.14979528,2.521344399428724,2.524656987637601
-1.14947792,2.520407798511353,2.52652854281795
-1.14916056,2.518534596676611,2.528400097998298
-1.1488432,2.51759799575924,2.529335875588473
-1.14852584,2.515724793924498,2.531207430768821
-1.14820848,2.514788193007127,2.532143208358995
-1.14789112,2.513851592089755,2.534014763539344
-1.14757376,2.511041789337642,2.534014763539344
-1.1472564,2.5091685875029,2.534950541129517
-1.14693904,2.507295385668158,2.535886318719692
-1.14662168,2.505422183833416,2.53775787390004
-1.14630432,2.503548981998673,2.536822096309867
-1.14598696,2.50073917924656,2.536822096309867
-1.1456696,2.497929376494447,2.535886318719692
-1.14535224,2.496056174659705,2.535886318719692
-1.14503488,2.493246371907591,2.534950541129517
-1.14471752,2.492309770990221,2.534950541129517
-1.14440016,2.490436569155478,2.533078985949169
-1.1440828,2.487626766403365,2.532143208358995
-1.14376544,2.486690165485994,2.530271653178646
-1.14344808,2.484816963651252,2.528400097998298
-1.14313072,2.484816963651252,2.52652854281795
-1.14281336,2.483880362733881,2.524656987637601
-1.142496,2.482007160899139,2.522785432457253
-1.14217864,2.481070559981768,2.51997809968673
-1.14186128,2.480133959064396,2.517170766916207
-1.14154392,2.481070559981768,2.516234989326033
-1.14122656,2.481070559981768,2.514363434145684
-1.1409092,2.482007160899139,2.511556101375161
-1.14059184,2.48294376181651,2.509684546194813
-1.14027448,2.48294376181651,2.505941435834116
-1.13995712,2.483880362733881,2.504069880653768
-1.13963976,2.484816963651252,2.503134103063593
-1.1393224,2.486690165485994,2.50032677029307
-1.13900504,2.487626766403365,2.499390992702897
-1.13868768,2.489499968238107,2.497519437522548
-1.13837032,2.492309770990221,2.496583659932374
-1.13805296,2.494182972824963,2.495647882342199
-1.1377356,2.496056174659705,2.493776327161851
-1.13741824,2.497929376494447,2.491904771981503
-1.13710088,2.50073917924656,2.490968994391328
-1.13678352,2.502612381081303,2.490968994391328
-1.13646616,2.505422183833416,2.490968994391328
-1.1361488,2.508231986585529,2.490968994391328
-1.13583144,2.510105188420271,2.490968994391328
-1.13551408,2.512914991172384,2.491904771981503
-1.13519672,2.515724793924498,2.492840549571676
-1.13487936,2.51759799575924,2.493776327161851
-1.134562,2.520407798511353,2.494712104752025
-1.13424464,2.522281000346095,2.495647882342199
-1.13392728,2.525090803098208,2.497519437522548
-1.13360992,2.526027404015579,2.499390992702897
-1.13329256,2.527900605850322,2.501262547883245
-1.1329752,2.529773807685064,2.504069880653768
-1.13265784,2.530710408602435,2.505941435834116
-1.13234048,2.531647009519806,2.507812991014465
-1.13202312,2.532583610437177,2.511556101375161
-1.13170576,2.532583610437177,2.51342765655551
-1.1313884,2.532583610437177,2.517170766916207
-1.13107104,2.533520211354548,2.51997809968673
-1.13075368,2.532583610437177,2.522785432457253
-1.13043632,2.531647009519806,2.52652854281795
-1.13011896,2.530710408602435,2.528400097998298
-1.1298016,2.528837206767693,2.531207430768821
-1.12948424,2.527900605850322,2.534014763539344
-1.12916688,2.526027404015579,2.535886318719692
-1.12884952,2.523217601263466,2.538693651490215
-1.12853216,2.520407798511353,2.541500984260738
-1.1282148,2.51759799575924,2.543372539441086
-1.12789744,2.514788193007127,2.544308317031261
-1.12758008,2.511978390255013,2.545244094621435
-1.12726272,2.5091685875029,2.546179872211609
-1.12694536,2.505422183833416,2.547115649801783
-1.126628,2.502612381081303,2.547115649801783
-1.12631064,2.498865977411818,2.548051427391957
-1.12599328,2.495119573742334,2.548051427391957
-1.12567592,2.492309770990221,2.547115649801783
-1.12535856,2.490436569155478,2.547115649801783
-1.1250412,2.485753564568623,2.545244094621435
-1.12472384,2.483880362733881,2.543372539441086
-1.12440648,2.481070559981768,2.541500984260738
-1.12408912,2.479197358147025,2.539629429080389
-1.12377176,2.478260757229654,2.536822096309867
-1.1234544,2.475450954477541,2.533078985949169
-1.12313704,2.47451435356017,2.531207430768821
-1.12281968,2.472641151725428,2.528400097998298
-1.12250232,2.472641151725428,2.525592765227775
-1.12218496,2.471704550808057,2.521849654867078
-1.1218676,2.471704550808057,2.519042322096555
-1.12155024,2.472641151725428,2.516234989326033
-1.12123288,2.472641151725428,2.512491878965336
-1.12091552,2.472641151725428,2.509684546194813
-1.12059816,2.473577752642799,2.50687721342429
-1.1202808,2.475450954477541,2.504069880653768
-1.11996344,2.476387555394912,2.501262547883245
-1.11964608,2.478260757229654,2.498455215112722
-1.11932872,2.480133959064396,2.496583659932374
-1.11901136,2.482007160899139,2.494712104752025
-1.118694,2.483880362733881,2.492840549571676
-1.11837664,2.486690165485994,2.491904771981503
-1.11805928,2.487626766403365,2.48909743921098
-1.11774192,2.491373170072849,2.488161661620805
-1.11742456,2.493246371907591,2.487225884030631
-1.1171072,2.496056174659705,2.486290106440457
-1.11678984,2.497929376494447,2.485354328850282
-1.11647248,2.50073917924656,2.484418551260108
-1.11615512,2.503548981998673,2.484418551260108
-1.11583776,2.506358784750787,2.483482773669934
-1.1155204,2.5091685875029,2.485354328850282
-1.11520304,2.511041789337642,2.485354328850282
-1.11488568,2.512914991172384,2.484418551260108
-1.11456832,2.515724793924498,2.485354328850282
-1.11425096,2.518534596676611,2.486290106440457
-1.1139336,2.520407798511353,2.487225884030631
-1.11361624,2.522281000346095,2.487225884030631
-1.11329888,2.525090803098208,2.48909743921098
-1.11298152,2.527900605850322,2.490033216801153
-1.11266416,2.529773807685064,2.491904771981503
-1.1123468,2.531647009519806,2.493776327161851
-1.11202944,2.533520211354548,2.495647882342199
-1.11171208,2.53539341318929,2.497519437522548
-1.11139472,2.537266615024032,2.50032677029307
-1.11107736,2.538203215941404,2.502198325473419
-1.11076,2.540076417776146,2.505941435834116
-1.11044264,2.542886220528259,2.508748768604639
-1.11012528,2.541949619610888,2.512491878965336
-1.10980792,2.542886220528259,2.515299211735859
-1.10949056,2.542886220528259,2.519042322096555
-1.1091732,2.54382282144563,2.522785432457253
-1.10885584,2.54382282144563,2.52652854281795
-1.10853848,2.542886220528259,2.530271653178646
-1.10822112,2.541013018693517,2.533078985949169
-1.10790376,2.539139816858774,2.536822096309867
-1.1075864,2.536330014106661,2.540565206670563
-1.10726904,2.53539341318929,2.544308317031261
-1.10695168,2.531647009519806,2.547115649801783
-1.10663432,2.527900605850322,2.55085876016248
-1.10631696,2.525090803098208,2.553666092933003
-1.1059996,2.521344399428724,2.5574092032937
-1.10568224,2.51759799575924,2.559280758474048
-1.10536488,2.513851592089755,2.561152313654397
-1.10504752,2.508231986585529,2.563023868834746
-1.10473016,2.503548981998673,2.563959646424919
-1.1044128,2.498865977411818,2.563959646424919
-1.10409544,2.493246371907591,2.563959646424919
-1.10377808,2.487626766403365,2.563959646424919
-1.10346072,2.483880362733881,2.563023868834746
-1.10314336,2.479197358147025,2.561152313654397
-1.102826,2.475450954477541,2.560216536064223
-1.10250864,2.470767949890686,2.5574092032937
-1.10219128,2.467021546221202,2.554601870523177
-1.10187392,2.464211743469088,2.55085876016248
-1.10155656,2.461401940716975,2.547115649801783
-1.1012392,2.45765553704749,2.544308317031261
-1.10092184,2.45765553704749,2.539629429080389
-1.10060448,2.454845734295377,2.534950541129517
-1.10028712,2.453909133378006,2.530271653178646
-1.09996976,2.453909133378006,2.52652854281795
-1.0996524,2.452972532460635,2.520913877276904
-1.09933504,2.452972532460635,2.516234989326033
-1.09901768,2.452972532460635,2.511556101375161
-1.09870032,2.453909133378006,2.50687721342429
-1.09838296,2.455782335212748,2.502198325473419
-1.0980656,2.45765553704749,2.498455215112722
-1.09774824,2.459528738882233,2.493776327161851
-1.09743088,2.462338541634346,2.490033216801153
-1.09711352,2.465148344386459,2.485354328850282
-1.09679616,2.467958147138572,2.481611218489586
-1.0964788,2.470767949890686,2.478803885719063
-1.09616144,2.47451435356017,2.47599655294854
-1.09584408,2.478260757229654,2.473189220178018
-1.09552672,2.48294376181651,2.471317664997668
-1.09520936,2.486690165485994,2.46944610981732
-1.094892,2.491373170072849,2.467574554636972
-1.09457464,2.496056174659705,2.466638777046797
-1.09425728,2.501675780163931,2.466638777046797
-1.09393992,2.506358784750787,2.465702999456624
-1.09362256,2.510105188420271,2.466638777046797
-1.0933052,2.513851592089755,2.466638777046797
-1.09298784,2.51759799575924,2.466638777046797
-1.09267048,2.521344399428724,2.468510332227146
-1.09235312,2.524154202180837,2.468510332227146
-1.09203576,2.527900605850322,2.471317664997668
-1.0917184,2.531647009519806,2.473189220178018
-1.09140104,2.53539341318929,2.47599655294854
-1.09108368,2.538203215941404,2.478803885719063
-1.09076632,2.541949619610888,2.480675440899411
-1.09044896,2.544759422363001,2.483482773669934
-1.0901316,2.547569225115114,2.487225884030631
-1.08981424,2.549442426949856,2.490968994391328
-1.08949688,2.550379027867228,2.494712104752025
-1.08917952,2.55225222970197,2.497519437522548
-1.08886216,2.553188830619341,2.502198325473419
-1.0885448,2.553188830619341,2.505941435834116
-1.08822744,2.554125431536712,2.509684546194813
-1.08791008,2.555062032454083,2.515299211735859
-1.08759272,2.554125431536712,2.519042322096555
-1.08727536,2.554125431536712,2.523721210047427
-1.086958,2.553188830619341,2.528400097998298
-1.08664064,2.55225222970197,2.533078985949169
-1.08632328,2.550379027867228,2.53775787390004
-1.08600592,2.548505826032486,2.541500984260738
-1.08568856,2.545696023280372,2.546179872211609
-1.0853712,2.542886220528259,2.548987204982132
-1.08505384,2.540076417776146,2.553666092933003
-1.08473648,2.536330014106661,2.556473425703525
-1.08441912,2.532583610437177,2.560216536064223
-1.08410176,2.528837206767693,2.563959646424919
-1.0837844,2.525090803098208,2.566766979195442
-1.08346704,2.520407798511353,2.568638534375791
-1.08314968,2.515724793924498,2.570510089556139
-1.08283232,2.510105188420271,2.571445867146314
-1.08251496,2.506358784750787,2.572381644736488
-1.0821976,2.499802578329189,2.573317422326662
-1.08188024,2.495119573742334,2.573317422326662
-1.08156288,2.490436569155478,2.572381644736488
-1.08124552,2.485753564568623,2.572381644736488
-1.08092816,2.481070559981768,2.571445867146314
-1.0806108,2.475450954477541,2.568638534375791
-1.08029344,2.471704550808057,2.565831201605268
-1.07997608,2.467958147138572,2.563959646424919
-1.07965872,2.463275142551717,2.561152313654397
-1.07934136,2.460465339799604,2.5574092032937
-1.079024,2.45765553704749,2.553666092933003
-1.07870664,2.454845734295377,2.548987204982132
-1.07838928,2.452035931543264,2.545244094621435
-1.07807192,2.450162729708522,2.540565206670563
-1.07775456,2.449226128791151,2.536822096309867
-1.0774372,2.44828952787378,2.532143208358995
-1.07711984,2.447352926956408,2.527464320408124
-1.07680248,2.447352926956408,2.522785432457253
-1.07648512,2.447352926956408,2.517170766916207
-1.07616776,2.447352926956408,2.512491878965336
-1.0758504,2.44828952787378,2.507812991014465
-1.07553304,2.449226128791151,2.504069880653768
-1.07521568,2.450162729708522,2.498455215112722
-1.07489832,2.452035931543264,2.494712104752025
-1.07458096,2.454845734295377,2.490968994391328
-1.0742636,2.45765553704749,2.486290106440457
-1.07394624,2.460465339799604,2.483482773669934
-1.07362888,2.463275142551717,2.477868108128889
-1.07331152,2.46608494530383,2.474124997768191
-1.07299416,2.470767949890686,2.471317664997668
-1.0726768,2.47451435356017,2.468510332227146
-1.07235944,2.478260757229654,2.464767221866449
-1.07204208,2.483880362733881,2.463831444276275
-1.07172472,2.488563367320736,2.461959889095926
-1.07140736,2.492309770990221,2.460088333915578
-1.07109,2.496992775577076,2.459152556325404
-1.07077264,2.502612381081303,2.458216778735229
-1.07045528,2.507295385668158,2.458216778735229
-1.07013792,2.511978390255013,2.457281001145055
-1.06982056,2.516661394841869,2.458216778735229
-1.0695032,2.521344399428724,2.459152556325404
-1.06918584,2.526027404015579,2.459152556325404
-1.06886848,2.529773807685064,2.460088333915578
-1.06855112,2.533520211354548,2.461959889095926
-1.06823376,2.538203215941404,2.463831444276275
-1.0679164,2.541949619610888,2.466638777046797
-1.06759904,2.546632624197743,2.470381887407495
-1.06728168,2.550379027867228,2.472253442587843
-1.06696432,2.553188830619341,2.47599655294854
-1.06664696,2.555062032454083,2.479739663309237
-1.0663296,2.558808436123567,2.483482773669934
-1.06601224,2.560681637958309,2.48909743921098
-1.06569488,2.563491440710423,2.492840549571676
-1.06537752,2.564428041627794,2.498455215112722
-1.06506016,2.566301243462536,2.502198325473419
-1.0647428,2.567237844379907,2.507812991014465
-1.06442544,2.568174445297278,2.51342765655551
-1.06410808,2.568174445297278,2.519042322096555
-1.06379072,2.567237844379907,2.523721210047427
-1.06347336,2.566301243462536,2.529335875588473
-1.063156,2.565364642545165,2.534950541129517
-1.06283864,2.563491440710423,2.540565206670563
-1.06252128,2.559745037040938,2.546179872211609
-1.06220392,2.557871835206196,2.55085876016248
-1.06188656,2.554125431536712,2.556473425703525
-1.0615692,2.549442426949856,2.561152313654397
-1.06125184,2.545696023280372,2.565831201605268
-1.06093448,2.541013018693517,2.570510089556139
-1.06061712,2.53539341318929,2.574253199916837
-1.06029976,2.529773807685064,2.577996310277533
-1.0599824,2.524154202180837,2.580803643048056
-1.05966504,2.519471197593982,2.583610975818579
-1.05934768,2.512914991172384,2.584546753408753
-1.05903032,2.507295385668158,2.585482530998927
-1.05871296,2.50073917924656,2.586418308589102
-1.0583956,2.494182972824963,2.586418308589102
-1.05807824,2.487626766403365,2.586418308589102
-1.05776088,2.48294376181651,2.585482530998927
-1.05744352,2.475450954477541,2.582675198228404
-1.05712616,2.470767949890686,2.580803643048056
-1.0568088,2.465148344386459,2.577996310277533
-1.05649144,2.460465339799604,2.576124755097185
-1.05617408,2.45671893613012,2.572381644736488
-1.05585672,2.452972532460635,2.567702756785617
-1.05553936,2.44828952787378,2.563023868834746
-1.055222,2.445479725121666,2.558344980883875
-1.05490464,2.442669922369553,2.553666092933003
-1.05458728,2.43986011961744,2.548051427391957
-1.05426992,2.437986917782698,2.543372539441086
-1.05395256,2.436113715947956,2.53775787390004
-1.0536352,2.436113715947956,2.532143208358995
-1.05331784,2.435177115030585,2.527464320408124
-1.05300048,2.434240514113213,2.521849654867078
-1.05268312,2.434240514113213,2.516234989326033
-1.05236576,2.435177115030585,2.510620323784988
-1.0520484,2.436113715947956,2.505941435834116
-1.05173104,2.437050316865327,2.50032677029307
-1.05141368,2.43986011961744,2.494712104752025
-1.05109632,2.442669922369553,2.490033216801153
-1.05077896,2.445479725121666,2.485354328850282
-1.0504616,2.449226128791151,2.479739663309237
-1.05014424,2.452972532460635,2.47599655294854
-1.04982688,2.455782335212748,2.471317664997668
-1.04950952,2.460465339799604,2.468510332227146
-1.04919216,2.464211743469088,2.464767221866449
-1.0488748,2.467958147138572,2.461024111505752
-1.04855744,2.472641151725428,2.458216778735229
-1.04824008,2.477324156312283,2.455409445964706
-1.04792272,2.48294376181651,2.453537890784358
-1.04760536,2.487626766403365,2.45166633560401
-1.047288,2.492309770990221,2.450730558013835
-1.04697064,2.497929376494447,2.448859002833487
-1.04665328,2.503548981998673,2.447923225243312
-1.04633592,2.508231986585529,2.447923225243312
-1.04601856,2.513851592089755,2.447923225243312
-1.0457012,2.519471197593982,2.448859002833487
-1.04538384,2.524154202180837,2.448859002833487
-1.04506648,2.528837206767693,2.449794780423661
-1.04474912,2.534456812271919,2.452602113194184
-1.04443176,2.539139816858774,2.453537890784358
-1.0441144,2.54382282144563,2.456345223554881
-1.04379704,2.547569225115114,2.459152556325404
-1.04347968,2.551315628784599,2.462895666686101
-1.04316232,2.555062032454083,2.465702999456624
-1.04284496,2.558808436123567,2.46944610981732
-1.0425276,2.561618238875681,2.473189220178018
-1.04221024,2.564428041627794,2.476932330538714
-1.04189288,2.567237844379907,2.481611218489586
-1.04157552,2.569111046214649,2.486290106440457
-1.04125816,2.571920848966763,2.491904771981503
-1.0409408,2.573794050801505,2.496583659932374
-1.04062344,2.574730651718875,2.501262547883245
-1.04030608,2.574730651718875,2.50687721342429
-1.03998872,2.576603853553618,2.512491878965336
-1.03967136,2.576603853553618,2.517170766916207
-1.039354,2.576603853553618,2.523721210047427
-1.03903664,2.575667252636247,2.529335875588473
-1.03871928,2.574730651718875,2.534014763539344
-1.03840192,2.572857449884133,2.539629429080389
-1.03808456,2.570984248049391,2.545244094621435
-1.0377672,2.568174445297278,2.549922982572306
-1.03744984,2.565364642545165,2.556473425703525
-1.03713248,2.561618238875681,2.561152313654397
-1.03681512,2.557871835206196,2.566766979195442
-1.03649776,2.553188830619341,2.571445867146314
-1.0361804,2.549442426949856,2.57518897750701
-1.03586304,2.542886220528259,2.578932087867708
-1.03554568,2.538203215941404,2.582675198228404
-1.03522832,2.532583610437177,2.587354086179276
-1.03491096,2.527900605850322,2.590161418949799
-1.0345936,2.521344399428724,2.592032974130147
-1.03427624,2.514788193007127,2.592968751720321
-1.03395888,2.5091685875029,2.593904529310496
-1.03364152,2.502612381081303,2.59484030690067
-1.03332416,2.496056174659705,2.596711862081018
-1.0330068,2.490436569155478,2.595776084490844
-1.03268944,2.483880362733881,2.595776084490844
-1.03237208,2.479197358147025,2.59484030690067
-1.03205472,2.472641151725428,2.591097196539973
-1.03173736,2.46608494530383,2.589225641359625
-1.03142,2.461401940716975,2.587354086179276
-1.03110264,2.45671893613012,2.583610975818579
-1.03078528,2.452035931543264,2.580803643048056
-1.03046792,2.44828952787378,2.577060532687359
-1.03015056,2.444543124204295,2.572381644736488
-1.0298332,2.440796720534811,2.567702756785617
-1.02951584,2.437986917782698,2.563023868834746
-1.02919848,2.435177115030585,2.558344980883875
-1.02888112,2.432367312278471,2.551794537752654
-1.02856376,2.429557509526358,2.547115649801783
-1.0282464,2.427684307691616,2.542436761850912
-1.02792904,2.427684307691616,2.536822096309867
-1.02761168,2.426747706774245,2.532143208358995
-1.02729432,2.426747706774245,2.52652854281795
-1.02697696,2.427684307691616,2.521849654867078
-1.0266596,2.426747706774245,2.516234989326033
-1.02634224,2.426747706774245,2.509684546194813
-1.02602488,2.428620908608987,2.505005658243942
-1.02570752,2.430494110443729,2.499390992702897
-1.02539016,2.432367312278471,2.494712104752025
-1.0250728,2.434240514113213,2.48909743921098
-1.02475544,2.436113715947956,2.484418551260108
-1.02443808,2.438923518700069,2.478803885719063
-1.02412072,2.442669922369553,2.475060775358366
-1.02380336,2.446416326039038,2.46944610981732
-1.023486,2.450162729708522,2.464767221866449
-1.02316864,2.454845734295377,2.461959889095926
-1.02285128,2.458592137964862,2.457281001145055
-1.02253392,2.463275142551717,2.454473668374533
-1.02221656,2.467021546221202,2.45166633560401
-1.0218992,2.471704550808057,2.448859002833487
-1.02158184,2.476387555394912,2.446987447653139
-1.02126448,2.481070559981768,2.445115892472789
-1.02094712,2.486690165485994,2.443244337292441
-1.02062976,2.492309770990221,2.441372782112093
-1.0203124,2.497929376494447,2.440437004521918
-1.01999504,2.503548981998673,2.440437004521918
-1.01967768,2.5091685875029,2.439501226931744
-1.01936032,2.515724793924498,2.439501226931744
-1.01904296,2.520407798511353,2.439501226931744
-1.0187256,2.525090803098208,2.441372782112093
-1.01840824,2.530710408602435,2.442308559702267
-1.01809088,2.536330014106661,2.444180114882616
-1.01777352,2.541013018693517,2.446051670062964
-1.01745616,2.544759422363001,2.448859002833487
-1.0171388,2.549442426949856,2.45166633560401
-1.01682144,2.553188830619341,2.454473668374533
-1.01650408,2.556935234288825,2.457281001145055
-1.01618672,2.560681637958309,2.461024111505752
-1.01586936,2.564428041627794,2.465702999456624
-1.015552,2.567237844379907,2.468510332227146
-1.01523464,2.570984248049391,2.474124997768191
-1.01491728,2.572857449884133,2.477868108128889
-1.01459992,2.574730651718875,2.483482773669934
-1.01428256,2.575667252636247,2.488161661620805
-1.0139652,2.577540454470989,2.492840549571676
-1.01364784,2.579413656305731,2.498455215112722
-1.01333048,2.580350257223102,2.504069880653768
-1.01301312,2.580350257223102,2.509684546194813
-1.01269576,2.580350257223102,2.514363434145684
-1.0123784,2.580350257223102,2.51997809968673
-1.01206104,2.579413656305731,2.525592765227775
-1.01174368,2.577540454470989,2.530271653178646
-1.01142632,2.576603853553618,2.534950541129517
-1.01110896,2.573794050801505,2.541500984260738
-1.0107916,2.571920848966763,2.545244094621435
-1.01047424,2.569111046214649,2.55085876016248
-1.01015688,2.565364642545165,2.555537648113352
-1.00983952,2.561618238875681,2.560216536064223
-1.00952216,2.556935234288825,2.563959646424919
-1.0092048,2.55225222970197,2.567702756785617
-1.00888744,2.548505826032486,2.571445867146314
-1.00857008,2.54382282144563,2.574253199916837
-1.00825272,2.539139816858774,2.577996310277533
-1.00793536,2.534456812271919,2.579867865457881
-1.007618,2.529773807685064,2.582675198228404
-1.00730064,2.524154202180837,2.583610975818579
-1.00698328,2.518534596676611,2.585482530998927
-1.00666592,2.513851592089755,2.587354086179276
-1.00634856,2.508231986585529,2.587354086179276
-1.0060312,2.503548981998673,2.58828986376945
-1.00571384,2.497929376494447,2.587354086179276
-1.00539648,2.493246371907591,2.587354086179276
-1.00507912,2.487626766403365,2.586418308589102
-1.00476176,2.483880362733881,2.585482530998927
-1.0044444,2.479197358147025,2.584546753408753
-1.00412704,2.47451435356017,2.581739420638231
-1.00380968,2.470767949890686,2.579867865457881
-1.00349232,2.467021546221202,2.577996310277533
-1.00317496,2.463275142551717,2.57518897750701
-1.0028576,2.460465339799604,2.572381644736488
-1.00254024,2.45671893613012,2.568638534375791
-1.00222288,2.453909133378006,2.565831201605268
-1.00190552,2.451099330625893,2.561152313654397
-1.00158816,2.44828952787378,2.5574092032937
-1.0012708,2.446416326039038,2.553666092933003
-1.00095344,2.445479725121666,2.549922982572306
-1.00063608,2.442669922369553,2.546179872211609
-1.00031872,2.441733321452182,2.542436761850912
-1.00000136,2.440796720534811,2.53775787390004
-0.9996839999999999,2.438923518700069,2.534014763539344
-0.99936664,2.438923518700069,2.529335875588473
-0.9990492799999999,2.438923518700069,2.525592765227775
-0.99873192,2.438923518700069,2.520913877276904
-0.99841456,2.43986011961744,2.517170766916207
-0.9980971999999999,2.43986011961744,2.51342765655551
-0.99777984,2.440796720534811,2.508748768604639
-0.9974624799999999,2.442669922369553,2.505941435834116
-0.99714512,2.442669922369553,2.50032677029307
-0.99682776,2.444543124204295,2.496583659932374
-0.9965103999999999,2.446416326039038,2.493776327161851
-0.99619304,2.447352926956408,2.490033216801153
-0.9958756799999999,2.450162729708522,2.485354328850282
-0.99555832,2.452972532460635,2.48254699607976
-0.99524096,2.455782335212748,2.478803885719063
-0.9949235999999999,2.458592137964862,2.47599655294854
-0.99460624,2.460465339799604,2.471317664997668
-0.9942888799999999,2.464211743469088,2.468510332227146
-0.99397152,2.467958147138572,2.466638777046797
-0.99365416,2.470767949890686,2.463831444276275
-0.9933367999999999,2.47451435356017,2.461024111505752
-0.99301944,2.479197358147025,2.460088333915578
-0.9927020799999999,2.483880362733881,2.458216778735229
-0.99238472,2.487626766403365,2.456345223554881
-0.99206736,2.491373170072849,2.454473668374533
-0.9917499999999999,2.496056174659705,2.453537890784358
-0.99143264,2.50073917924656,2.452602113194184
-0.9911152799999999,2.505422183833416,2.452602113194184
-0.99079792,2.510105188420271,2.453537890784358
-0.99048056,2.515724793924498,2.452602113194184
-0.9901631999999999,2.519471197593982,2.453537890784358
-0.98984584,2.523217601263466,2.454473668374533
-0.9895284799999999,2.527900605850322,2.455409445964706
-0.98921112,2.531647009519806,2.457281001145055
-0.98889376,2.534456812271919,2.459152556325404
-0.9885763999999999,2.539139816858774,2.461024111505752
-0.98825904,2.542886220528259,2.462895666686101
-0.9879416799999999,2.546632624197743,2.465702999456624
-0.98762432,2.549442426949856,2.468510332227146
-0.98730696,2.553188830619341,2.471317664997668
-0.9869895999999999,2.555062032454083,2.475060775358366
-0.98667224,2.557871835206196,2.478803885719063
-0.9863548799999999,2.559745037040938,2.48254699607976
-0.98603752,2.561618238875681,2.486290106440457
-0.98572016,2.563491440710423,2.490968994391328
-0.9854027999999999,2.564428041627794,2.494712104752025
-0.98508544,2.566301243462536,2.499390992702897
-0.9847680799999999,2.567237844379907,2.504069880653768
-0.98445072,2.568174445297278,2.507812991014465
-0.98413336,2.567237844379907,2.512491878965336
-0.9838159999999999,2.568174445297278,2.516234989326033
-0.98349864,2.567237844379907,2.520913877276904
-0.9831812799999999,2.566301243462536,2.525592765227775
-0.98286392,2.566301243462536,2.530271653178646
-0.98254656,2.564428041627794,2.534014763539344
-0.9822291999999999,2.561618238875681,2.53775787390004
-0.98191184,2.559745037040938,2.541500984260738
-0.9815944799999999,2.557871835206196,2.545244094621435
-0.98127712,2.555062032454083,2.548987204982132
-0.98095976,2.551315628784599,2.552730315342829
-0.9806423999999999,2.549442426949856,2.555537648113352
-0.98032504,2.545696023280372,2.559280758474048
-0.9800076799999999,2.541013018693517,2.563023868834746
-0.97969032,2.537266615024032,2.563959646424919
-0.97937296,2.534456812271919,2.566766979195442
-0.9790555999999999,2.530710408602435,2.568638534375791
-0.97873824,2.526027404015579,2.569574311965965
-0.9784208799999999,2.522281000346095,2.570510089556139
-0.97810352,2.518534596676611,2.572381644736488
-0.97778616,2.514788193007127,2.573317422326662
-0.9774687999999999,2.511041789337642,2.573317422326662
-0.97715144,2.506358784750787,2.574253199916837
-0.9768340799999999,2.502612381081303,2.574253199916837
-0.97651672,2.498865977411818,2.573317422326662
-0.97619936,2.494182972824963,2.573317422326662
-0.9758819999999999,2.492309770990221,2.572381644736488
-0.97556464,2.488563367320736,2.571445867146314
-0.9752472799999999,2.485753564568623,2.571445867146314
-0.97492992,2.48294376181651,2.569574311965965
-0.97461256,2.479197358147025,2.567702756785617
-0.9742951999999999,2.477324156312283,2.565831201605268
-0.97397784,2.473577752642799,2.563959646424919
-0.9736604799999999,2.471704550808057,2.561152313654397
-0.97334312,2.469831348973314,2.560216536064223
-0.97302576,2.467958147138572,2.558344980883875
-0.9727083999999999,2.46608494530383,2.555537648113352
-0.97239104,2.464211743469088,2.553666092933003
-0.9720736799999999,2.462338541634346,2.55085876016248
-0.97175632,2.460465339799604,2.548987204982132
-0.97143896,2.458592137964862,2.546179872211609
-0.9711215999999999,2.45765553704749,2.543372539441086
-0.97080424,2.455782335212748,2.541500984260738
-0.9704868799999999,2.454845734295377,2.53775787390004
-0.97016952,2.453909133378006,2.534950541129517
-0.96985216,2.452972532460635,2.532143208358995
-0.9695347999999999,2.452035931543264,2.530271653178646
-0.96921744,2.452035931543264,2.527464320408124
-0.9689000799999999,2.450162729708522,2.523721210047427
-0.96858272,2.451099330625893,2.520913877276904
-0.96826536,2.450162729708522,2.517170766916207
-0.9679479999999999,2.450162729708522,2.514363434145684
-0.96763064,2.450162729708522,2.511556101375161
-0.9673132799999999,2.450162729708522,2.507812991014465
-0.96699592,2.451099330625893,2.505941435834116
-0.96667856,2.452035931543264,2.502198325473419
-0.9663611999999999,2.452035931543264,2.499390992702897
-0.96604384,2.452972532460635,2.495647882342199
-0.9657264799999999,2.454845734295377,2.491904771981503
-0.96540912,2.455782335212748,2.48909743921098
-0.96509176,2.45765553704749,2.485354328850282
-0.9647743999999999,2.459528738882233,2.481611218489586
-0.96445704,2.462338541634346,2.478803885719063
-0.9641396799999999,2.465148344386459,2.475060775358366
-0.96382232,2.467958147138572,2.472253442587843
-0.96350496,2.470767949890686,2.46944610981732
-0.9631875999999999,2.473577752642799,2.467574554636972
-0.96287024,2.477324156312283,2.465702999456624
-0.9625528799999999,2.480133959064396,2.462895666686101
-0.9622355199999999,2.483880362733881,2.461959889095926
-0.96191816,2.488563367320736,2.460088333915578
-0.9616007999999999,2.493246371907591,2.458216778735229
-0.96128344,2.497929376494447,2.458216778735229
-0.9609660799999999,2.501675780163931,2.456345223554881
-0.9606487199999999,2.506358784750787,2.456345223554881
-0.96033136,2.5091685875029,2.455409445964706
-0.9600139999999999,2.514788193007127,2.455409445964706
-0.95969664,2.518534596676611,2.456345223554881
-0.9593792799999999,2.523217601263466,2.457281001145055
-0.9590619199999999,2.52696400493295,2.458216778735229
-0.95874456,2.530710408602435,2.459152556325404
-0.9584271999999999,2.53539341318929,2.461024111505752
-0.95810984,2.538203215941404,2.462895666686101
-0.9577924799999999,2.541949619610888,2.463831444276275
-0.9574751199999999,2.545696023280372,2.466638777046797
-0.95715776,2.547569225115114,2.468510332227146
-0.9568403999999999,2.551315628784599,2.471317664997668
-0.95652304,2.554125431536712,2.47599655294854
-0.9562056799999999,2.555998633371454,2.478803885719063
-0.9558883199999999,2.558808436123567,2.48254699607976
-0.95557096,2.560681637958309,2.486290106440457
-0.9552535999999999,2.562554839793052,2.48909743921098
-0.95493624,2.564428041627794,2.493776327161851
-0.9546188799999999,2.565364642545165,2.497519437522548
-0.9543015199999999,2.565364642545165,2.502198325473419
-0.95398416,2.566301243462536,2.505941435834116
-0.9536667999999999,2.567237844379907,2.509684546194813
-0.95334944,2.567237844379907,2.514363434145684
-0.9530320799999999,2.566301243462536,2.518106544506382
-0.9527147199999999,2.565364642545165,2.521849654867078
-0.95239736,2.564428041627794,2.525592765227775
-0.9520799999999999,2.562554839793052,2.528400097998298
-0.95176264,2.561618238875681,2.533078985949169
-0.9514452799999999,2.559745037040938,2.536822096309867
-0.9511279199999999,2.556935234288825,2.540565206670563
-0.95081056,2.555062032454083,2.543372539441086
-0.9504931999999999,2.55225222970197,2.546179872211609
-0.95017584,2.549442426949856,2.548987204982132
-0.9498584799999999,2.546632624197743,2.551794537752654
-0.9495411199999999,2.542886220528259,2.554601870523177
-0.94922376,2.540076417776146,2.556473425703525
-0.9489063999999999,2.537266615024032,2.558344980883875
-0.94858904,2.533520211354548,2.560216536064223
-0.94827168,2.528837206767693,2.562088091244571
-0.9479543199999999,2.52696400493295,2.563023868834746
-0.94763696,2.524154202180837,2.563023868834746
-0.9473195999999999,2.519471197593982,2.563959646424919
-0.94700224,2.51759799575924,2.564895424015094
-0.94668488,2.512914991172384,2.564895424015094
-0.9463675199999999,2.510105188420271,2.564895424015094
-0.94605016,2.507295385668158,2.564895424015094
-0.9457327999999999,2.504485582916045,2.563959646424919
-0.94541544,2.50073917924656,2.563023868834746
-0.94509808,2.498865977411818,2.563959646424919
-0.9447807199999999,2.496056174659705,2.562088091244571
-0.94446336,2.494182972824963,2.562088091244571
-0.9441459999999999,2.492309770990221,2.561152313654397
-0.94382864,2.489499968238107,2.559280758474048
-0.94351128,2.485753564568623,2.558344980883875
-0.9431939199999999,2.483880362733881,2.558344980883875
-0.94287656,2.48294376181651,2.5574092032937
-0.9425591999999999,2.481070559981768,2.556473425703525
-0.94224184,2.479197358147025,2.554601870523177
-0.94192448,2.477324156312283,2.552730315342829
-0.9416071199999999,2.476387555394912,2.551794537752654
-0.94128976,2.47451435356017,2.55085876016248
-0.9409723999999999,2.472641151725428,2.549922982572306
-0.94065504,2.470767949890686,2.548051427391957
-0.94033768,2.468894748055944,2.546179872211609
-0.9400203199999999,2.467958147138572,2.545244094621435
-0.93970296,2.467021546221202,2.544308317031261
-0.9393855999999999,2.465148344386459,2.541500984260738
-0.93906824,2.463275142551717,2.540565206670563
-0.93875088,2.461401940716975,2.538693651490215
-0.9384335199999999,2.460465339799604,2.536822096309867
-0.93811616,2.459528738882233,2.534014763539344
-0.9377987999999999,2.45765553704749,2.532143208358995
-0.93748144,2.45765553704749,2.529335875588473
-0.93716408,2.455782335212748,2.52652854281795
-0.9368467199999999,2.454845734295377,2.524656987637601
-0.93652936,2.452972532460635,2.521849654867078
-0.9362119999999999,2.452972532460635,2.519042322096555
-0.93589464,2.452035931543264,2.516234989326033
-0.93557728,2.452972532460635,2.51342765655551
-0.9352599199999999,2.452972532460635,2.509684546194813
-0.93494256,2.452972532460635,2.507812991014465
-0.9346251999999999,2.452972532460635,2.503134103063593
-0.93430784,2.453909133378006,2.50032677029307
-0.93399048,2.454845734295377,2.497519437522548
-0.9336731199999999,2.45671893613012,2.494712104752025
-0.93335576,2.45765553704749,2.490968994391328
-0.9330383999999999,2.458592137964862,2.487225884030631
-0.93272104,2.461401940716975,2.483482773669934
-0.93240368,2.464211743469088,2.480675440899411
-0.9320863199999999,2.467021546221202,2.477868108128889
-0.93176896,2.469831348973314,2.475060775358366
-0.9314515999999999,2.472641151725428,2.472253442587843
-0.93113424,2.476387555394912,2.470381887407495
-0.93081688,2.479197358147025,2.467574554636972
-0.9304995199999999,2.482007160899139,2.465702999456624
-0.93018216,2.485753564568623,2.463831444276275
-0.9298647999999999,2.490436569155478,2.461959889095926
-0.92954744,2.494182972824963,2.461024111505752
-0.92923008,2.498865977411818,2.460088333915578
-0.9289127199999999,2.502612381081303,2.459152556325404
-0.92859536,2.505422183833416,2.459152556325404
-0.9282779999999999,2.5091685875029,2.459152556325404
-0.92796064,2.514788193007127,2.459152556325404
-0.92764328,2.518534596676611,2.460088333915578
-0.9273259199999999,2.522281000346095,2.461024111505752
-0.92700856,2.526027404015579,2.461959889095926
-0.9266911999999999,2.529773807685064,2.462895666686101
-0.92637384,2.533520211354548,2.464767221866449
-0.92605648,2.536330014106661,2.466638777046797
-0.9257391199999999,2.539139816858774,2.468510332227146
-0.92542176,2.542886220528259,2.470381887407495
-0.9251043999999999,2.545696023280372,2.473189220178018
-0.92478704,2.546632624197743,2.475060775358366
-0.92446968,2.549442426949856,2.477868108128889
-0.9241523199999999,2.55225222970197,2.481611218489586
-0.92383496,2.554125431536712,2.483482773669934
-0.9235175999999999,2.555998633371454,2.487225884030631
-0.92320024,2.557871835206196,2.490968994391328
-0.92288288,2.558808436123567,2.493776327161851
-0.9225655199999999,2.559745037040938,2.497519437522548
-0.92224816,2.560681637958309,2.501262547883245
-0.9219307999999999,2.560681637958309,2.505005658243942
-0.92161344,2.560681637958309,2.507812991014465
-0.92129608,2.560681637958309,2.511556101375161
-0.9209787199999999,2.560681637958309,2.515299211735859
-0.92066136,2.560681637958309,2.519042322096555
-0.9203439999999999,2.559745037040938,2.522785432457253
-0.92002664,2.558808436123567,2.52652854281795
-0.91970928,2.556935234288825,2.529335875588473
-0.9193919199999999,2.555062032454083,2.532143208358995
-0.91907456,2.554125431536712,2.535886318719692
-0.9187571999999999,2.55225222970197,2.538693651490215
-0.91843984,2.549442426949856,2.540565206670563
-0.91812248,2.546632624197743,2.543372539441086
-0.9178051199999999,2.544759422363001,2.545244094621435
-0.91748776,2.541949619610888,2.548051427391957
-0.9171703999999999,2.540076417776146,2.548987204982132
-0.91685304,2.538203215941404,2.551794537752654
-0.91653568,2.534456812271919,2.553666092933003
-0.9162183199999999,2.531647009519806,2.555537648113352
-0.91590096,2.528837206767693,2.556473425703525
-0.9155835999999999,2.525090803098208,2.5574092032937
-0.91526624,2.523217601263466,2.558344980883875
-0.91494888,2.520407798511353,2.558344980883875
-0.9146315199999999,2.518534596676611,2.559280758474048
-0.91431416,2.516661394841869,2.559280758474048
-0.9139967999999999,2.513851592089755,2.561152313654397
-0.91367944,2.511041789337642,2.560216536064223
-0.91336208,2.5091685875029,2.561152313654397
-0.9130447199999999,2.506358784750787,2.561152313654397
-0.91272736,2.504485582916045,2.561152313654397
-0.9124099999999999,2.502612381081303,2.561152313654397
-0.91209264,2.499802578329189,2.560216536064223
-0.91177528,2.497929376494447,2.560216536064223
-0.9114579199999999,2.495119573742334,2.560216536064223
-0.91114056,2.492309770990221,2.561152313654397
-0.9108231999999999,2.490436569155478,2.560216536064223
-0.91050584,2.487626766403365,2.560216536064223
-0.91018848,2.485753564568623,2.558344980883875
-0.9098711199999999,2.483880362733881,2.559280758474048
-0.90955376,2.481070559981768,2.558344980883875
-0.9092363999999999,2.479197358147025,2.558344980883875
-0.90891904,2.476387555394912,2.556473425703525
-0.90860168,2.472641151725428,2.555537648113352
-0.9082843199999999,2.470767949890686,2.554601870523177
-0.90796696,2.468894748055944,2.553666092933003
-0.9076495999999999,2.465148344386459,2.551794537752654
-0.90733224,2.463275142551717,2.549922982572306
-0.90701488,2.462338541634346,2.548051427391957
-0.9066975199999999,2.460465339799604,2.545244094621435
-0.90638016,2.45765553704749,2.543372539441086
-0.9060627999999999,2.455782335212748,2.541500984260738
-0.90574544,2.453909133378006,2.538693651490215
-0.90542808,2.452035931543264,2.536822096309867
-0.9051107199999999,2.450162729708522,2.532143208358995
-0.90479336,2.450162729708522,2.529335875588473
-0.9044759999999999,2.449226128791151,2.52652854281795
-0.9041586399999999,2.44828952787378,2.522785432457253
-0.90384128,2.44828952787378,2.519042322096555
-0.9035239199999999,2.44828952787378,2.516234989326033
-0.90320656,2.44828952787378,2.512491878965336
-0.9028891999999999,2.44828952787378,2.508748768604639
-0.9025718399999999,2.449226128791151,2.505005658243942
-0.90225448,2.450162729708522,2.501262547883245
-0.9019371199999999,2.452035931543264,2.497519437522548
-0.90161976,2.453909133378006,2.492840549571676
-0.9013023999999999,2.455782335212748,2.490968994391328
-0.9009850399999999,2.45765553704749,2.487225884030631
-0.90066768,2.459528738882233,2.484418551260108
-0.9003503199999999,2.462338541634346,2.480675440899411
-0.90003296,2.465148344386459,2.477868108128889
-0.8997155999999999,2.467958147138572,2.475060775358366
-0.8993982399999999,2.471704550808057,2.472253442587843
-0.89908088,2.47451435356017,2.470381887407495
-0.8987635199999999,2.478260757229654,2.46944610981732
-0.89844616,2.482007160899139,2.467574554636972
-0.8981287999999999,2.485753564568623,2.466638777046797
-0.8978114399999999,2.488563367320736,2.465702999456624
-0.89749408,2.492309770990221,2.464767221866449
-0.8971767199999999,2.496056174659705,2.463831444276275
-0.89685936,2.498865977411818,2.462895666686101
-0.896542,2.503548981998673,2.462895666686101
-0.8962246399999999,2.507295385668158,2.462895666686101
-0.89590728,2.510105188420271,2.463831444276275
-0.8955899199999999,2.512914991172384,2.463831444276275
-0.89527256,2.516661394841869,2.463831444276275
-0.8949552,2.519471197593982,2.463831444276275
-0.8946378399999999,2.522281000346095,2.465702999456624
-0.89432048,2.525090803098208,2.467574554636972
-0.8940031199999999,2.527900605850322,2.467574554636972
-0.89368576,2.530710408602435,2.46944610981732
-0.8933684,2.533520211354548,2.471317664997668
-0.8930510399999999,2.536330014106661,2.473189220178018
-0.89273368,2.538203215941404,2.475060775358366
-0.8924163199999999,2.541013018693517,2.476932330538714
-0.89209896,2.542886220528259,2.479739663309237
-0.8917816,2.544759422363001,2.481611218489586
-0.8914642399999999,2.547569225115114,2.484418551260108
-0.89114688,2.549442426949856,2.487225884030631
-0.8908295199999999,2.550379027867228,2.490033216801153
-0.89051216,2.551315628784599,2.492840549571676
-0.8901948,2.55225222970197,2.494712104752025
-0.8898774399999999,2.553188830619341,2.497519437522548
-0.88956008,2.554125431536712,2.50032677029307
-0.8892427199999999,2.555062032454083,2.504069880653768
-0.88892536,2.555062032454083,2.50687721342429
-0.888608,2.555998633371454,2.509684546194813
-0.8882906399999999,2.555062032454083,2.512491878965336
-0.88797328,2.554125431536712,2.515299211735859
-0.8876559199999999,2.554125431536712,2.519042322096555
-0.88733856,2.554125431536712,2.520913877276904
-0.8870212,2.553188830619341,2.523721210047427
-0.8867038399999999,2.55225222970197,2.52652854281795
-0.88638648,2.550379027867228,2.528400097998298
-0.8860691199999999,2.549442426949856,2.531207430768821
-0.88575176,2.547569225115114,2.534014763539344
-0.8854344,2.547569225115114,2.536822096309867
-0.8851170399999999,2.544759422363001,2.538693651490215
-0.88479968,2.542886220528259,2.541500984260738
-0.8844823199999999,2.541013018693517,2.543372539441086
-0.88416496,2.539139816858774,2.545244094621435
-0.8838476,2.537266615024032,2.546179872211609
-0.8835302399999999,2.534456812271919,2.548987204982132
-0.88321288,2.532583610437177,2.549922982572306
-0.8828955199999999,2.530710408602435,2.55085876016248
-0.88257816,2.527900605850322,2.552730315342829
-0.8822608,2.526027404015579,2.553666092933003
-0.8819434399999999,2.523217601263466,2.555537648113352
-0.88162608,2.522281000346095,2.556473425703525
-0.8813087199999999,2.518534596676611,2.5574092032937
-0.88099136,2.515724793924498,2.558344980883875
-0.880674,2.513851592089755,2.558344980883875
-0.8803566399999999,2.511041789337642,2.559280758474048
-0.88003928,2.508231986585529,2.560216536064223
-0.8797219199999999,2.505422183833416,2.560216536064223
-0.87940456,2.50073917924656,2.560216536064223
-0.8790872,2.497929376494447,2.560216536064223
-0.8787698399999999,2.494182972824963,2.560216536064223
-0.87845248,2.492309770990221,2.559280758474048
-0.8781351199999999,2.489499968238107,2.559280758474048
-0.87781776,2.486690165485994,2.559280758474048
-0.8775004,2.48294376181651,2.5574092032937
-0.8771830399999999,2.480133959064396,2.5574092032937
-0.87686568,2.477324156312283,2.555537648113352
-0.8765483199999999,2.475450954477541,2.553666092933003
-0.87623096,2.471704550808057,2.551794537752654
-0.8759136,2.469831348973314,2.549922982572306
-0.8755962399999999,2.467021546221202,2.547115649801783
-0.87527888,2.46608494530383,2.546179872211609
-0.8749615199999999,2.463275142551717,2.542436761850912
-0.87464416,2.461401940716975,2.539629429080389
-0.8743268,2.460465339799604,2.53775787390004
-0.8740094399999999,2.459528738882233,2.534950541129517
-0.87369208,2.458592137964862,2.531207430768821
-0.8733747199999999,2.45671893613012,2.527464320408124
-0.87305736,2.455782335212748,2.523721210047427
-0.87274,2.45671893613012,2.520913877276904
-0.8724226399999999,2.455782335212748,2.517170766916207
-0.87210528,2.455782335212748,2.514363434145684
-0.8717879199999999,2.45671893613012,2.511556101375161
-0.87147056,2.45671893613012,2.50687721342429
-0.8711532,2.45765553704749,2.504069880653768
-0.8708358399999999,2.458592137964862,2.501262547883245
-0.87051848,2.460465339799604,2.498455215112722
-0.8702011199999999,2.461401940716975,2.495647882342199
-0.86988376,2.464211743469088,2.492840549571676
-0.8695664,2.46608494530383,2.491904771981503
-0.8692490399999999,2.467958147138572,2.488161661620805
-0.86893168,2.469831348973314,2.486290106440457
-0.8686143199999999,2.472641151725428,2.484418551260108
-0.86829696,2.475450954477541,2.483482773669934
-0.8679796,2.477324156312283,2.481611218489586
-0.8676622399999999,2.480133959064396,2.479739663309237
-0.86734488,2.482007160899139,2.478803885719063
-0.8670275199999999,2.485753564568623,2.477868108128889
-0.86671016,2.487626766403365,2.476932330538714
-0.8663928,2.490436569155478,2.476932330538714
-0.8660754399999999,2.493246371907591,2.476932330538714
-0.86575808,2.496056174659705,2.476932330538714
-0.8654407199999999,2.498865977411818,2.476932330538714
-0.86512336,2.50073917924656,2.476932330538714
-0.864806,2.502612381081303,2.476932330538714
-0.8644886399999999,2.505422183833416,2.476932330538714
-0.86417128,2.508231986585529,2.476932330538714
-0.8638539199999999,2.510105188420271,2.477868108128889
-0.86353656,2.511978390255013,2.479739663309237
-0.8632192,2.513851592089755,2.480675440899411
-0.8629018399999999,2.515724793924498,2.481611218489586
-0.86258448,2.51759799575924,2.48254699607976
-0.8622671199999999,2.519471197593982,2.484418551260108
-0.86194976,2.521344399428724,2.485354328850282
-0.8616324,2.523217601263466,2.486290106440457
-0.8613150399999999,2.524154202180837,2.487225884030631
-0.86099768,2.525090803098208,2.48909743921098
-0.8606803199999999,2.52696400493295,2.490968994391328
-0.86036296,2.527900605850322,2.491904771981503
-0.8600456,2.529773807685064,2.492840549571676
-0.8597282399999999,2.530710408602435,2.494712104752025
-0.85941088,2.532583610437177,2.497519437522548
-0.8590935199999999,2.532583610437177,2.498455215112722
-0.85877616,2.533520211354548,2.50032677029307
-0.8584588,2.534456812271919,2.501262547883245
-0.8581414399999999,2.536330014106661,2.504069880653768
-0.85782408,2.536330014106661,2.505941435834116
-0.8575067199999999,2.538203215941404,2.507812991014465
-0.85718936,2.537266615024032,2.509684546194813
-0.856872,2.539139816858774,2.511556101375161
-0.8565546399999999,2.540076417776146,2.51342765655551
-0.85623728,2.539139816858774,2.515299211735859
-0.8559199199999999,2.540076417776146,2.517170766916207
-0.85560256,2.540076417776146,2.519042322096555
-0.8552852,2.540076417776146,2.520913877276904
-0.8549678399999999,2.541013018693517,2.523721210047427
-0.85465048,2.539139816858774,2.525592765227775
-0.8543331199999999,2.539139816858774,2.528400097998298
-0.85401576,2.538203215941404,2.530271653178646
-0.8536984,2.537266615024032,2.533078985949169
-0.8533810399999999,2.536330014106661,2.534014763539344
-0.85306368,2.534456812271919,2.535886318719692
-0.8527463199999999,2.533520211354548,2.53775787390004
-0.85242896,2.531647009519806,2.540565206670563
-0.8521116,2.530710408602435,2.542436761850912
-0.8517942399999999,2.528837206767693,2.544308317031261
-0.85147688,2.527900605850322,2.546179872211609
-0.8511595199999999,2.526027404015579,2.548051427391957
-0.85084216,2.525090803098208,2.548987204982132
-0.8505248,2.522281000346095,2.55085876016248
-0.8502074399999999,2.520407798511353,2.551794537752654
-0.84989008,2.518534596676611,2.553666092933003
-0.8495727199999999,2.515724793924498,2.554601870523177
-0.84925536,2.512914991172384,2.556473425703525
-0.848938,2.511041789337642,2.5574092032937
-0.8486206399999999,2.508231986585529,2.558344980883875
-0.84830328,2.505422183833416,2.559280758474048
-0.8479859199999999,2.501675780163931,2.558344980883875
-0.84766856,2.499802578329189,2.558344980883875
-0.8473512,2.496992775577076,2.558344980883875
-0.8470338399999999,2.493246371907591,2.558344980883875
-0.84671648,2.491373170072849,2.558344980883875
-0.8463991199999999,2.488563367320736,2.558344980883875
-0.8460817599999999,2.485753564568623,2.5574092032937
-0.8457644,2.482007160899139,2.556473425703525
-0.8454470399999999,2.480133959064396,2.554601870523177
-0.84512968,2.477324156312283,2.552730315342829
-0.8448123199999999,2.473577752642799,2.551794537752654
-0.8444949599999999,2.471704550808057,2.55085876016248
-0.8441776,2.469831348973314,2.548987204982132
-0.8438602399999999,2.467958147138572,2.546179872211609
-0.84354288,2.46608494530383,2.544308317031261
-0.84322552,2.463275142551717,2.541500984260738
-0.8429081599999999,2.461401940716975,2.539629429080389
-0.8425908,2.459528738882233,2.535886318719692
-0.8422734399999999,2.458592137964862,2.532143208358995
-0.84195608,2.45765553704749,2.529335875588473
-0.84163872,2.454845734295377,2.52652854281795
-0.8413213599999999,2.455782335212748,2.522785432457253
-0.841004,2.454845734295377,2.51997809968673
-0.8406866399999999,2.454845734295377,2.517170766916207
-0.84036928,2.454845734295377,2.514363434145684
-0.84005192,2.453909133378006,2.509684546194813
-0.8397345599999999,2.453909133378006,2.50687721342429
-0.8394172,2.453909133378006,2.503134103063593
-0.8390998399999999,2.455782335212748,2.499390992702897
-0.83878248,2.45671893613012,2.496583659932374
-0.83846512,2.458592137964862,2.492840549571676
-0.8381477599999999,2.460465339799604,2.490033216801153
-0.8378304,2.462338541634346,2.487225884030631
-0.8375130399999999,2.464211743469088,2.484418551260108
-0.83719568,2.467021546221202,2.481611218489586
-0.83687832,2.468894748055944,2.479739663309237
-0.8365609599999999,2.471704550808057,2.47599655294854
-0.8362436,2.473577752642799,2.474124997768191
-0.8359262399999999,2.476387555394912,2.472253442587843
-0.83560888,2.479197358147025,2.470381887407495
-0.83529152,2.48294376181651,2.468510332227146
-0.8349741599999999,2.484816963651252,2.467574554636972
-0.8346568,2.488563367320736,2.465702999456624
-0.8343394399999999,2.492309770990221,2.464767221866449
-0.83402208,2.495119573742334,2.463831444276275
-0.83370472,2.497929376494447,2.462895666686101
-0.8333873599999999,2.501675780163931,2.462895666686101
-0.83307,2.504485582916045,2.461959889095926
-0.8327526399999999,2.508231986585529,2.461959889095926
-0.83243528,2.511041789337642,2.461959889095926
-0.83211792,2.513851592089755,2.461959889095926
-0.8318005599999999,2.516661394841869,2.461959889095926
-0.8314832,2.518534596676611,2.463831444276275
-0.8311658399999999,2.521344399428724,2.464767221866449
-0.83084848,2.524154202180837,2.464767221866449
-0.83053112,2.526027404015579,2.465702999456624
-0.8302137599999999,2.528837206767693,2.467574554636972
-0.8298964,2.531647009519806,2.46944610981732
-0.8295790399999999,2.533520211354548,2.470381887407495
-0.82926168,2.53539341318929,2.472253442587843
-0.82894432,2.536330014106661,2.474124997768191
-0.8286269599999999,2.539139816858774,2.47599655294854
-0.8283096,2.541013018693517,2.477868108128889
-0.8279922399999999,2.541949619610888,2.479739663309237
-0.82767488,2.542886220528259,2.48254699607976
-0.82735752,2.544759422363001,2.484418551260108
-0.8270401599999999,2.546632624197743,2.486290106440457
-0.8267228,2.547569225115114,2.48909743921098
-0.8264054399999999,2.548505826032486,2.490968994391328
-0.82608808,2.549442426949856,2.493776327161851
-0.82577072,2.549442426949856,2.496583659932374
-0.8254533599999999,2.551315628784599,2.499390992702897
-0.825136,2.55225222970197,2.501262547883245
-0.8248186399999999,2.55225222970197,2.504069880653768
-0.82450128,2.55225222970197,2.50687721342429
-0.82418392,2.55225222970197,2.508748768604639
-0.8238665599999999,2.55225222970197,2.510620323784988
-0.8235492,2.553188830619341,2.514363434145684
-0.8232318399999999,2.553188830619341,2.517170766916207
-0.82291448,2.553188830619341,2.518106544506382
-0.82259712,2.553188830619341,2.51997809968673
-0.8222797599999999,2.551315628784599,2.521849654867078
-0.8219624,2.551315628784599,2.525592765227775
-0.8216450399999999,2.550379027867228,2.528400097998298
-0.82132768,2.550379027867228,2.530271653178646
-0.82101032,2.550379027867228,2.532143208358995
-0.8206929599999999,2.548505826032486,2.534014763539344
-0.8203756,2.547569225115114,2.536822096309867
-0.8200582399999999,2.547569225115114,2.538693651490215
-0.81974088,2.545696023280372,2.540565206670563
-0.81942352,2.545696023280372,2.543372539441086
-0.8191061599999999,2.544759422363001,2.545244094621435
-0.8187888,2.54382282144563,2.547115649801783
-0.8184714399999999,2.541949619610888,2.549922982572306
-0.81815408,2.540076417776146,2.551794537752654
-0.81783672,2.539139816858774,2.552730315342829
-0.8175193599999999,2.536330014106661,2.555537648113352
-0.817202,2.53539341318929,2.556473425703525
-0.8168846399999999,2.533520211354548,2.559280758474048
-0.81656728,2.531647009519806,2.560216536064223
-0.81624992,2.530710408602435,2.563023868834746
-0.8159325599999999,2.527900605850322,2.564895424015094
-0.8156152,2.526027404015579,2.566766979195442
-0.8152978399999999,2.525090803098208,2.568638534375791
-0.81498048,2.522281000346095,2.569574311965965
-0.81466312,2.520407798511353,2.570510089556139
-0.8143457599999999,2.51759799575924,2.572381644736488
-0.8140284,2.515724793924498,2.574253199916837
-0.8137110399999999,2.511978390255013,2.57518897750701
-0.81339368,2.5091685875029,2.576124755097185
-0.81307632,2.506358784750787,2.577996310277533
-0.8127589599999999,2.503548981998673,2.578932087867708
-0.8124416,2.50073917924656,2.578932087867708
-0.8121242399999999,2.497929376494447,2.579867865457881
-0.81180688,2.494182972824963,2.580803643048056
-0.81148952,2.491373170072849,2.581739420638231
-0.8111721599999999,2.487626766403365,2.581739420638231
-0.8108548,2.484816963651252,2.582675198228404
-0.8105374399999999,2.481070559981768,2.582675198228404
-0.81022008,2.479197358147025,2.582675198228404
-0.80990272,2.476387555394912,2.582675198228404
-0.8095853599999999,2.472641151725428,2.580803643048056
-0.809268,2.469831348973314,2.580803643048056
-0.8089506399999999,2.46608494530383,2.578932087867708
-0.80863328,2.463275142551717,2.578932087867708
-0.80831592,2.460465339799604,2.577060532687359
-0.8079985599999999,2.45671893613012,2.576124755097185
-0.8076812,2.454845734295377,2.573317422326662
-0.8073638399999999,2.451099330625893,2.571445867146314
-0.80704648,2.44828952787378,2.569574311965965
-0.80672912,2.445479725121666,2.566766979195442
-0.8064117599999999,2.442669922369553,2.564895424015094
-0.8060944,2.43986011961744,2.562088091244571
-0.8057770399999999,2.437986917782698,2.558344980883875
-0.80545968,2.435177115030585,2.555537648113352
-0.80514232,2.433303913195842,2.551794537752654
-0.8048249599999999,2.4314307113611,2.548987204982132
-0.8045076,2.429557509526358,2.545244094621435
-0.8041902399999999,2.428620908608987,2.541500984260738
-0.80387288,2.426747706774245,2.53775787390004
-0.80355552,2.425811105856874,2.534014763539344
-0.8032381599999999,2.424874504939503,2.530271653178646
-0.8029208,2.424874504939503,2.52652854281795
-0.8026034399999999,2.423937904022131,2.521849654867078
-0.80228608,2.423937904022131,2.518106544506382
-0.80196872,2.423937904022131,2.51342765655551
-0.8016513599999999,2.424874504939503,2.509684546194813
-0.801334,2.424874504939503,2.505005658243942
-0.8010166399999999,2.425811105856874,2.501262547883245
-0.80069928,2.425811105856874,2.496583659932374
-0.80038192,2.427684307691616,2.492840549571676
-0.8000645599999999,2.429557509526358,2.488161661620805
-0.7997472,2.4314307113611,2.484418551260108
-0.7994298399999999,2.433303913195842,2.479739663309237
-0.79911248,2.435177115030585,2.47599655294854
-0.79879512,2.437050316865327,2.471317664997668
-0.7984777599999999,2.43986011961744,2.467574554636972
-0.7981604,2.442669922369553,2.463831444276275
-0.7978430399999999,2.445479725121666,2.461024111505752
-0.79752568,2.44828952787378,2.458216778735229
-0.79720832,2.452035931543264,2.455409445964706
-0.7968909599999999,2.455782335212748,2.452602113194184
-0.7965736,2.458592137964862,2.449794780423661
-0.7962562399999999,2.462338541634346,2.447923225243312
-0.79593888,2.46608494530383,2.445115892472789
-0.79562152,2.468894748055944,2.444180114882616
-0.7953041599999999,2.471704550808057,2.440437004521918
-0.7949868,2.476387555394912,2.439501226931744
-0.7946694399999999,2.479197358147025,2.43856544934157
-0.79435208,2.48294376181651,2.437629671751396
-0.79403472,2.486690165485994,2.435758116571047
-0.7937173599999999,2.491373170072849,2.435758116571047
-0.7934,2.495119573742334,2.433886561390699
-0.7930826399999999,2.497929376494447,2.433886561390699
-0.79276528,2.501675780163931,2.433886561390699
-0.79244792,2.505422183833416,2.433886561390699
-0.7921305599999999,2.5091685875029,2.433886561390699
-0.7918132,2.511978390255013,2.433886561390699
-0.79149584,2.515724793924498,2.433886561390699
-0.79117848,2.520407798511353,2.434822338980873
-0.79086112,2.522281000346095,2.435758116571047
-0.7905437599999999,2.525090803098208,2.435758116571047
-0.7902264,2.528837206767693,2.436693894161222
-0.78990904,2.531647009519806,2.437629671751396
-0.78959168,2.534456812271919,2.439501226931744
-0.78927432,2.537266615024032,2.440437004521918
-0.7889569599999999,2.540076417776146,2.441372782112093
-0.7886396,2.541949619610888,2.442308559702267
-0.78832224,2.544759422363001,2.444180114882616
-0.7880048799999999,2.547569225115114,2.446051670062964
-0.78768752,2.549442426949856,2.446987447653139
-0.7873701599999999,2.551315628784599,2.449794780423661
-0.7870528,2.554125431536712,2.450730558013835
-0.78673544,2.555998633371454,2.453537890784358
-0.7864180799999999,2.558808436123567,2.456345223554881
-0.78610072,2.560681637958309,2.457281001145055
-0.7857833599999999,2.561618238875681,2.460088333915578
-0.785466,2.563491440710423,2.461959889095926
-0.78514864,2.565364642545165,2.463831444276275
-0.7848312799999999,2.567237844379907,2.466638777046797
-0.78451392,2.568174445297278,2.470381887407495
-0.7841965599999999,2.57004764713202,2.473189220178018
-0.7838792,2.570984248049391,2.47599655294854
-0.78356184,2.571920848966763,2.477868108128889
-0.7832444799999999,2.572857449884133,2.479739663309237
-0.78292712,2.573794050801505,2.48254699607976
-0.7826097599999999,2.573794050801505,2.485354328850282
-0.7822924,2.574730651718875,2.487225884030631
-0.78197504,2.574730651718875,2.490033216801153
-0.7816576799999999,2.575667252636247,2.492840549571676
-0.78134032,2.575667252636247,2.494712104752025
-0.7810229599999999,2.576603853553618,2.497519437522548
-0.7807056,2.576603853553618,2.50032677029307
-0.78038824,2.577540454470989,2.504069880653768
-0.7800708799999999,2.577540454470989,2.50687721342429
-0.77975352,2.577540454470989,2.508748768604639
-0.7794361599999999,2.577540454470989,2.511556101375161
-0.7791188,2.576603853553618,2.514363434145684
-0.77880144,2.576603853553618,2.516234989326033
-0.7784840799999999,2.575667252636247,2.519042322096555
-0.77816672,2.576603853553618,2.521849654867078
-0.7778493599999999,2.575667252636247,2.523721210047427
-0.777532,2.575667252636247,2.52652854281795
-0.77721464,2.574730651718875,2.530271653178646
-0.7768972799999999,2.574730651718875,2.531207430768821
-0.77657992,2.574730651718875,2.534014763539344
-0.7762625599999999,2.572857449884133,2.536822096309867
-0.7759452,2.571920848966763,2.538693651490215
-0.77562784,2.571920848966763,2.542436761850912
-0.7753104799999999,2.57004764713202,2.544308317031261
-0.77499312,2.569111046214649,2.548051427391957
-0.7746757599999999,2.567237844379907,2.549922982572306
-0.7743584,2.567237844379907,2.551794537752654
-0.77404104,2.566301243462536,2.555537648113352
-0.7737236799999999,2.564428041627794,2.5574092032937
-0.77340632,2.561618238875681,2.559280758474048
-0.7730889599999999,2.560681637958309,2.561152313654397
-0.7727716,2.558808436123567,2.563959646424919
-0.77245424,2.557871835206196,2.566766979195442
-0.7721368799999999,2.555998633371454,2.568638534375791
-0.77181952,2.553188830619341,2.571445867146314
-0.7715021599999999,2.551315628784599,2.572381644736488
-0.7711848,2.549442426949856,2.57518897750701
-0.77086744,2.547569225115114,2.577996310277533
-0.7705500799999999,2.545696023280372,2.579867865457881
-0.77023272,2.542886220528259,2.581739420638231
-0.7699153599999999,2.540076417776146,2.582675198228404
-0.769598,2.538203215941404,2.585482530998927
-0.76928064,2.536330014106661,2.586418308589102
-0.7689632799999999,2.533520211354548,2.58828986376945
-0.76864592,2.530710408602435,2.589225641359625
-0.7683285599999999,2.528837206767693,2.591097196539973
-0.7680112,2.526027404015579,2.592968751720321
-0.76769384,2.523217601263466,2.59484030690067
-0.7673764799999999,2.520407798511353,2.595776084490844
-0.76705912,2.51759799575924,2.596711862081018
-0.7667417599999999,2.514788193007127,2.597647639671193
-0.7664244,2.511041789337642,2.599519194851541
-0.76610704,2.508231986585529,2.600454972441716
-0.7657896799999999,2.505422183833416,2.601390750031889
-0.76547232,2.501675780163931,2.601390750031889
-0.7651549599999999,2.498865977411818,2.602326527622064
-0.7648376,2.495119573742334,2.604198082802412
-0.76452024,2.491373170072849,2.604198082802412
-0.7642028799999999,2.487626766403365,2.604198082802412
-0.76388552,2.484816963651252,2.603262305212239
-0.7635681599999999,2.481070559981768,2.604198082802412
-0.7632508,2.477324156312283,2.604198082802412
-0.76293344,2.47451435356017,2.603262305212239
-0.7626160799999999,2.470767949890686,2.603262305212239
-0.76229872,2.467958147138572,2.602326527622064
-0.7619813599999999,2.464211743469088,2.601390750031889
-0.761664,2.461401940716975,2.600454972441716
-0.76134664,2.458592137964862,2.600454972441716
-0.7610292799999999,2.454845734295377,2.598583417261367
-0.76071192,2.451099330625893,2.596711862081018
-0.7603945599999999,2.44828952787378,2.595776084490844
-0.7600772,2.445479725121666,2.593904529310496
-0.75975984,2.443606523286924,2.592968751720321
-0.7594424799999999,2.43986011961744,2.590161418949799
-0.75912512,2.437050316865327,2.589225641359625
-0.7588077599999999,2.435177115030585,2.587354086179276
-0.7584904,2.432367312278471,2.584546753408753
-0.75817304,2.428620908608987,2.581739420638231
-0.7578556799999999,2.426747706774245,2.579867865457881
-0.75753832,2.423937904022131,2.576124755097185
-0.7572209599999999,2.422064702187389,2.574253199916837
-0.7569036,2.420191500352647,2.571445867146314
-0.75658624,2.419254899435276,2.567702756785617
-0.7562688799999999,2.416445096683163,2.564895424015094
-0.75595152,2.415508495765792,2.562088091244571
-0.7556341599999999,2.413635293931049,2.558344980883875
-0.7553168,2.412698693013679,2.554601870523177
-0.75499944,2.412698693013679,2.551794537752654
-0.7546820799999999,2.410825491178937,2.548987204982132
-0.75436472,2.409888890261565,2.544308317031261
-0.7540473599999999,2.408952289344194,2.541500984260738
-0.75373,2.408015688426823,2.536822096309867
-0.75341264,2.407079087509452,2.532143208358995
-0.7530952799999999,2.407079087509452,2.530271653178646
-0.75277792,2.408015688426823,2.52652854281795
-0.7524605599999999,2.408015688426823,2.522785432457253
-0.7521432,2.408015688426823,2.518106544506382
-0.75182584,2.407079087509452,2.514363434145684
-0.7515084799999999,2.408015688426823,2.510620323784988
-0.75119112,2.408952289344194,2.50687721342429
-0.7508737599999999,2.409888890261565,2.504069880653768
-0.7505564,2.410825491178937,2.50032677029307
-0.75023904,2.410825491178937,2.495647882342199
-0.7499216799999999,2.413635293931049,2.491904771981503
-0.74960432,2.415508495765792,2.488161661620805
-0.7492869599999999,2.417381697600534,2.484418551260108
-0.7489696,2.418318298517905,2.481611218489586
-0.74865224,2.421128101270019,2.477868108128889
-0.7483348799999999,2.423001303104761,2.475060775358366
-0.74801752,2.424874504939503,2.471317664997668
-0.7477001599999999,2.425811105856874,2.468510332227146
-0.7473828,2.427684307691616,2.465702999456624
-0.74706544,2.430494110443729,2.462895666686101
-0.7467480799999999,2.434240514113213,2.460088333915578
-0.74643072,2.436113715947956,2.458216778735229
-0.7461133599999999,2.43986011961744,2.456345223554881
-0.745796,2.442669922369553,2.454473668374533
-0.74547864,2.444543124204295,2.45166633560401
-0.7451612799999999,2.446416326039038,2.448859002833487
-0.74484392,2.449226128791151,2.446987447653139
-0.7445265599999999,2.452035931543264,2.446051670062964
-0.7442092,2.454845734295377,2.444180114882616
-0.74389184,2.45765553704749,2.441372782112093
-0.7435744799999999,2.461401940716975,2.440437004521918
-0.74325712,2.463275142551717,2.43856544934157
-0.7429397599999999,2.46608494530383,2.437629671751396
-0.7426224,2.469831348973314,2.436693894161222
-0.74230504,2.471704550808057,2.436693894161222
-0.7419876799999999,2.475450954477541,2.434822338980873
-0.74167032,2.477324156312283,2.433886561390699
-0.7413529599999999,2.480133959064396,2.432950783800525
-0.7410356,2.48294376181651,2.43201500621035
-0.74071824,2.484816963651252,2.431079228620176
-0.7404008799999999,2.488563367320736,2.431079228620176
-0.74008352,2.491373170072849,2.431079228620176
-0.73976616,2.493246371907591,2.431079228620176
-0.7394488,2.496056174659705,2.431079228620176
-0.73913144,2.499802578329189,2.431079228620176
-0.7388140799999999,2.502612381081303,2.431079228620176
-0.73849672,2.505422183833416,2.431079228620176
-0.73817936,2.508231986585529,2.431079228620176
-0.737862,2.510105188420271,2.43201500621035
-0.73754464,2.512914991172384,2.43201500621035
-0.7372272799999999,2.515724793924498,2.43201500621035
-0.73690992,2.518534596676611,2.432950783800525
-0.73659256,2.519471197593982,2.432950783800525
-0.7362752,2.522281000346095,2.433886561390699
-0.73595784,2.525090803098208,2.435758116571047
-0.7356404799999999,2.527900605850322,2.436693894161222
-0.73532312,2.529773807685064,2.437629671751396
-0.73500576,2.530710408602435,2.437629671751396
-0.7346884,2.533520211354548,2.43856544934157
-0.73437104,2.53539341318929,2.439501226931744
-0.7340536799999999,2.537266615024032,2.441372782112093
-0.73373632,2.539139816858774,2.442308559702267
-0.73341896,2.541013018693517,2.442308559702267
-0.7331016,2.542886220528259,2.444180114882616
-0.73278424,2.54382282144563,2.445115892472789
-0.7324668799999999,2.545696023280372,2.446051670062964
-0.73214952,2.547569225115114,2.447923225243312
-0.73183216,2.548505826032486,2.449794780423661
-0.7315148,2.549442426949856,2.450730558013835
-0.73119744,2.551315628784599,2.452602113194184
-0.7308800799999999,2.553188830619341,2.453537890784358
-0.73056272,2.554125431536712,2.455409445964706
-0.73024536,2.555062032454083,2.456345223554881
-0.729928,2.556935234288825,2.457281001145055
-0.72961064,2.557871835206196,2.460088333915578
-0.7292932799999999,2.559745037040938,2.461959889095926
-0.72897592,2.560681637958309,2.462895666686101
-0.72865856,2.560681637958309,2.464767221866449
-0.7283411999999999,2.560681637958309,2.466638777046797
-0.72802384,2.562554839793052,2.467574554636972
-0.7277064799999999,2.564428041627794,2.46944610981732
-0.72738912,2.563491440710423,2.470381887407495
-0.72707176,2.565364642545165,2.473189220178018
-0.7267543999999999,2.565364642545165,2.474124997768191
-0.72643704,2.566301243462536,2.47599655294854
-0.7261196799999999,2.567237844379907,2.477868108128889
-0.72580232,2.568174445297278,2.479739663309237
-0.72548496,2.568174445297278,2.481611218489586
-0.7251675999999999,2.569111046214649,2.483482773669934
-0.72485024,2.569111046214649,2.484418551260108
-0.7245328799999999,2.57004764713202,2.486290106440457
-0.72421552,2.57004764713202,2.488161661620805
-0.72389816,2.57004764713202,2.48909743921098
-0.7235807999999999,2.57004764713202,2.490968994391328
-0.72326344,2.570984248049391,2.492840549571676
-0.7229460799999999,2.570984248049391,2.494712104752025
-0.72262872,2.571920848966763,2.495647882342199
-0.72231136,2.572857449884133,2.497519437522548
-0.7219939999999999,2.571920848966763,2.498455215112722
-0.72167664,2.570984248049391,2.499390992702897
-0.7213592799999999,2.571920848966763,2.501262547883245
-0.72104192,2.571920848966763,2.503134103063593
-0.72072456,2.571920848966763,2.505005658243942
-0.7204071999999999,2.570984248049391,2.50687721342429
-0.72008984,2.571920848966763,2.507812991014465
-0.7197724799999999,2.571920848966763,2.509684546194813
-0.71945512,2.570984248049391,2.511556101375161
-0.71913776,2.571920848966763,2.51342765655551
-0.7188203999999999,2.571920848966763,2.515299211735859
-0.71850304,2.570984248049391,2.516234989326033
-0.7181856799999999,2.57004764713202,2.517170766916207
-0.71786832,2.57004764713202,2.519042322096555
-0.71755096,2.57004764713202,2.51997809968673
-0.7172335999999999,2.57004764713202,2.521849654867078
-0.71691624,2.57004764713202,2.523721210047427
-0.7165988799999999,2.57004764713202,2.524656987637601
-0.71628152,2.57004764713202,2.527464320408124
-0.71596416,2.57004764713202,2.528400097998298
-0.7156467999999999,2.57004764713202,2.530271653178646
-0.71532944,2.569111046214649,2.531207430768821
-0.7150120799999999,2.568174445297278,2.531207430768821
-0.71469472,2.567237844379907,2.534014763539344
-0.71437736,2.567237844379907,2.535886318719692
-0.7140599999999999,2.567237844379907,2.536822096309867
-0.71374264,2.566301243462536,2.53775787390004
-0.7134252799999999,2.566301243462536,2.538693651490215
-0.71310792,2.566301243462536,2.540565206670563
-0.71279056,2.565364642545165,2.542436761850912
-0.7124731999999999,2.564428041627794,2.543372539441086
-0.71215584,2.562554839793052,2.545244094621435
-0.7118384799999999,2.561618238875681,2.545244094621435
-0.71152112,2.561618238875681,2.547115649801783
-0.71120376,2.560681637958309,2.548051427391957
-0.7108863999999999,2.559745037040938,2.549922982572306
-0.71056904,2.559745037040938,2.55085876016248
-0.7102516799999999,2.557871835206196,2.551794537752654
-0.70993432,2.556935234288825,2.553666092933003
-0.70961696,2.555998633371454,2.554601870523177
-0.7092995999999999,2.554125431536712,2.555537648113352
-0.70898224,2.554125431536712,2.556473425703525
-0.7086648799999999,2.553188830619341,2.5574092032937
-0.70834752,2.553188830619341,2.559280758474048
-0.70803016,2.551315628784599,2.559280758474048
-0.7077127999999999,2.551315628784599,2.561152313654397
-0.70739544,2.549442426949856,2.562088091244571
-0.7070780799999999,2.548505826032486,2.563023868834746
-0.70676072,2.547569225115114,2.563959646424919
-0.70644336,2.546632624197743,2.564895424015094
-0.7061259999999999,2.545696023280372,2.565831201605268
-0.70580864,2.544759422363001,2.566766979195442
-0.7054912799999999,2.542886220528259,2.567702756785617
-0.70517392,2.541949619610888,2.567702756785617
-0.70485656,2.541013018693517,2.570510089556139
-0.7045391999999999,2.539139816858774,2.570510089556139
-0.70422184,2.538203215941404,2.571445867146314
-0.7039044799999999,2.538203215941404,2.572381644736488
-0.70358712,2.536330014106661,2.574253199916837
-0.70326976,2.53539341318929,2.57518897750701
-0.7029523999999999,2.533520211354548,2.57518897750701
-0.70263504,2.533520211354548,2.577060532687359
-0.7023176799999999,2.531647009519806,2.577060532687359
-0.70200032,2.530710408602435,2.577996310277533
-0.70168296,2.529773807685064,2.578932087867708
-0.7013655999999999,2.527900605850322,2.579867865457881
-0.70104824,2.52696400493295,2.580803643048056
-0.7007308799999999,2.526027404015579,2.581739420638231
-0.70041352,2.525090803098208,2.582675198228404
-0.70009616,2.523217601263466,2.583610975818579
-0.6997787999999999,2.522281000346095,2.584546753408753
-0.69946144,2.521344399428724,2.584546753408753
-0.6991440799999999,2.519471197593982,2.585482530998927
-0.69882672,2.51759799575924,2.585482530998927
-0.69850936,2.51759799575924,2.586418308589102
-0.6981919999999999,2.515724793924498,2.587354086179276
-0.69787464,2.514788193007127,2.58828986376945
-0.6975572799999999,2.513851592089755,2.58828986376945
-0.69723992,2.512914991172384,2.589225641359625
-0.69692256,2.510105188420271,2.589225641359625
-0.6966051999999999,2.5091685875029,2.590161418949799
-0.69628784,2.507295385668158,2.589225641359625
-0.6959704799999999,2.506358784750787,2.589225641359625
-0.69565312,2.505422183833416,2.590161418949799
-0.69533576,2.503548981998673,2.591097196539973
-0.6950183999999999,2.501675780163931,2.591097196539973
-0.69470104,2.499802578329189,2.591097196539973
-0.6943836799999999,2.498865977411818,2.592968751720321
-0.69406632,2.497929376494447,2.592032974130147
-0.69374896,2.496992775577076,2.592968751720321
-0.6934315999999999,2.494182972824963,2.592968751720321
-0.69311424,2.493246371907591,2.592968751720321
-0.6927968799999999,2.491373170072849,2.592968751720321
-0.69247952,2.490436569155478,2.593904529310496
-0.69216216,2.487626766403365,2.592968751720321
-0.6918447999999999,2.486690165485994,2.593904529310496
-0.69152744,2.485753564568623,2.592968751720321
-0.6912100799999999,2.483880362733881,2.592968751720321
-0.69089272,2.48294376181651,2.592968751720321
-0.69057536,2.48294376181651,2.592968751720321
-0.6902579999999999,2.481070559981768,2.592968751720321
-0.68994064,2.479197358147025,2.592968751720321
-0.6896232799999999,2.478260757229654,2.593904529310496
-0.68930592,2.477324156312283,2.593904529310496
-0.68898856,2.47451435356017,2.592968751720321
-0.6886711999999999,2.473577752642799,2.593904529310496
-0.68835384,2.472641151725428,2.593904529310496
-0.68803648,2.470767949890686,2.592968751720321
-0.68771912,2.468894748055944,2.592968751720321
-0.68740176,2.467958147138572,2.592968751720321
-0.6870843999999999,2.46608494530383,2.592032974130147
-0.68676704,2.464211743469088,2.592032974130147
-0.68644968,2.462338541634346,2.591097196539973
-0.68613232,2.461401940716975,2.590161418949799
-0.68581496,2.460465339799604,2.589225641359625
-0.6854975999999999,2.458592137964862,2.589225641359625
-0.68518024,2.45765553704749,2.589225641359625
-0.68486288,2.45671893613012,2.58828986376945
-0.68454552,2.454845734295377,2.58828986376945
-0.68422816,2.453909133378006,2.58828986376945
-0.6839107999999999,2.452972532460635,2.587354086179276
-0.68359344,2.451099330625893,2.586418308589102
-0.68327608,2.449226128791151,2.586418308589102
-0.68295872,2.449226128791151,2.585482530998927
-0.68264136,2.447352926956408,2.584546753408753
-0.6823239999999999,2.445479725121666,2.583610975818579
-0.68200664,2.444543124204295,2.582675198228404
-0.68168928,2.442669922369553,2.581739420638231
-0.68137192,2.441733321452182,2.581739420638231
-0.68105456,2.43986011961744,2.580803643048056
-0.6807371999999999,2.437986917782698,2.579867865457881
-0.68041984,2.437050316865327,2.578932087867708
-0.68010248,2.435177115030585,2.577060532687359
-0.67978512,2.435177115030585,2.576124755097185
-0.67946776,2.434240514113213,2.57518897750701
-0.6791503999999999,2.432367312278471,2.574253199916837
-0.67883304,2.432367312278471,2.572381644736488
-0.67851568,2.430494110443729,2.572381644736488
-0.67819832,2.429557509526358,2.571445867146314
-0.67788096,2.429557509526358,2.570510089556139
-0.6775635999999999,2.426747706774245,2.568638534375791
-0.67724624,2.425811105856874,2.566766979195442
-0.67692888,2.424874504939503,2.565831201605268
-0.67661152,2.423001303104761,2.563959646424919
-0.67629416,2.423001303104761,2.563023868834746
-0.6759767999999999,2.423001303104761,2.563023868834746
-0.67565944,2.420191500352647,2.560216536064223
-0.67534208,2.420191500352647,2.558344980883875
-0.67502472,2.419254899435276,2.5574092032937
-0.67470736,2.418318298517905,2.555537648113352
-0.6743899999999999,2.417381697600534,2.553666092933003
-0.67407264,2.416445096683163,2.552730315342829
-0.67375528,2.415508495765792,2.551794537752654
-0.67343792,2.414571894848421,2.549922982572306
-0.67312056,2.413635293931049,2.548051427391957
-0.6728031999999999,2.413635293931049,2.546179872211609
-0.67248584,2.412698693013679,2.544308317031261
-0.67216848,2.410825491178937,2.542436761850912
-0.67185112,2.410825491178937,2.540565206670563
-0.67153376,2.410825491178937,2.538693651490215
-0.6712163999999999,2.409888890261565,2.536822096309867
-0.67089904,2.410825491178937,2.534950541129517
-0.67058168,2.409888890261565,2.534014763539344
-0.6702643199999999,2.408952289344194,2.532143208358995
-0.66994696,2.408952289344194,2.530271653178646
-0.6696295999999999,2.408015688426823,2.528400097998298
-0.66931224,2.407079087509452,2.525592765227775
-0.66899488,2.407079087509452,2.523721210047427
-0.6686775199999999,2.407079087509452,2.521849654867078
-0.66836016,2.407079087509452,2.51997809968673
-0.6680427999999999,2.407079087509452,2.518106544506382
-0.66772544,2.407079087509452,2.516234989326033
-0.66740808,2.407079087509452,2.514363434145684
-0.6670907199999999,2.406142486592081,2.512491878965336
-0.66677336,2.406142486592081,2.509684546194813
-0.6664559999999999,2.406142486592081,2.508748768604639
-0.66613864,2.406142486592081,2.50687721342429
-0.66582128,2.406142486592081,2.504069880653768
-0.6655039199999999,2.407079087509452,2.502198325473419
-0.66518656,2.407079087509452,2.499390992702897
-0.6648691999999999,2.407079087509452,2.497519437522548
-0.66455184,2.407079087509452,2.495647882342199
-0.66423448,2.408952289344194,2.493776327161851
-0.6639171199999999,2.408952289344194,2.490968994391328
-0.66359976,2.408952289344194,2.48909743921098
-0.6632823999999999,2.408952289344194,2.487225884030631
-0.66296504,2.408952289344194,2.484418551260108
-0.66264768,2.409888890261565,2.48254699607976
-0.6623303199999999,2.410825491178937,2.480675440899411
-0.66201296,2.411762092096307,2.477868108128889
-0.6616955999999999,2.411762092096307,2.475060775358366
-0.66137824,2.412698693013679,2.474124997768191
-0.66106088,2.413635293931049,2.472253442587843
-0.6607435199999999,2.414571894848421,2.46944610981732
-0.66042616,2.416445096683163,2.467574554636972
-0.6601087999999999,2.417381697600534,2.464767221866449
-0.65979144,2.419254899435276,2.462895666686101
-0.65947408,2.420191500352647,2.461024111505752
-0.6591567199999999,2.421128101270019,2.460088333915578
-0.65883936,2.423001303104761,2.457281001145055
-0.6585219999999999,2.423937904022131,2.454473668374533
-0.65820464,2.425811105856874,2.452602113194184
-0.65788728,2.426747706774245,2.450730558013835
-0.6575699199999999,2.427684307691616,2.447923225243312
-0.65725256,2.428620908608987,2.446051670062964
-0.6569351999999999,2.430494110443729,2.444180114882616
-0.65661784,2.432367312278471,2.442308559702267
-0.65630048,2.434240514113213,2.440437004521918
-0.6559831199999999,2.435177115030585,2.43856544934157
-0.65566576,2.437050316865327,2.436693894161222
-0.6553483999999999,2.438923518700069,2.434822338980873
-0.65503104,2.440796720534811,2.433886561390699
-0.65471368,2.442669922369553,2.43201500621035
-0.6543963199999999,2.444543124204295,2.431079228620176
-0.65407896,2.446416326039038,2.428271895849654
-0.6537615999999999,2.447352926956408,2.427336118259479
-0.65344424,2.450162729708522,2.426400340669304
-0.65312688,2.452035931543264,2.424528785488956
-0.6528095199999999,2.453909133378006,2.423593007898782
-0.65249216,2.454845734295377,2.420785675128259
-0.6521747999999999,2.45765553704749,2.419849897538085
-0.65185744,2.459528738882233,2.418914119947911
-0.65154008,2.460465339799604,2.417042564767562
-0.6512227199999999,2.464211743469088,2.416106787177388
-0.65090536,2.465148344386459,2.415171009587214
-0.6505879999999999,2.467958147138572,2.415171009587214
-0.65027064,2.468894748055944,2.413299454406865
-0.64995328,2.470767949890686,2.412363676816691
-0.6496359199999999,2.473577752642799,2.411427899226517
-0.64931856,2.476387555394912,2.410492121636342
-0.6490011999999999,2.478260757229654,2.409556344046169
-0.64868384,2.480133959064396,2.409556344046169
-0.64836648,2.48294376181651,2.409556344046169
-0.6480491199999999,2.484816963651252,2.408620566455994
-0.64773176,2.486690165485994,2.407684788865819
-0.6474143999999999,2.488563367320736,2.407684788865819
-0.64709704,2.491373170072849,2.405813233685471
-0.64677968,2.493246371907591,2.404877456095297
-0.6464623199999999,2.495119573742334,2.404877456095297
-0.64614496,2.496992775577076,2.404877456095297
-0.6458275999999999,2.498865977411818,2.403941678505123
-0.64551024,2.501675780163931,2.403005900914948
-0.64519288,2.504485582916045,2.403005900914948
-0.6448755199999999,2.506358784750787,2.402070123324775
-0.64455816,2.508231986585529,2.403005900914948
-0.6442407999999999,2.511041789337642,2.403005900914948
-0.64392344,2.512914991172384,2.402070123324775
-0.64360608,2.514788193007127,2.402070123324775
-0.6432887199999999,2.51759799575924,2.403005900914948
-0.64297136,2.519471197593982,2.402070123324775
-0.6426539999999999,2.521344399428724,2.402070123324775
-0.64233664,2.523217601263466,2.403005900914948
-0.64201928,2.526027404015579,2.403005900914948
-0.6417019199999999,2.527900605850322,2.403941678505123
-0.64138456,2.529773807685064,2.403941678505123
-0.6410671999999999,2.532583610437177,2.404877456095297
-0.64074984,2.534456812271919,2.404877456095297
-0.64043248,2.536330014106661,2.404877456095297
-0.6401151199999999,2.538203215941404,2.405813233685471
-0.63979776,2.540076417776146,2.405813233685471
-0.6394803999999999,2.542886220528259,2.406749011275646
-0.63916304,2.544759422363001,2.407684788865819
-0.63884568,2.546632624197743,2.407684788865819
-0.6385283199999999,2.547569225115114,2.408620566455994
-0.63821096,2.550379027867228,2.409556344046169
-0.6378935999999999,2.55225222970197,2.410492121636342
-0.63757624,2.554125431536712,2.410492121636342
-0.63725888,2.555998633371454,2.411427899226517
-0.6369415199999999,2.556935234288825,2.411427899226517
-0.63662416,2.558808436123567,2.413299454406865
-0.6363068,2.560681637958309,2.41423523199704
-0.63598944,2.561618238875681,2.415171009587214
-0.63567208,2.563491440710423,2.415171009587214
-0.6353547199999999,2.565364642545165,2.417042564767562
-0.63503736,2.566301243462536,2.417978342357737
-0.63472,2.568174445297278,2.418914119947911
-0.63440264,2.569111046214649,2.419849897538085
-0.63408528,2.571920848966763,2.421721452718433
-0.6337679199999999,2.572857449884133,2.422657230308608
-0.63345056,2.574730651718875,2.424528785488956
-0.6331332,2.576603853553618,2.425464563079131
-0.63281584,2.57847705538836,2.427336118259479
-0.63249848,2.579413656305731,2.428271895849654
-0.6321811199999999,2.581286858140473,2.430143451030002
-0.63186376,2.582223459057844,2.431079228620176
-0.6315464,2.584096660892587,2.43201500621035
-0.63122904,2.585969862727329,2.433886561390699
-0.63091168,2.5869064636447,2.434822338980873
-0.6305943199999999,2.587843064562071,2.436693894161222
-0.63027696,2.588779665479442,2.43856544934157
-0.6299596,2.590652867314184,2.439501226931744
-0.62964224,2.591589468231555,2.440437004521918
-0.62932488,2.592526069148926,2.442308559702267
-0.6290075199999999,2.594399270983669,2.444180114882616
-0.62869016,2.594399270983669,2.445115892472789
-0.6283728,2.596272472818411,2.446987447653139
-0.62805544,2.597209073735782,2.448859002833487
-0.62773808,2.598145674653153,2.449794780423661
-0.6274207199999999,2.599082275570524,2.45166633560401
-0.62710336,2.600018876487895,2.453537890784358
-0.626786,2.600955477405266,2.455409445964706
-0.62646864,2.602828679240008,2.457281001145055
-0.62615128,2.602828679240008,2.458216778735229
-0.6258339199999999,2.603765280157379,2.461024111505752
-0.62551656,2.603765280157379,2.461959889095926
-0.6251992,2.60470188107475,2.463831444276275
-0.62488184,2.60470188107475,2.465702999456624
-0.62456448,2.605638481992121,2.467574554636972
-0.6242471199999999,2.606575082909492,2.46944610981732
-0.62392976,2.606575082909492,2.471317664997668
-0.6236124,2.608448284744235,2.474124997768191
-0.62329504,2.607511683826864,2.475060775358366
-0.62297768,2.609384885661606,2.476932330538714
-0.6226603199999999,2.609384885661606,2.478803885719063
-0.62234296,2.610321486578977,2.480675440899411
-0.6220256,2.611258087496348,2.483482773669934
-0.62170824,2.611258087496348,2.484418551260108
-0.62139088,2.611258087496348,2.487225884030631
-0.6210735199999999,2.612194688413719,2.490033216801153
-0.62075616,2.612194688413719,2.491904771981503
-0.6204388,2.612194688413719,2.492840549571676
-0.62012144,2.612194688413719,2.494712104752025
-0.61980408,2.61313128933109,2.496583659932374
-0.6194867199999999,2.61313128933109,2.498455215112722
-0.61916936,2.61313128933109,2.501262547883245
-0.618852,2.61313128933109,2.502198325473419
-0.61853464,2.614067890248461,2.504069880653768
-0.61821728,2.61313128933109,2.505941435834116
-0.6178999199999999,2.61313128933109,2.508748768604639
-0.61758256,2.614067890248461,2.510620323784988
-0.6172652,2.615004491165832,2.51342765655551
-0.61694784,2.615004491165832,2.514363434145684
-0.61663048,2.614067890248461,2.516234989326033
-0.6163131199999999,2.614067890248461,2.518106544506382
-0.61599576,2.615004491165832,2.520913877276904
-0.6156784,2.614067890248461,2.521849654867078
-0.61536104,2.614067890248461,2.524656987637601
-0.61504368,2.614067890248461,2.52652854281795
-0.6147263199999999,2.614067890248461,2.528400097998298
-0.61440896,2.615004491165832,2.531207430768821
-0.6140916,2.614067890248461,2.532143208358995
-0.61377424,2.614067890248461,2.534950541129517
-0.61345688,2.612194688413719,2.536822096309867
-0.6131395199999999,2.612194688413719,2.539629429080389
-0.61282216,2.612194688413719,2.541500984260738
-0.6125048,2.612194688413719,2.543372539441086
-0.6121874399999999,2.611258087496348,2.545244094621435
-0.61187008,2.610321486578977,2.548987204982132
-0.6115527199999999,2.610321486578977,2.549922982572306
-0.61123536,2.609384885661606,2.552730315342829
-0.610918,2.608448284744235,2.554601870523177
-0.6106006399999999,2.608448284744235,2.5574092032937
-0.61028328,2.607511683826864,2.559280758474048
-0.6099659199999999,2.607511683826864,2.561152313654397
-0.60964856,2.605638481992121,2.564895424015094
-0.6093312,2.605638481992121,2.566766979195442
-0.6090138399999999,2.603765280157379,2.569574311965965
-0.60869648,2.601892078322637,2.571445867146314
-0.6083791199999999,2.601892078322637,2.573317422326662
-0.60806176,2.600018876487895,2.576124755097185
-0.6077444,2.599082275570524,2.577996310277533
-0.6074270399999999,2.598145674653153,2.580803643048056
-0.60710968,2.597209073735782,2.582675198228404
-0.6067923199999999,2.595335871901039,2.584546753408753
-0.60647496,2.594399270983669,2.587354086179276
-0.6061576,2.593462670066297,2.590161418949799
-0.6058402399999999,2.591589468231555,2.592968751720321
-0.60552288,2.590652867314184,2.595776084490844
-0.6052055199999999,2.589716266396813,2.598583417261367
-0.60488816,2.587843064562071,2.601390750031889
-0.6045708,2.585033261809957,2.603262305212239
-0.6042534399999999,2.584096660892587,2.606069637982761
-0.60393608,2.583160059975215,2.608876970753284
-0.6036187199999999,2.582223459057844,2.609812748343458
-0.60330136,2.57847705538836,2.611684303523806
-0.602984,2.576603853553618,2.616363191474678
-0.6026666399999999,2.574730651718875,2.617298969064852
-0.60234928,2.572857449884133,2.620106301835374
-0.6020319199999999,2.571920848966763,2.621977857015724
-0.60171456,2.569111046214649,2.623849412196072
-0.6013972,2.567237844379907,2.626656744966595
-0.6010798399999999,2.565364642545165,2.629464077737117
-0.60076248,2.562554839793052,2.63227141050764
-0.6004451199999999,2.559745037040938,2.635078743278163
-0.60012776,2.557871835206196,2.637886076048686
-0.5998104,2.555062032454083,2.639757631229034
-0.5994930399999999,2.55225222970197,2.642564963999557
-0.59917568,2.549442426949856,2.644436519179905
-0.5988583199999999,2.545696023280372,2.647243851950428
-0.59854096,2.542886220528259,2.649115407130776
-0.5982236,2.540076417776146,2.650986962311125
-0.5979062399999999,2.537266615024032,2.653794295081648
-0.59758888,2.533520211354548,2.655665850261996
-0.5972715199999999,2.529773807685064,2.657537405442345
-0.59695416,2.52696400493295,2.660344738212867
-0.5966368,2.523217601263466,2.661280515803042
-0.5963194399999999,2.519471197593982,2.66315207098339
-0.59600208,2.515724793924498,2.665023626163738
-0.5956847199999999,2.511978390255013,2.666895181344088
-0.59536736,2.508231986585529,2.668766736524436
-0.59505,2.503548981998673,2.66970251411461
-0.5947326399999999,2.50073917924656,2.671574069294959
-0.59441528,2.495119573742334,2.673445624475307
-0.5940979199999999,2.491373170072849,2.674381402065482
-0.59378056,2.486690165485994,2.674381402065482
-0.5934632,2.48294376181651,2.675317179655655
-0.5931458399999999,2.478260757229654,2.67625295724583
-0.59282848,2.473577752642799,2.677188734836004
-0.5925111199999999,2.468894748055944,2.677188734836004
-0.59219376,2.464211743469088,2.678124512426178
-0.5918764,2.460465339799604,2.679060290016353
-0.5915590399999999,2.455782335212748,2.678124512426178
-0.59124168,2.451099330625893,2.678124512426178
-0.5909243199999999,2.446416326039038,2.678124512426178
-0.59060696,2.441733321452182,2.677188734836004
-0.5902896,2.437050316865327,2.67625295724583
-0.5899722399999999,2.432367312278471,2.675317179655655
-0.58965488,2.427684307691616,2.674381402065482
-0.5893375199999999,2.423937904022131,2.673445624475307
-0.58902016,2.418318298517905,2.672509846885132
-0.5887028,2.413635293931049,2.670638291704784
-0.5883854399999999,2.408952289344194,2.668766736524436
-0.58806808,2.40520588567471,2.666895181344088
-0.5877507199999999,2.400522881087855,2.665023626163738
-0.58743336,2.395839876500999,2.66315207098339
-0.587116,2.393030073748886,2.661280515803042
-0.5867986399999999,2.38834706916203,2.659408960622693
-0.58648128,2.384600665492546,2.65660162785217
-0.5861639199999999,2.379917660905691,2.652858517491474
-0.58584656,2.376171257236206,2.650051184720951
-0.5855292,2.372424853566722,2.647243851950428
-0.5852118399999999,2.368678449897238,2.644436519179905
-0.58489448,2.365868647145124,2.641629186409382
-0.58457712,2.361185642558269,2.636950298458511
-0.58425976,2.357439238888785,2.633207188097814
-0.5839424,2.354629436136672,2.630399855327291
-0.5836250399999999,2.349946431549816,2.624785189786246
-0.58330768,2.348073229715074,2.620106301835374
-0.58299032,2.34432682604559,2.617298969064852
-0.58267296,2.341517023293477,2.612620081113981
-0.5823556,2.338707220541363,2.607005415572935
-0.5820382399999999,2.334960816871879,2.602326527622064
-0.58172088,2.334024215954508,2.596711862081018
-0.58140352,2.332151014119765,2.591097196539973
-0.58108616,2.330277812285023,2.586418308589102
-0.5807688,2.329341211367652,2.580803643048056
-0.5804514399999999,2.328404610450281,2.57518897750701
-0.58013408,2.32746800953291,2.569574311965965
-0.57981672,2.325594807698168,2.563959646424919
-0.57949936,2.325594807698168,2.558344980883875
-0.579182,2.324658206780797,2.551794537752654
-0.5788646399999999,2.323721605863426,2.545244094621435
-0.57854728,2.324658206780797,2.539629429080389
-0.57822992,2.324658206780797,2.534014763539344
-0.57791256,2.325594807698168,2.528400097998298
-0.5775952,2.325594807698168,2.522785432457253
-0.5772778399999999,2.325594807698168,2.516234989326033
-0.57696048,2.32746800953291,2.510620323784988
-0.57664312,2.32746800953291,2.505005658243942
-0.57632576,2.329341211367652,2.498455215112722
-0.5760084,2.332151014119765,2.492840549571676
-0.5756910399999999,2.333087615037137,2.487225884030631
-0.57537368,2.334024215954508,2.480675440899411
-0.57505632,2.336834018706621,2.475060775358366
-0.57473896,2.339643821458734,2.46944610981732
-0.5744216,2.342453624210847,2.463831444276275
-0.5741042399999999,2.345263426962961,2.458216778735229
-0.57378688,2.349946431549816,2.453537890784358
-0.57346952,2.352756234301929,2.448859002833487
-0.57315216,2.356502637971414,2.444180114882616
-0.5728348,2.360249041640898,2.439501226931744
-0.5725174399999999,2.363995445310382,2.433886561390699
-0.57220008,2.367741848979867,2.430143451030002
-0.57188272,2.371488252649351,2.425464563079131
-0.57156536,2.376171257236206,2.419849897538085
-0.571248,2.380854261823062,2.417042564767562
-0.5709306399999999,2.385537266409917,2.412363676816691
-0.57061328,2.390220270996773,2.408620566455994
-0.57029592,2.394903275583628,2.404877456095297
-0.56997856,2.398649679253112,2.4011343457346
-0.5696612,2.402396082922597,2.397391235373903
-0.5693438399999999,2.407079087509452,2.393648125013206
-0.56902648,2.411762092096307,2.390840792242683
-0.56870912,2.417381697600534,2.388969237062335
-0.56839176,2.422064702187389,2.386161904291812
-0.5680744,2.427684307691616,2.384290349111463
-0.5677570399999999,2.433303913195842,2.38148301634094
-0.56743968,2.437050316865327,2.379611461160592
-0.56712232,2.442669922369553,2.376804128390069
-0.56680496,2.44828952787378,2.374932573209721
-0.5664876,2.452035931543264,2.373061018029373
-0.5661702399999999,2.45671893613012,2.372125240439198
-0.56585288,2.462338541634346,2.371189462849024
-0.56553552,2.46608494530383,2.37025368525885
-0.56521816,2.470767949890686,2.369317907668676
-0.5649008,2.475450954477541,2.368382130078501
-0.5645834399999999,2.480133959064396,2.368382130078501
-0.56426608,2.484816963651252,2.367446352488327
-0.56394872,2.490436569155478,2.366510574898153
-0.56363136,2.494182972824963,2.367446352488327
-0.563314,2.499802578329189,2.366510574898153
-0.5629966399999999,2.503548981998673,2.367446352488327
-0.56267928,2.508231986585529,2.366510574898153
-0.56236192,2.512914991172384,2.368382130078501
-0.56204456,2.516661394841869,2.369317907668676
-0.5617272,2.520407798511353,2.37025368525885
-0.5614098399999999,2.525090803098208,2.371189462849024
-0.56109248,2.528837206767693,2.372125240439198
-0.56077512,2.532583610437177,2.373996795619547
-0.56045776,2.536330014106661,2.374932573209721
-0.5601404,2.540076417776146,2.375868350799895
-0.5598230399999999,2.542886220528259,2.377739905980244
-0.55950568,2.545696023280372,2.378675683570418
-0.55918832,2.549442426949856,2.380547238750767
-0.55887096,2.55225222970197,2.382418793931115
-0.5585536,2.555062032454083,2.38335457152129
-0.5582362399999999,2.558808436123567,2.385226126701638
-0.55791888,2.561618238875681,2.387097681881986
-0.55760152,2.564428041627794,2.388969237062335
-0.55728416,2.567237844379907,2.391776569832857
-0.5569668,2.569111046214649,2.393648125013206
-0.5566494399999999,2.571920848966763,2.396455457783729
-0.55633208,2.574730651718875,2.398327012964077
-0.55601472,2.576603853553618,2.4011343457346
-0.55569736,2.579413656305731,2.403005900914948
-0.55538,2.583160059975215,2.406749011275646
-0.5550626399999999,2.583160059975215,2.407684788865819
-0.55474528,2.585969862727329,2.409556344046169
-0.55442792,2.587843064562071,2.412363676816691
-0.5541105599999999,2.589716266396813,2.415171009587214
-0.5537932,2.591589468231555,2.417978342357737
-0.5534758399999999,2.593462670066297,2.419849897538085
-0.55315848,2.595335871901039,2.421721452718433
-0.55284112,2.597209073735782,2.423593007898782
-0.5525237599999999,2.599082275570524,2.425464563079131
-0.5522064,2.600018876487895,2.428271895849654
-0.5518890399999999,2.600955477405266,2.430143451030002
-0.55157168,2.602828679240008,2.432950783800525
-0.55125432,2.60470188107475,2.434822338980873
-0.5509369599999999,2.605638481992121,2.437629671751396
-0.5506196,2.606575082909492,2.440437004521918
-0.5503022399999999,2.607511683826864,2.442308559702267
-0.54998488,2.608448284744235,2.445115892472789
-0.54966752,2.610321486578977,2.446987447653139
-0.5493501599999999,2.610321486578977,2.448859002833487
-0.5490328,2.611258087496348,2.45166633560401
-0.5487154399999999,2.612194688413719,2.454473668374533
-0.54839808,2.61313128933109,2.456345223554881
-0.54808072,2.61313128933109,2.458216778735229
-0.5477633599999999,2.615004491165832,2.461024111505752
-0.547446,2.615941092083203,2.462895666686101
-0.5471286399999999,2.615941092083203,2.464767221866449
-0.54681128,2.617814293917946,2.467574554636972
-0.54649392,2.618750894835316,2.470381887407495
-0.5461765599999999,2.618750894835316,2.472253442587843
-0.5458592,2.619687495752688,2.475060775358366
-0.5455418399999999,2.620624096670058,2.477868108128889
-0.54522448,2.620624096670058,2.480675440899411
-0.54490712,2.620624096670058,2.48254699607976
-0.5445897599999999,2.62156069758743,2.485354328850282
-0.5442724,2.623433899422172,2.488161661620805
-0.5439550399999999,2.624370500339543,2.490968994391328
-0.54363768,2.624370500339543,2.492840549571676
-0.54332032,2.624370500339543,2.495647882342199
-0.5430029599999999,2.625307101256914,2.498455215112722
-0.5426856,2.625307101256914,2.501262547883245
-0.5423682399999999,2.626243702174285,2.503134103063593
-0.54205088,2.626243702174285,2.505005658243942
-0.54173352,2.626243702174285,2.507812991014465
-0.5414161599999999,2.626243702174285,2.510620323784988
-0.5410988,2.626243702174285,2.51342765655551
-0.5407814399999999,2.627180303091656,2.516234989326033
-0.54046408,2.627180303091656,2.518106544506382
-0.54014672,2.627180303091656,2.521849654867078
-0.5398293599999999,2.627180303091656,2.524656987637601
-0.539512,2.627180303091656,2.527464320408124
-0.5391946399999999,2.626243702174285,2.529335875588473
-0.53887728,2.625307101256914,2.531207430768821
-0.53855992,2.625307101256914,2.534950541129517
-0.5382425599999999,2.625307101256914,2.53775787390004
-0.5379252,2.624370500339543,2.540565206670563
-0.5376078399999999,2.625307101256914,2.543372539441086
-0.53729048,2.624370500339543,2.546179872211609
-0.53697312,2.622497298504801,2.548987204982132
-0.5366557599999999,2.622497298504801,2.552730315342829
-0.5363384,2.622497298504801,2.555537648113352
-0.5360210399999999,2.620624096670058,2.558344980883875
-0.53570368,2.620624096670058,2.563023868834746
-0.53538632,2.619687495752688,2.565831201605268
-0.5350689599999999,2.617814293917946,2.567702756785617
-0.5347516,2.615941092083203,2.571445867146314
-0.5344342399999999,2.615004491165832,2.574253199916837
-0.53411688,2.61313128933109,2.577060532687359
-0.53379952,2.612194688413719,2.580803643048056
-0.5334821599999999,2.609384885661606,2.583610975818579
-0.5331648,2.608448284744235,2.587354086179276
-0.53284744,2.606575082909492,2.589225641359625
-0.53253008,2.60470188107475,2.592032974130147
-0.53221272,2.602828679240008,2.595776084490844
-0.5318953599999999,2.600018876487895,2.599519194851541
-0.531578,2.598145674653153,2.602326527622064
-0.53126064,2.596272472818411,2.605133860392587
-0.53094328,2.594399270983669,2.60794119316311
-0.53062592,2.591589468231555,2.609812748343458
-0.5303085599999999,2.588779665479442,2.612620081113981
-0.5299912,2.587843064562071,2.616363191474678
-0.52967384,2.585033261809957,2.619170524245201
-0.52935648,2.581286858140473,2.621042079425549
-0.52903912,2.57847705538836,2.623849412196072
-0.5287217599999999,2.576603853553618,2.62572096737642
-0.5284044,2.572857449884133,2.628528300146943
-0.52808704,2.57004764713202,2.631335632917466
-0.52776968,2.566301243462536,2.633207188097814
-0.52745232,2.563491440710423,2.635078743278163
-0.5271349599999999,2.560681637958309,2.637886076048686
-0.5268176,2.557871835206196,2.639757631229034
-0.52650024,2.554125431536712,2.641629186409382
-0.52618288,2.55225222970197,2.643500741589731
-0.52586552,2.548505826032486,2.64537229677008
-0.5255481599999999,2.544759422363001,2.647243851950428
-0.5252308,2.541949619610888,2.649115407130776
-0.52491344,2.538203215941404,2.650051184720951
-0.52459608,2.534456812271919,2.651922739901299
-0.52427872,2.530710408602435,2.652858517491474
-0.5239613599999999,2.52696400493295,2.653794295081648
-0.523644,2.524154202180837,2.654730072671822
-0.52332664,2.520407798511353,2.655665850261996
-0.52300928,2.516661394841869,2.65660162785217
-0.52269192,2.513851592089755,2.65660162785217
-0.5223745599999999,2.5091685875029,2.658473183032519
-0.5220572,2.505422183833416,2.659408960622693
-0.52173984,2.502612381081303,2.659408960622693
-0.52142248,2.498865977411818,2.660344738212867
-0.52110512,2.495119573742334,2.660344738212867
-0.5207877599999999,2.491373170072849,2.660344738212867
-0.5204704,2.487626766403365,2.661280515803042
-0.52015304,2.484816963651252,2.661280515803042
-0.51983568,2.480133959064396,2.661280515803042
-0.51951832,2.476387555394912,2.660344738212867
-0.5192009599999999,2.472641151725428,2.660344738212867
-0.5188836,2.469831348973314,2.660344738212867
-0.51856624,2.46608494530383,2.659408960622693
-0.51824888,2.462338541634346,2.658473183032519
-0.51793152,2.459528738882233,2.658473183032519
-0.5176141599999999,2.455782335212748,2.657537405442345
-0.5172968,2.452972532460635,2.65660162785217
-0.51697944,2.449226128791151,2.655665850261996
-0.51666208,2.446416326039038,2.655665850261996
-0.51634472,2.442669922369553,2.654730072671822
-0.5160273599999999,2.43986011961744,2.653794295081648
-0.51571,2.437050316865327,2.651922739901299
-0.51539264,2.434240514113213,2.650986962311125
-0.51507528,2.4314307113611,2.650051184720951
-0.51475792,2.428620908608987,2.648179629540603
-0.5144405599999999,2.424874504939503,2.646308074360253
-0.5141232,2.421128101270019,2.644436519179905
-0.51380584,2.419254899435276,2.642564963999557
-0.51348848,2.417381697600534,2.641629186409382
-0.51317112,2.413635293931049,2.63882185363886
-0.5128537599999999,2.411762092096307,2.637886076048686
-0.5125364,2.408952289344194,2.634142965687989
-0.51221904,2.406142486592081,2.63227141050764
-0.51190168,2.40520588567471,2.630399855327291
-0.51158432,2.402396082922597,2.627592522556768
-0.5112669599999999,2.399586280170483,2.62572096737642
-0.5109496,2.397713078335741,2.623849412196072
-0.51063224,2.395839876500999,2.621042079425549
-0.51031488,2.393966674666257,2.619170524245201
-0.50999752,2.392093472831515,2.617298969064852
-0.5096801599999999,2.389283670079402,2.614491636294329
-0.5093628,2.38834706916203,2.612620081113981
-0.50904544,2.386473867327288,2.608876970753284
-0.50872808,2.384600665492546,2.606069637982761
-0.50841072,2.382727463657804,2.604198082802412
-0.5080933599999999,2.379917660905691,2.602326527622064
-0.507776,2.379917660905691,2.598583417261367
-0.50745864,2.37898105998832,2.597647639671193
-0.50714128,2.377107858153578,2.593904529310496
-0.50682392,2.376171257236206,2.590161418949799
-0.5065065599999999,2.375234656318836,2.58828986376945
-0.5061892,2.374298055401464,2.585482530998927
-0.50587184,2.373361454484093,2.581739420638231
-0.50555448,2.372424853566722,2.579867865457881
-0.50523712,2.371488252649351,2.576124755097185
-0.5049197599999999,2.37055165173198,2.573317422326662
-0.5046024,2.371488252649351,2.571445867146314
-0.50428504,2.369615050814609,2.567702756785617
-0.50396768,2.37055165173198,2.564895424015094
-0.50365032,2.37055165173198,2.562088091244571
-0.5033329599999999,2.369615050814609,2.559280758474048
-0.5030156,2.368678449897238,2.555537648113352
-0.50269824,2.368678449897238,2.552730315342829
-0.50238088,2.369615050814609,2.549922982572306
-0.50206352,2.369615050814609,2.548051427391957
-0.5017461599999999,2.369615050814609,2.544308317031261
-0.5014288,2.368678449897238,2.541500984260738
-0.50111144,2.368678449897238,2.53775787390004
-0.50079408,2.369615050814609,2.534950541129517
-0.50047672,2.37055165173198,2.533078985949169
-0.5001593599999999,2.37055165173198,2.531207430768821
-0.499842,2.372424853566722,2.527464320408124
-0.49952464,2.371488252649351,2.524656987637601
-0.49920728,2.372424853566722,2.521849654867078
-0.49888992,2.372424853566722,2.519042322096555
-0.49857256,2.373361454484093,2.517170766916207
-0.4982552,2.374298055401464,2.514363434145684
-0.49793784,2.374298055401464,2.511556101375161
-0.49762048,2.376171257236206,2.508748768604639
-0.49730312,2.377107858153578,2.50687721342429
-0.49698576,2.378044459070948,2.505005658243942
-0.4966684,2.379917660905691,2.502198325473419
-0.49635104,2.380854261823062,2.50032677029307
-0.49603368,2.380854261823062,2.496583659932374
-0.49571632,2.381790862740433,2.494712104752025
-0.49539896,2.382727463657804,2.492840549571676
-0.4950816,2.384600665492546,2.490033216801153
-0.49476424,2.386473867327288,2.488161661620805
-0.49444688,2.38741046824466,2.486290106440457
-0.49412952,2.38834706916203,2.483482773669934
-0.49381216,2.389283670079402,2.480675440899411
-0.4934948,2.390220270996773,2.477868108128889
-0.49317744,2.392093472831515,2.47599655294854
-0.49286008,2.393030073748886,2.473189220178018
-0.49254272,2.394903275583628,2.472253442587843
-0.49222536,2.395839876500999,2.470381887407495
-0.491908,2.39677647741837,2.468510332227146
-0.49159064,2.398649679253112,2.466638777046797
-0.49127328,2.400522881087855,2.465702999456624
-0.49095592,2.402396082922597,2.462895666686101
-0.49063856,2.403332683839968,2.461959889095926
-0.4903212,2.40520588567471,2.460088333915578
-0.49000384,2.407079087509452,2.458216778735229
-0.48968648,2.408015688426823,2.456345223554881
-0.48936912,2.409888890261565,2.455409445964706
-0.48905176,2.411762092096307,2.453537890784358
-0.4887344,2.413635293931049,2.452602113194184
-0.48841704,2.414571894848421,2.45166633560401
-0.48809968,2.415508495765792,2.449794780423661
-0.48778232,2.418318298517905,2.447923225243312
-0.48746496,2.419254899435276,2.446987447653139
-0.4871476,2.421128101270019,2.445115892472789
-0.48683024,2.422064702187389,2.443244337292441
-0.48651288,2.424874504939503,2.443244337292441
-0.48619552,2.425811105856874,2.442308559702267
-0.48587816,2.427684307691616,2.440437004521918
-0.4855608,2.429557509526358,2.439501226931744
-0.48524344,2.430494110443729,2.43856544934157
-0.48492608,2.433303913195842,2.437629671751396
-0.48460872,2.434240514113213,2.437629671751396
-0.48429136,2.435177115030585,2.436693894161222
-0.483974,2.437050316865327,2.436693894161222
-0.48365664,2.438923518700069,2.435758116571047
-0.48333928,2.43986011961744,2.435758116571047
-0.48302192,2.441733321452182,2.434822338980873
-0.48270456,2.442669922369553,2.433886561390699
-0.4823872,2.444543124204295,2.433886561390699
-0.48206984,2.446416326039038,2.432950783800525
-0.48175248,2.447352926956408,2.432950783800525
-0.48143512,2.44828952787378,2.432950783800525
-0.4811177599999999,2.449226128791151,2.43201500621035
-0.4808004,2.451099330625893,2.43201500621035
-0.48048304,2.452972532460635,2.43201500621035
-0.48016568,2.453909133378006,2.432950783800525
-0.47984832,2.454845734295377,2.43201500621035
-0.47953096,2.45671893613012,2.43201500621035
-0.4792136,2.45765553704749,2.432950783800525
-0.47889624,2.459528738882233,2.432950783800525
-0.47857888,2.461401940716975,2.43201500621035
-0.47826152,2.462338541634346,2.432950783800525
-0.47794416,2.463275142551717,2.432950783800525
-0.4776268,2.464211743469088,2.432950783800525
-0.47730944,2.465148344386459,2.432950783800525
-0.47699208,2.46608494530383,2.432950783800525
-0.47667472,2.46608494530383,2.432950783800525
-0.47635736,2.467958147138572,2.433886561390699
-0.47604,2.468894748055944,2.432950783800525
-0.47572264,2.469831348973314,2.432950783800525
-0.47540528,2.471704550808057,2.433886561390699
-0.47508792,2.471704550808057,2.432950783800525
-0.47477056,2.472641151725428,2.433886561390699
-0.4744532,2.473577752642799,2.433886561390699
-0.47413584,2.475450954477541,2.434822338980873
-0.47381848,2.476387555394912,2.434822338980873
-0.47350112,2.476387555394912,2.435758116571047
-0.47318376,2.477324156312283,2.435758116571047
-0.4728664,2.478260757229654,2.436693894161222
-0.47254904,2.479197358147025,2.437629671751396
-0.47223168,2.479197358147025,2.437629671751396
-0.47191432,2.480133959064396,2.43856544934157
-0.47159696,2.481070559981768,2.43856544934157
-0.4712796,2.482007160899139,2.43856544934157
-0.47096224,2.48294376181651,2.439501226931744
-0.47064488,2.48294376181651,2.439501226931744
-0.47032752,2.483880362733881,2.439501226931744
-0.47001016,2.483880362733881,2.440437004521918
-0.4696928,2.484816963651252,2.440437004521918
-0.46937544,2.484816963651252,2.440437004521918
-0.46905808,2.485753564568623,2.442308559702267
-0.46874072,2.485753564568623,2.442308559702267
-0.46842336,2.486690165485994,2.443244337292441
-0.468106,2.486690165485994,2.444180114882616
-0.46778864,2.486690165485994,2.444180114882616
-0.46747128,2.487626766403365,2.445115892472789
-0.46715392,2.487626766403365,2.445115892472789
-0.46683656,2.488563367320736,2.446051670062964
-0.4665192,2.488563367320736,2.446987447653139
-0.46620184,2.489499968238107,2.446987447653139
-0.46588448,2.489499968238107,2.447923225243312
-0.46556712,2.490436569155478,2.447923225243312
-0.46524976,2.490436569155478,2.448859002833487
-0.4649324,2.491373170072849,2.449794780423661
-0.46461504,2.491373170072849,2.449794780423661
-0.46429768,2.491373170072849,2.450730558013835
-0.46398032,2.491373170072849,2.45166633560401
-0.46366296,2.491373170072849,2.45166633560401
-0.4633456,2.491373170072849,2.453537890784358
-0.46302824,2.492309770990221,2.454473668374533
-0.46271088,2.491373170072849,2.454473668374533
-0.46239352,2.491373170072849,2.455409445964706
-0.46207616,2.491373170072849,2.456345223554881
-0.4617588,2.492309770990221,2.457281001145055
-0.46144144,2.493246371907591,2.459152556325404
-0.46112408,2.492309770990221,2.459152556325404
-0.46080672,2.492309770990221,2.460088333915578
-0.46048936,2.493246371907591,2.461024111505752
-0.460172,2.492309770990221,2.461959889095926
-0.45985464,2.492309770990221,2.461959889095926
-0.45953728,2.491373170072849,2.461959889095926
-0.45921992,2.491373170072849,2.463831444276275
-0.45890256,2.491373170072849,2.464767221866449
-0.4585852,2.492309770990221,2.464767221866449
-0.45826784,2.491373170072849,2.466638777046797
-0.45795048,2.492309770990221,2.467574554636972
-0.45763312,2.492309770990221,2.467574554636972
-0.45731576,2.492309770990221,2.46944610981732
-0.4569984,2.491373170072849,2.46944610981732
-0.45668104,2.492309770990221,2.470381887407495
-0.45636368,2.491373170072849,2.470381887407495
-0.45604632,2.491373170072849,2.471317664997668
-0.45572896,2.490436569155478,2.472253442587843
-0.4554116,2.491373170072849,2.472253442587843
-0.45509424,2.490436569155478,2.473189220178018
-0.45477688,2.490436569155478,2.474124997768191
-0.45445952,2.490436569155478,2.475060775358366
-0.45414216,2.490436569155478,2.47599655294854
-0.4538248,2.490436569155478,2.476932330538714
-0.45350744,2.490436569155478,2.476932330538714
-0.45319008,2.490436569155478,2.477868108128889
-0.45287272,2.489499968238107,2.478803885719063
-0.45255536,2.488563367320736,2.479739663309237
-0.452238,2.489499968238107,2.481611218489586
-0.45192064,2.488563367320736,2.48254699607976
-0.45160328,2.489499968238107,2.48254699607976
-0.45128592,2.489499968238107,2.483482773669934
-0.45096856,2.489499968238107,2.484418551260108
-0.4506512,2.488563367320736,2.485354328850282
-0.45033384,2.488563367320736,2.485354328850282
-0.45001648,2.487626766403365,2.486290106440457
-0.44969912,2.487626766403365,2.487225884030631
-0.44938176,2.486690165485994,2.487225884030631
-0.4490644,2.486690165485994,2.488161661620805
-0.44874704,2.486690165485994,2.48909743921098
-0.44842968,2.486690165485994,2.490033216801153
-0.44811232,2.487626766403365,2.490968994391328
-0.44779496,2.487626766403365,2.491904771981503
-0.4474776,2.487626766403365,2.491904771981503
-0.44716024,2.487626766403365,2.492840549571676
-0.44684288,2.488563367320736,2.493776327161851
-0.44652552,2.487626766403365,2.494712104752025
-0.44620816,2.487626766403365,2.494712104752025
-0.4458908,2.487626766403365,2.496583659932374
-0.44557344,2.486690165485994,2.496583659932374
-0.44525608,2.486690165485994,2.496583659932374
-0.44493872,2.486690165485994,2.498455215112722
-0.44462136,2.486690165485994,2.498455215112722
-0.444304,2.486690165485994,2.498455215112722
-0.44398664,2.486690165485994,2.499390992702897
-0.44366928,2.486690165485994,2.50032677029307
-0.44335192,2.485753564568623,2.501262547883245
-0.44303456,2.486690165485994,2.502198325473419
-0.4427172,2.486690165485994,2.504069880653768
-0.44239984,2.486690165485994,2.504069880653768
-0.44208248,2.486690165485994,2.505005658243942
-0.44176512,2.485753564568623,2.505005658243942
-0.44144776,2.485753564568623,2.505941435834116
-0.4411304,2.484816963651252,2.505941435834116
-0.44081304,2.485753564568623,2.505941435834116
-0.44049568,2.484816963651252,2.507812991014465
-0.44017832,2.484816963651252,2.507812991014465
-0.43986096,2.485753564568623,2.508748768604639
-0.4395436,2.485753564568623,2.508748768604639
-0.43922624,2.485753564568623,2.509684546194813
-0.43890888,2.484816963651252,2.510620323784988
-0.43859152,2.485753564568623,2.511556101375161
-0.43827416,2.484816963651252,2.512491878965336
-0.4379568,2.484816963651252,2.512491878965336
-0.43763944,2.484816963651252,2.51342765655551
-0.43732208,2.484816963651252,2.514363434145684
-0.43700472,2.483880362733881,2.514363434145684
-0.43668736,2.483880362733881,2.515299211735859
-0.43637,2.483880362733881,2.516234989326033
-0.43605264,2.484816963651252,2.517170766916207
-0.43573528,2.483880362733881,2.517170766916207
-0.43541792,2.483880362733881,2.517170766916207
-0.43510056,2.483880362733881,2.518106544506382
-0.4347832,2.48294376181651,2.519042322096555
-0.43446584,2.48294376181651,2.519042322096555
-0.43414848,2.48294376181651,2.519042322096555
-0.43383112,2.48294376181651,2.520913877276904
-0.43351376,2.48294376181651,2.520913877276904
-0.4331964,2.483880362733881,2.521849654867078
-0.43287904,2.483880362733881,2.522785432457253
-0.43256168,2.483880362733881,2.522785432457253
-0.43224432,2.483880362733881,2.524656987637601
-0.43192696,2.48294376181651,2.524656987637601
-0.4316096,2.48294376181651,2.525592765227775
-0.43129224,2.48294376181651,2.52652854281795
-0.43097488,2.483880362733881,2.52652854281795
-0.43065752,2.48294376181651,2.527464320408124
-0.43034016,2.48294376181651,2.527464320408124
-0.4300228,2.48294376181651,2.528400097998298
-0.42970544,2.48294376181651,2.529335875588473
-0.42938808,2.482007160899139,2.529335875588473
-0.42907072,2.48294376181651,2.530271653178646
-0.42875336,2.482007160899139,2.530271653178646
-0.428436,2.482007160899139,2.531207430768821
-0.42811864,2.48294376181651,2.531207430768821
-0.42780128,2.482007160899139,2.531207430768821
-0.42748392,2.482007160899139,2.533078985949169
-0.42716656,2.482007160899139,2.534014763539344
-0.4268492,2.48294376181651,2.534014763539344
-0.42653184,2.48294376181651,2.535886318719692
-0.42621448,2.482007160899139,2.535886318719692
-0.42589712,2.48294376181651,2.536822096309867
-0.42557976,2.48294376181651,2.53775787390004
-0.4252624,2.482007160899139,2.53775787390004
-0.42494504,2.482007160899139,2.538693651490215
-0.42462768,2.48294376181651,2.540565206670563
-0.42431032,2.48294376181651,2.540565206670563
-0.42399296,2.48294376181651,2.540565206670563
-0.4236756,2.483880362733881,2.540565206670563
-0.42335824,2.48294376181651,2.541500984260738
-0.42304088,2.483880362733881,2.542436761850912
-0.42272352,2.483880362733881,2.544308317031261
-0.42240616,2.483880362733881,2.544308317031261
-0.4220888,2.483880362733881,2.544308317031261
-0.42177144,2.483880362733881,2.545244094621435
-0.42145408,2.483880362733881,2.545244094621435
-0.42113672,2.483880362733881,2.546179872211609
-0.42081936,2.483880362733881,2.547115649801783
-0.420502,2.483880362733881,2.547115649801783
-0.42018464,2.483880362733881,2.548051427391957
-0.41986728,2.483880362733881,2.548051427391957
-0.41954992,2.484816963651252,2.548987204982132
-0.41923256,2.484816963651252,2.548987204982132
-0.4189152,2.483880362733881,2.548987204982132
-0.41859784,2.483880362733881,2.55085876016248
-0.41828048,2.483880362733881,2.55085876016248
-0.41796312,2.483880362733881,2.55085876016248
-0.41764576,2.483880362733881,2.551794537752654
-0.4173284,2.484816963651252,2.552730315342829
-0.41701104,2.484816963651252,2.552730315342829
-0.41669368,2.483880362733881,2.553666092933003
-0.41637632,2.484816963651252,2.553666092933003
-0.41605896,2.485753564568623,2.554601870523177
-0.4157416,2.484816963651252,2.554601870523177
-0.41542424,2.485753564568623,2.555537648113352
-0.41510688,2.484816963651252,2.555537648113352
-0.41478952,2.484816963651252,2.556473425703525
-0.41447216,2.485753564568623,2.556473425703525
-0.4141548,2.485753564568623,2.556473425703525
-0.41383744,2.485753564568623,2.556473425703525
-0.41352008,2.486690165485994,2.556473425703525
-0.41320272,2.486690165485994,2.5574092032937
-0.41288536,2.485753564568623,2.5574092032937
-0.412568,2.485753564568623,2.559280758474048
-0.41225064,2.486690165485994,2.559280758474048
-0.41193328,2.487626766403365,2.560216536064223
-0.41161592,2.488563367320736,2.561152313654397
-0.41129856,2.487626766403365,2.560216536064223
-0.4109812,2.488563367320736,2.561152313654397
-0.41066384,2.488563367320736,2.562088091244571
-0.41034648,2.488563367320736,2.562088091244571
-0.41002912,2.487626766403365,2.561152313654397
-0.40971176,2.488563367320736,2.562088091244571
-0.4093944,2.489499968238107,2.562088091244571
-0.40907704,2.489499968238107,2.563959646424919
-0.40875968,2.488563367320736,2.563023868834746
-0.40844232,2.490436569155478,2.563959646424919
-0.40812496,2.490436569155478,2.563959646424919
-0.4078076,2.491373170072849,2.564895424015094
-0.40749024,2.491373170072849,2.564895424015094
-0.40717288,2.491373170072849,2.565831201605268
-0.40685552,2.492309770990221,2.564895424015094
-0.40653816,2.492309770990221,2.565831201605268
-0.4062208,2.491373170072849,2.565831201605268
-0.40590344,2.492309770990221,2.566766979195442
-0.40558608,2.492309770990221,2.566766979195442
-0.40526872,2.492309770990221,2.566766979195442
-0.40495136,2.493246371907591,2.567702756785617
-0.404634,2.493246371907591,2.567702756785617
-0.40431664,2.493246371907591,2.567702756785617
-0.40399928,2.493246371907591,2.567702756785617
-0.40368192,2.494182972824963,2.567702756785617
-0.40336456,2.494182972824963,2.567702756785617
-0.4030472,2.494182972824963,2.568638534375791
-0.40272984,2.495119573742334,2.568638534375791
-0.40241248,2.494182972824963,2.568638534375791
-0.40209512,2.494182972824963,2.569574311965965
-0.40177776,2.495119573742334,2.570510089556139
-0.4014604,2.495119573742334,2.569574311965965
-0.40114304,2.496056174659705,2.569574311965965
-0.40082568,2.496056174659705,2.570510089556139
-0.40050832,2.496992775577076,2.569574311965965
-0.40019096,2.496056174659705,2.569574311965965
-0.3998736,2.496992775577076,2.570510089556139
-0.39955624,2.497929376494447,2.570510089556139
-0.39923888,2.498865977411818,2.570510089556139
-0.39892152,2.498865977411818,2.570510089556139
-0.39860416,2.498865977411818,2.570510089556139
-0.3982868,2.499802578329189,2.570510089556139
-0.39796944,2.499802578329189,2.570510089556139
-0.39765208,2.499802578329189,2.570510089556139
-0.39733472,2.499802578329189,2.571445867146314
-0.39701736,2.50073917924656,2.570510089556139
-0.3967,2.50073917924656,2.570510089556139
-0.39638264,2.50073917924656,2.570510089556139
-0.39606528,2.501675780163931,2.570510089556139
-0.39574792,2.50073917924656,2.569574311965965
-0.39543056,2.50073917924656,2.570510089556139
-0.3951132,2.50073917924656,2.570510089556139
-0.39479584,2.502612381081303,2.571445867146314
-0.39447848,2.501675780163931,2.570510089556139
-0.39416112,2.501675780163931,2.571445867146314
-0.39384376,2.502612381081303,2.570510089556139
-0.3935264,2.503548981998673,2.570510089556139
-0.39320904,2.504485582916045,2.571445867146314
-0.39289168,2.503548981998673,2.571445867146314
-0.39257432,2.503548981998673,2.571445867146314
-0.39225696,2.504485582916045,2.571445867146314
-0.3919396,2.505422183833416,2.570510089556139
-0.39162224,2.505422183833416,2.572381644736488
-0.39130488,2.503548981998673,2.570510089556139
-0.39098752,2.505422183833416,2.570510089556139
-0.39067016,2.504485582916045,2.570510089556139
-0.3903528,2.504485582916045,2.570510089556139
-0.39003544,2.506358784750787,2.571445867146314
-0.38971808,2.506358784750787,2.570510089556139
-0.38940072,2.506358784750787,2.570510089556139
-0.38908336,2.507295385668158,2.571445867146314
-0.388766,2.507295385668158,2.570510089556139
-0.38844864,2.507295385668158,2.570510089556139
-0.38813128,2.507295385668158,2.570510089556139
-0.38781392,2.507295385668158,2.571445867146314
-0.38749656,2.507295385668158,2.571445867146314
-0.3871792,2.508231986585529,2.570510089556139
-0.38686184,2.5091685875029,2.570510089556139
-0.38654448,2.5091685875029,2.571445867146314
-0.38622712,2.5091685875029,2.570510089556139
-0.38590976,2.510105188420271,2.571445867146314
-0.3855924,2.511041789337642,2.570510089556139
-0.38527504,2.510105188420271,2.570510089556139
-0.38495768,2.5091685875029,2.570510089556139
-0.38464032,2.510105188420271,2.569574311965965
-0.38432296,2.510105188420271,2.569574311965965
-0.3840056,2.511041789337642,2.569574311965965
-0.38368824,2.511041789337642,2.570510089556139
-0.38337088,2.511041789337642,2.569574311965965
-0.38305352,2.511041789337642,2.568638534375791
-0.38273616,2.511978390255013,2.568638534375791
-0.3824188,2.511978390255013,2.568638534375791
-0.38210144,2.511978390255013,2.569574311965965
-0.38178408,2.511978390255013,2.568638534375791
-0.38146672,2.511978390255013,2.567702756785617
-0.38114936,2.512914991172384,2.567702756785617
-0.380832,2.512914991172384,2.567702756785617
-0.38051464,2.512914991172384,2.567702756785617
-0.38019728,2.512914991172384,2.567702756785617
-0.37987992,2.512914991172384,2.566766979195442
-0.37956256,2.512914991172384,2.565831201605268
-0.3792452,2.513851592089755,2.565831201605268
-0.37892784,2.512914991172384,2.565831201605268
-0.37861048,2.513851592089755,2.566766979195442
-0.37829312,2.512914991172384,2.565831201605268
-0.37797576,2.513851592089755,2.565831201605268
-0.3776584,2.513851592089755,2.565831201605268
-0.37734104,2.513851592089755,2.565831201605268
-0.37702368,2.514788193007127,2.564895424015094
-0.37670632,2.513851592089755,2.563959646424919
-0.37638896,2.513851592089755,2.563959646424919
-0.3760716,2.513851592089755,2.563959646424919
-0.37575424,2.514788193007127,2.563023868834746
-0.37543688,2.513851592089755,2.563023868834746
-0.37511952,2.514788193007127,2.563023868834746
-0.37480216,2.514788193007127,2.563023868834746
-0.3744848,2.514788193007127,2.563023868834746
-0.37416744,2.514788193007127,2.563023868834746
-0.37385008,2.514788193007127,2.562088091244571
-0.37353272,2.514788193007127,2.561152313654397
-0.37321536,2.514788193007127,2.561152313654397
-0.372898,2.513851592089755,2.560216536064223
-0.37258064,2.513851592089755,2.560216536064223
-0.37226328,2.514788193007127,2.559280758474048
-0.37194592,2.514788193007127,2.559280758474048
-0.37162856,2.513851592089755,2.558344980883875
-0.3713112,2.514788193007127,2.559280758474048
-0.37099384,2.514788193007127,2.558344980883875
-0.37067648,2.514788193007127,2.558344980883875
-0.37035912,2.515724793924498,2.5574092032937
-0.37004176,2.514788193007127,2.556473425703525
-0.3697244,2.514788193007127,2.556473425703525
-0.36940704,2.514788193007127,2.5574092032937
-0.36908968,2.515724793924498,2.5574092032937
-0.36877232,2.514788193007127,2.555537648113352
-0.36845496,2.513851592089755,2.556473425703525
-0.3681376,2.513851592089755,2.554601870523177
-0.36782024,2.514788193007127,2.555537648113352
-0.36750288,2.513851592089755,2.554601870523177
-0.36718552,2.514788193007127,2.553666092933003
-0.36686816,2.513851592089755,2.552730315342829
-0.3665508,2.513851592089755,2.552730315342829
-0.36623344,2.514788193007127,2.552730315342829
-0.36591608,2.512914991172384,2.551794537752654
-0.36559872,2.513851592089755,2.55085876016248
-0.36528136,2.513851592089755,2.551794537752654
-0.364964,2.513851592089755,2.55085876016248
-0.36464664,2.512914991172384,2.55085876016248
-0.36432928,2.513851592089755,2.549922982572306
-0.36401192,2.513851592089755,2.549922982572306
-0.36369456,2.513851592089755,2.549922982572306
-0.3633772,2.512914991172384,2.548987204982132
-0.36305984,2.513851592089755,2.548987204982132
-0.36274248,2.513851592089755,2.548051427391957
-0.36242512,2.512914991172384,2.548051427391957
-0.36210776,2.511978390255013,2.547115649801783
-0.3617904,2.511978390255013,2.546179872211609
-0.36147304,2.511978390255013,2.546179872211609
-0.36115568,2.511978390255013,2.546179872211609
-0.36083832,2.511041789337642,2.545244094621435
-0.36052096,2.511978390255013,2.545244094621435
-0.3602036,2.511041789337642,2.544308317031261
-0.35988624,2.511041789337642,2.544308317031261
-0.35956888,2.511041789337642,2.542436761850912
-0.35925152,2.511041789337642,2.542436761850912
-0.35893416,2.510105188420271,2.542436761850912
-0.3586168,2.510105188420271,2.541500984260738
-0.35829944,2.510105188420271,2.541500984260738
-0.35798208,2.510105188420271,2.540565206670563
-0.35766472,2.510105188420271,2.540565206670563
-0.35734736,2.5091685875029,2.540565206670563
-0.35703,2.510105188420271,2.539629429080389
-0.35671264,2.5091685875029,2.538693651490215
-0.35639528,2.5091685875029,2.538693651490215
-0.35607792,2.5091685875029,2.538693651490215
-0.35576056,2.5091685875029,2.53775787390004
-0.3554432,2.5091685875029,2.536822096309867
-0.35512584,2.5091685875029,2.53775787390004
-0.35480848,2.508231986585529,2.536822096309867
-0.35449112,2.507295385668158,2.535886318719692
-0.35417376,2.507295385668158,2.534950541129517
-0.3538564,2.508231986585529,2.534950541129517
-0.35353904,2.507295385668158,2.534950541129517
-0.35322168,2.507295385668158,2.534014763539344
-0.35290432,2.507295385668158,2.533078985949169
-0.35258696,2.507295385668158,2.533078985949169
-0.3522696,2.506358784750787,2.532143208358995
-0.35195224,2.505422183833416,2.532143208358995
-0.35163488,2.505422183833416,2.532143208358995
-0.35131752,2.506358784750787,2.531207430768821
-0.35100016,2.506358784750787,2.531207430768821
-0.3506828,2.506358784750787,2.531207430768821
-0.35036544,2.505422183833416,2.530271653178646
-0.35004808,2.505422183833416,2.529335875588473
-0.34973072,2.505422183833416,2.528400097998298
-0.34941336,2.505422183833416,2.529335875588473
-0.349096,2.505422183833416,2.529335875588473
-0.34877864,2.504485582916045,2.528400097998298
-0.34846128,2.504485582916045,2.527464320408124
-0.34814392,2.504485582916045,2.52652854281795
-0.34782656,2.503548981998673,2.52652854281795
-0.3475092,2.505422183833416,2.52652854281795
-0.34719184,2.504485582916045,2.52652854281795
-0.34687448,2.503548981998673,2.525592765227775
-0.34655712,2.503548981998673,2.525592765227775
-0.34623976,2.502612381081303,2.524656987637601
-0.3459224,2.503548981998673,2.523721210047427
-0.34560504,2.503548981998673,2.523721210047427
-0.34528768,2.502612381081303,2.522785432457253
-0.34497032,2.502612381081303,2.522785432457253
-0.34465296,2.502612381081303,2.522785432457253
-0.3443356,2.502612381081303,2.522785432457253
-0.34401824,2.501675780163931,2.521849654867078
-0.34370088,2.502612381081303,2.521849654867078
-0.34338352,2.501675780163931,2.521849654867078
-0.34306616,2.501675780163931,2.521849654867078
-0.3427488,2.501675780163931,2.520913877276904
-0.34243144,2.50073917924656,2.51997809968673
-0.34211408,2.50073917924656,2.51997809968673
-0.34179672,2.50073917924656,2.519042322096555
-0.34147936,2.501675780163931,2.519042322096555
-0.341162,2.50073917924656,2.519042322096555
-0.34084464,2.499802578329189,2.517170766916207
-0.34052728,2.50073917924656,2.517170766916207
-0.34020992,2.50073917924656,2.518106544506382
-0.33989256,2.50073917924656,2.517170766916207
-0.3395752,2.499802578329189,2.516234989326033
-0.33925784,2.498865977411818,2.515299211735859
-0.33894048,2.498865977411818,2.515299211735859
-0.33862312,2.498865977411818,2.515299211735859
-0.33830576,2.498865977411818,2.514363434145684
-0.3379884,2.497929376494447,2.51342765655551
-0.33767104,2.497929376494447,2.51342765655551
-0.33735368,2.498865977411818,2.51342765655551
-0.33703632,2.497929376494447,2.51342765655551
-0.33671896,2.497929376494447,2.51342765655551
-0.3364016,2.497929376494447,2.512491878965336
-0.33608424,2.496992775577076,2.511556101375161
-0.33576688,2.497929376494447,2.511556101375161
-0.33544952,2.497929376494447,2.511556101375161
-0.33513216,2.496992775577076,2.510620323784988
-0.3348148,2.496056174659705,2.509684546194813
-0.33449744,2.496992775577076,2.510620323784988
-0.33418008,2.496992775577076,2.509684546194813
-0.33386272,2.496056174659705,2.509684546194813
-0.33354536,2.496056174659705,2.508748768604639
-0.333228,2.496056174659705,2.508748768604639
-0.33291064,2.495119573742334,2.507812991014465
-0.33259328,2.496056174659705,2.508748768604639
-0.33227592,2.495119573742334,2.507812991014465
-0.33195856,2.495119573742334,2.505941435834116
-0.3316412,2.495119573742334,2.505941435834116
-0.33132384,2.495119573742334,2.505941435834116
-0.33100648,2.495119573742334,2.505005658243942
-0.33068912,2.494182972824963,2.505005658243942
-0.33037176,2.495119573742334,2.505005658243942
-0.3300544,2.495119573742334,2.505005658243942
-0.32973704,2.494182972824963,2.504069880653768
-0.32941968,2.495119573742334,2.504069880653768
-0.32910232,2.495119573742334,2.504069880653768
-0.32878496,2.494182972824963,2.503134103063593
-0.3284676,2.495119573742334,2.503134103063593
-0.32815024,2.495119573742334,2.502198325473419
-0.32783288,2.495119573742334,2.502198325473419
-0.32751552,2.494182972824963,2.501262547883245
-0.32719816,2.495119573742334,2.501262547883245
-0.3268808,2.494182972824963,2.501262547883245
-0.32656344,2.494182972824963,2.50032677029307
-0.32624608,2.494182972824963,2.50032677029307
-0.32592872,2.495119573742334,2.499390992702897
-0.32561136,2.494182972824963,2.498455215112722
-0.325294,2.495119573742334,2.497519437522548
-0.32497664,2.495119573742334,2.497519437522548
-0.32465928,2.495119573742334,2.497519437522548
-0.32434192,2.495119573742334,2.496583659932374
-0.32402456,2.495119573742334,2.496583659932374
-0.3237072,2.495119573742334,2.495647882342199
-0.32338984,2.495119573742334,2.495647882342199
-0.32307248,2.495119573742334,2.494712104752025
-0.32275512,2.495119573742334,2.494712104752025
-0.32243776,2.495119573742334,2.493776327161851
-0.3221204,2.495119573742334,2.493776327161851
-0.32180304,2.495119573742334,2.492840549571676
-0.32148568,2.494182972824963,2.492840549571676
-0.32116832,2.495119573742334,2.491904771981503
-0.32085096,2.495119573742334,2.491904771981503
-0.3205336,2.495119573742334,2.491904771981503
-0.32021624,2.495119573742334,2.490968994391328
-0.31989888,2.495119573742334,2.490968994391328
-0.31958152,2.495119573742334,2.490968994391328
-0.31926416,2.495119573742334,2.490968994391328
-0.3189468,2.495119573742334,2.490033216801153
-0.31862944,2.495119573742334,2.48909743921098
-0.31831208,2.494182972824963,2.488161661620805
-0.31799472,2.495119573742334,2.487225884030631
-0.31767736,2.495119573742334,2.487225884030631
-0.31736,2.494182972824963,2.486290106440457
-0.31704264,2.493246371907591,2.486290106440457
-0.31672528,2.494182972824963,2.486290106440457
-0.31640792,2.495119573742334,2.485354328850282
-0.31609056,2.494182972824963,2.485354328850282
-0.3157732,2.495119573742334,2.484418551260108
-0.31545584,2.494182972824963,2.484418551260108
-0.31513848,2.494182972824963,2.484418551260108
-0.31482112,2.494182972824963,2.483482773669934
-0.31450376,2.495119573742334,2.483482773669934
-0.3141864,2.495119573742334,2.483482773669934
-0.31386904,2.495119573742334,2.48254699607976
-0.31355168,2.495119573742334,2.48254699607976
-0.31323432,2.495119573742334,2.48254699607976
-0.31291696,2.495119573742334,2.481611218489586
-0.3125996,2.495119573742334,2.480675440899411
-0.31228224,2.495119573742334,2.479739663309237
-0.31196488,2.496056174659705,2.479739663309237
-0.31164752,2.495119573742334,2.479739663309237
-0.31133016,2.496056174659705,2.478803885719063
-0.3110128,2.496056174659705,2.478803885719063
-0.31069544,2.496056174659705,2.477868108128889
-0.31037808,2.496056174659705,2.476932330538714
-0.31006072,2.496056174659705,2.477868108128889
-0.30974336,2.496056174659705,2.476932330538714
-0.309426,2.496056174659705,2.476932330538714
-0.30910864,2.496056174659705,2.47599655294854
-0.30879128,2.497929376494447,2.475060775358366
-0.30847392,2.497929376494447,2.475060775358366
-0.30815656,2.497929376494447,2.475060775358366
-0.3078392,2.497929376494447,2.474124997768191
-0.30752184,2.498865977411818,2.474124997768191
-0.30720448,2.497929376494447,2.473189220178018
-0.30688712,2.498865977411818,2.473189220178018
-0.30656976,2.498865977411818,2.473189220178018
-0.3062524,2.498865977411818,2.473189220178018
-0.30593504,2.498865977411818,2.472253442587843
-0.30561768,2.498865977411818,2.472253442587843
-0.30530032,2.498865977411818,2.472253442587843
-0.30498296,2.499802578329189,2.471317664997668
-0.3046656,2.498865977411818,2.471317664997668
-0.30434824,2.499802578329189,2.471317664997668
-0.30403088,2.499802578329189,2.470381887407495
-0.30371352,2.499802578329189,2.470381887407495
-0.30339616,2.499802578329189,2.46944610981732
-0.3030788,2.50073917924656,2.468510332227146
-0.30276144,2.50073917924656,2.46944610981732
-0.30244408,2.501675780163931,2.46944610981732
-0.30212672,2.50073917924656,2.46944610981732
-0.30180936,2.501675780163931,2.46944610981732
-0.301492,2.502612381081303,2.46944610981732
-0.30117464,2.50073917924656,2.468510332227146
-0.30085728,2.501675780163931,2.467574554636972
-0.30053992,2.501675780163931,2.467574554636972
-0.30022256,2.501675780163931,2.467574554636972
-0.2999052,2.501675780163931,2.467574554636972
-0.29958784,2.502612381081303,2.466638777046797
-0.29927048,2.502612381081303,2.466638777046797
-0.29895312,2.502612381081303,2.466638777046797
-0.29863576,2.503548981998673,2.466638777046797
-0.2983184,2.503548981998673,2.466638777046797
-0.29800104,2.502612381081303,2.465702999456624
-0.29768368,2.503548981998673,2.466638777046797
-0.29736632,2.503548981998673,2.464767221866449
-0.29704896,2.505422183833416,2.464767221866449
-0.2967316,2.504485582916045,2.464767221866449
-0.29641424,2.504485582916045,2.464767221866449
-0.29609688,2.505422183833416,2.464767221866449
-0.29577952,2.505422183833416,2.464767221866449
-0.29546216,2.505422183833416,2.463831444276275
-0.2951448,2.505422183833416,2.463831444276275
-0.29482744,2.505422183833416,2.463831444276275
-0.29451008,2.506358784750787,2.464767221866449
-0.29419272,2.506358784750787,2.463831444276275
-0.29387536,2.507295385668158,2.463831444276275
-0.293558,2.507295385668158,2.462895666686101
-0.29324064,2.506358784750787,2.462895666686101
-0.29292328,2.507295385668158,2.462895666686101
-0.29260592,2.507295385668158,2.462895666686101
-0.29228856,2.507295385668158,2.461959889095926
-0.2919712,2.508231986585529,2.462895666686101
-0.29165384,2.508231986585529,2.461959889095926
-0.29133648,2.508231986585529,2.461959889095926
-0.29101912,2.508231986585529,2.461959889095926
-0.29070176,2.508231986585529,2.461959889095926
-0.2903844,2.508231986585529,2.461959889095926
-0.29006704,2.507295385668158,2.461959889095926
-0.28974968,2.5091685875029,2.461959889095926
-0.28943232,2.508231986585529,2.461959889095926
-0.28911496,2.508231986585529,2.461024111505752
-0.2887976,2.5091685875029,2.461024111505752
-0.28848024,2.5091685875029,2.461024111505752
-0.28816288,2.510105188420271,2.461024111505752
-0.28784552,2.511041789337642,2.460088333915578
-0.28752816,2.511041789337642,2.460088333915578
-0.2872108,2.511041789337642,2.460088333915578
-0.28689344,2.511041789337642,2.460088333915578
-0.28657608,2.512914991172384,2.460088333915578
-0.28625872,2.513851592089755,2.461024111505752
-0.28594136,2.512914991172384,2.460088333915578
-0.285624,2.513851592089755,2.460088333915578
-0.28530664,2.514788193007127,2.460088333915578
-0.28498928,2.513851592089755,2.460088333915578
-0.28467192,2.514788193007127,2.460088333915578
-0.28435456,2.514788193007127,2.460088333915578
-0.2840372,2.515724793924498,2.460088333915578
-0.28371984,2.515724793924498,2.460088333915578
-0.28340248,2.516661394841869,2.461024111505752
-0.28308512,2.515724793924498,2.460088333915578
-0.28276776,2.516661394841869,2.460088333915578
-0.2824504,2.516661394841869,2.460088333915578
-0.28213304,2.51759799575924,2.460088333915578
-0.28181568,2.51759799575924,2.460088333915578
-0.28149832,2.518534596676611,2.460088333915578
-0.28118096,2.518534596676611,2.460088333915578
-0.2808636,2.518534596676611,2.460088333915578
-0.28054624,2.519471197593982,2.461024111505752
-0.28022888,2.518534596676611,2.460088333915578
-0.27991152,2.519471197593982,2.461024111505752
-0.27959416,2.518534596676611,2.461024111505752
-0.2792768,2.519471197593982,2.460088333915578
-0.27895944,2.520407798511353,2.461024111505752
-0.27864208,2.520407798511353,2.460088333915578
-0.27832472,2.519471197593982,2.460088333915578
-0.27800736,2.520407798511353,2.461024111505752
-0.27769,2.520407798511353,2.461024111505752
-0.27737264,2.521344399428724,2.461024111505752
-0.27705528,2.520407798511353,2.461024111505752
-0.27673792,2.520407798511353,2.461024111505752
-0.27642056,2.520407798511353,2.461024111505752
-0.2761032,2.521344399428724,2.461024111505752
-0.27578584,2.521344399428724,2.460088333915578
-0.27546848,2.521344399428724,2.461024111505752
-0.27515112,2.522281000346095,2.461024111505752
-0.27483376,2.521344399428724,2.461024111505752
-0.2745164,2.522281000346095,2.461024111505752
-0.27419904,2.522281000346095,2.461024111505752
-0.27388168,2.522281000346095,2.461959889095926
-0.27356432,2.523217601263466,2.461024111505752
-0.27324696,2.523217601263466,2.461024111505752
-0.2729296,2.523217601263466,2.461024111505752
-0.27261224,2.523217601263466,2.461959889095926
-0.27229488,2.523217601263466,2.461959889095926
-0.27197752,2.524154202180837,2.461959889095926
-0.27166016,2.524154202180837,2.461959889095926
-0.2713428,2.524154202180837,2.461959889095926
-0.27102544,2.523217601263466,2.461959889095926
-0.27070808,2.523217601263466,2.461959889095926
-0.27039072,2.523217601263466,2.461959889095926
-0.27007336,2.523217601263466,2.461959889095926
-0.269756,2.524154202180837,2.461959889095926
-0.26943864,2.525090803098208,2.462895666686101
-0.26912128,2.525090803098208,2.462895666686101
-0.26880392,2.525090803098208,2.461959889095926
-0.26848656,2.525090803098208,2.462895666686101
-0.2681692,2.526027404015579,2.462895666686101
-0.26785184,2.526027404015579,2.462895666686101
-0.26753448,2.52696400493295,2.462895666686101
-0.26721712,2.526027404015579,2.462895666686101
-0.26689976,2.526027404015579,2.463831444276275
-0.2665824,2.52696400493295,2.462895666686101
-0.26626504,2.52696400493295,2.462895666686101
-0.26594768,2.52696400493295,2.463831444276275
-0.26563032,2.52696400493295,2.463831444276275
-0.26531296,2.527900605850322,2.462895666686101
-0.2649956,2.527900605850322,2.462895666686101
-0.26467824,2.527900605850322,2.462895666686101
-0.26436088,2.528837206767693,2.464767221866449
-0.26404352,2.528837206767693,2.464767221866449
-0.26372616,2.528837206767693,2.464767221866449
-0.2634088,2.529773807685064,2.464767221866449
-0.26309144,2.529773807685064,2.464767221866449
-0.26277408,2.530710408602435,2.466638777046797
-0.26245672,2.529773807685064,2.465702999456624
-0.26213936,2.529773807685064,2.465702999456624
-0.261822,2.529773807685064,2.465702999456624
-0.26150464,2.529773807685064,2.466638777046797
-0.26118728,2.530710408602435,2.466638777046797
-0.26086992,2.530710408602435,2.467574554636972
-0.26055256,2.530710408602435,2.466638777046797
-0.2602352,2.531647009519806,2.467574554636972
-0.25991784,2.531647009519806,2.467574554636972
-0.25960048,2.531647009519806,2.467574554636972
-0.25928312,2.531647009519806,2.467574554636972
-0.25896576,2.532583610437177,2.467574554636972
-0.2586484,2.532583610437177,2.467574554636972
-0.25833104,2.532583610437177,2.467574554636972
-0.25801368,2.532583610437177,2.468510332227146
-0.25769632,2.533520211354548,2.467574554636972
-0.25737896,2.533520211354548,2.467574554636972
-0.2570616,2.533520211354548,2.467574554636972
-0.25674424,2.53539341318929,2.467574554636972
-0.25642688,2.53539341318929,2.467574554636972
-0.25610952,2.536330014106661,2.466638777046797
-0.25579216,2.538203215941404,2.466638777046797
-0.2554748,2.539139816858774,2.466638777046797
-0.25515744,2.540076417776146,2.466638777046797
-0.25484008,2.541949619610888,2.465702999456624
-0.25452272,2.542886220528259,2.464767221866449
-0.25420536,2.54382282144563,2.464767221866449
-0.253888,2.545696023280372,2.464767221866449
-0.25357064,2.546632624197743,2.464767221866449
-0.25325328,2.547569225115114,2.464767221866449
-0.25293592,2.549442426949856,2.464767221866449
-0.25261856,2.550379027867228,2.465702999456624
-0.2523012,2.551315628784599,2.464767221866449
-0.25198384,2.55225222970197,2.464767221866449
-0.25166648,2.553188830619341,2.464767221866449
-0.25134912,2.554125431536712,2.464767221866449
-0.25103176,2.555998633371454,2.464767221866449
-0.2507144,2.556935234288825,2.465702999456624
-0.25039704,2.558808436123567,2.465702999456624
-0.25007968,2.559745037040938,2.465702999456624
-0.24976232,2.560681637958309,2.466638777046797
-0.24944496,2.562554839793052,2.465702999456624
-0.2491276,2.563491440710423,2.465702999456624
-0.24881024,2.565364642545165,2.466638777046797
-0.24849288,2.565364642545165,2.466638777046797
-0.24817552,2.566301243462536,2.467574554636972
-0.24785816,2.567237844379907,2.467574554636972
-0.2475408,2.568174445297278,2.468510332227146
-0.24722344,2.568174445297278,2.468510332227146
-0.24690608,2.569111046214649,2.46944610981732
-0.24658872,2.57004764713202,2.46944610981732
-0.24627136,2.570984248049391,2.470381887407495
-0.245954,2.572857449884133,2.471317664997668
-0.24563664,2.573794050801505,2.472253442587843
-0.24531928,2.573794050801505,2.473189220178018
-0.24500192,2.573794050801505,2.473189220178018
-0.24468456,2.574730651718875,2.474124997768191
-0.2443672,2.574730651718875,2.474124997768191
-0.24404984,2.574730651718875,2.47599655294854
-0.24373248,2.574730651718875,2.47599655294854
-0.24341512,2.575667252636247,2.476932330538714
-0.24309776,2.575667252636247,2.477868108128889
-0.2427804,2.576603853553618,2.477868108128889
-0.24246304,2.577540454470989,2.478803885719063
-0.24214568,2.57847705538836,2.480675440899411
-0.24182832,2.57847705538836,2.480675440899411
-0.24151096,2.57847705538836,2.480675440899411
-0.2411936,2.579413656305731,2.481611218489586
-0.24087624,2.579413656305731,2.48254699607976
-0.24055888,2.580350257223102,2.483482773669934
-0.24024152,2.579413656305731,2.483482773669934
-0.23992416,2.580350257223102,2.485354328850282
-0.2396068,2.580350257223102,2.485354328850282
-0.23928944,2.580350257223102,2.486290106440457
-0.23897208,2.580350257223102,2.487225884030631
-0.23865472,2.580350257223102,2.487225884030631
-0.23833736,2.581286858140473,2.488161661620805
-0.23802,2.581286858140473,2.490033216801153
-0.23770264,2.581286858140473,2.490033216801153
-0.23738528,2.581286858140473,2.490968994391328
-0.23706792,2.581286858140473,2.491904771981503
-0.23675056,2.582223459057844,2.491904771981503
-0.2364332,2.582223459057844,2.492840549571676
-0.23611584,2.582223459057844,2.494712104752025
-0.23579848,2.583160059975215,2.495647882342199
-0.23548112,2.582223459057844,2.496583659932374
-0.23516376,2.583160059975215,2.497519437522548
-0.2348464,2.582223459057844,2.498455215112722
-0.23452904,2.582223459057844,2.498455215112722
-0.23421168,2.582223459057844,2.499390992702897
-0.23389432,2.582223459057844,2.50032677029307
-0.23357696,2.582223459057844,2.50032677029307
-0.2332596,2.583160059975215,2.502198325473419
-0.23294224,2.582223459057844,2.502198325473419
-0.23262488,2.581286858140473,2.502198325473419
-0.23230752,2.582223459057844,2.503134103063593
-0.23199016,2.582223459057844,2.504069880653768
-0.2316728,2.582223459057844,2.505005658243942
-0.23135544,2.582223459057844,2.505941435834116
-0.23103808,2.582223459057844,2.50687721342429
-0.23072072,2.581286858140473,2.50687721342429
-0.23040336,2.581286858140473,2.507812991014465
-0.230086,2.581286858140473,2.507812991014465
-0.22976864,2.582223459057844,2.508748768604639
-0.22945128,2.581286858140473,2.509684546194813
-0.22913392,2.581286858140473,2.510620323784988
-0.22881656,2.581286858140473,2.509684546194813
-0.2284992,2.581286858140473,2.509684546194813
-0.22818184,2.580350257223102,2.510620323784988
-0.22786448,2.579413656305731,2.511556101375161
-0.22754712,2.579413656305731,2.510620323784988
-0.22722976,2.580350257223102,2.511556101375161
-0.2269124,2.580350257223102,2.512491878965336
-0.22659504,2.57847705538836,2.512491878965336
-0.22627768,2.57847705538836,2.512491878965336
-0.22596032,2.579413656305731,2.51342765655551
-0.22564296,2.57847705538836,2.514363434145684
-0.2253256,2.57847705538836,2.514363434145684
-0.22500824,2.57847705538836,2.514363434145684
-0.22469088,2.57847705538836,2.514363434145684
-0.22437352,2.579413656305731,2.515299211735859
-0.22405616,2.57847705538836,2.516234989326033
-0.2237388,2.577540454470989,2.516234989326033
-0.22342144,2.577540454470989,2.516234989326033
-0.22310408,2.577540454470989,2.515299211735859
-0.22278672,2.577540454470989,2.516234989326033
-0.22246936,2.577540454470989,2.517170766916207
-0.222152,2.577540454470989,2.517170766916207
-0.22183464,2.577540454470989,2.517170766916207
-0.22151728,2.576603853553618,2.517170766916207
-0.22119992,2.577540454470989,2.518106544506382
-0.22088256,2.577540454470989,2.518106544506382
-0.2205652,2.576603853553618,2.519042322096555
-0.22024784,2.576603853553618,2.519042322096555
-0.21993048,2.576603853553618,2.519042322096555
-0.21961312,2.576603853553618,2.519042322096555
-0.21929576,2.575667252636247,2.519042322096555
-0.2189784,2.575667252636247,2.51997809968673
-0.21866104,2.575667252636247,2.51997809968673
-0.21834368,2.574730651718875,2.519042322096555
-0.21802632,2.575667252636247,2.51997809968673
-0.21770896,2.574730651718875,2.51997809968673
-0.2173916,2.575667252636247,2.51997809968673
-0.21707424,2.575667252636247,2.51997809968673
-0.21675688,2.574730651718875,2.51997809968673
-0.21643952,2.575667252636247,2.520913877276904
-0.21612216,2.575667252636247,2.521849654867078
-0.2158048,2.575667252636247,2.521849654867078
-0.21548744,2.575667252636247,2.521849654867078
-0.21517008,2.575667252636247,2.521849654867078
-0.21485272,2.575667252636247,2.522785432457253
-0.21453536,2.575667252636247,2.522785432457253
-0.214218,2.576603853553618,2.522785432457253
-0.21390064,2.576603853553618,2.523721210047427
-0.21358328,2.577540454470989,2.524656987637601
-0.21326592,2.576603853553618,2.523721210047427
-0.21294856,2.577540454470989,2.525592765227775
-0.2126312,2.577540454470989,2.524656987637601
-0.21231384,2.576603853553618,2.524656987637601
-0.21199648,2.576603853553618,2.525592765227775
-0.21167912,2.576603853553618,2.525592765227775
-0.21136176,2.577540454470989,2.52652854281795
-0.2110444,2.576603853553618,2.52652854281795
-0.21072704,2.577540454470989,2.527464320408124
-0.21040968,2.576603853553618,2.527464320408124
-0.21009232,2.577540454470989,2.528400097998298
-0.20977496,2.577540454470989,2.528400097998298
-0.2094576,2.577540454470989,2.528400097998298
-0.20914024,2.577540454470989,2.529335875588473
-0.20882288,2.57847705538836,2.530271653178646
-0.20850552,2.57847705538836,2.530271653178646
-0.20818816,2.57847705538836,2.530271653178646
-0.2078708,2.579413656305731,2.531207430768821
-0.20755344,2.579413656305731,2.531207430768821
-0.20723608,2.579413656305731,2.532143208358995
-0.20691872,2.580350257223102,2.533078985949169
-0.20660136,2.580350257223102,2.533078985949169
-0.206284,2.579413656305731,2.534014763539344
-0.20596664,2.579413656305731,2.534950541129517
-0.20564928,2.580350257223102,2.534950541129517
-0.20533192,2.580350257223102,2.535886318719692
-0.20501456,2.580350257223102,2.536822096309867
-0.2046972,2.580350257223102,2.536822096309867
-0.20437984,2.579413656305731,2.536822096309867
-0.20406248,2.580350257223102,2.53775787390004
-0.20374512,2.580350257223102,2.53775787390004
-0.20342776,2.580350257223102,2.538693651490215
-0.2031104,2.580350257223102,2.539629429080389
-0.20279304,2.579413656305731,2.539629429080389
-0.20247568,2.579413656305731,2.540565206670563
-0.20215832,2.579413656305731,2.541500984260738
-0.20184096,2.579413656305731,2.541500984260738
-0.2015236,2.579413656305731,2.542436761850912
-0.20120624,2.57847705538836,2.542436761850912
-0.20088888,2.579413656305731,2.543372539441086
-0.20057152,2.579413656305731,2.544308317031261
-0.20025416,2.57847705538836,2.545244094621435
-0.1999368,2.577540454470989,2.546179872211609
-0.19961944,2.577540454470989,2.546179872211609
-0.19930208,2.577540454470989,2.547115649801783
-0.19898472,2.576603853553618,2.548051427391957
-0.19866736,2.576603853553618,2.548987204982132
-0.19835,2.576603853553618,2.549922982572306
-0.19803264,2.576603853553618,2.549922982572306
-0.19771528,2.577540454470989,2.55085876016248
-0.19739792,2.576603853553618,2.551794537752654
-0.19708056,2.576603853553618,2.551794537752654
-0.1967632,2.576603853553618,2.552730315342829
-0.19644584,2.576603853553618,2.553666092933003
-0.19612848,2.576603853553618,2.554601870523177
-0.19581112,2.575667252636247,2.555537648113352
-0.19549376,2.575667252636247,2.556473425703525
-0.1951764,2.574730651718875,2.5574092032937
-0.19485904,2.574730651718875,2.558344980883875
-0.19454168,2.574730651718875,2.559280758474048
-0.19422432,2.574730651718875,2.559280758474048
-0.19390696,2.574730651718875,2.561152313654397
-0.1935896,2.573794050801505,2.561152313654397
-0.19327224,2.573794050801505,2.562088091244571
-0.19295488,2.572857449884133,2.563023868834746
-0.19263752,2.572857449884133,2.563023868834746
-0.19232016,2.571920848966763,2.564895424015094
-0.1920028,2.572857449884133,2.565831201605268
-0.19168544,2.570984248049391,2.565831201605268
-0.19136808,2.570984248049391,2.566766979195442
-0.19105072,2.57004764713202,2.567702756785617
-0.19073336,2.57004764713202,2.569574311965965
-0.190416,2.569111046214649,2.570510089556139
-0.19009864,2.568174445297278,2.570510089556139
-0.18978128,2.568174445297278,2.571445867146314
-0.18946392,2.567237844379907,2.572381644736488
-0.18914656,2.567237844379907,2.573317422326662
-0.1888292,2.566301243462536,2.573317422326662
-0.18851184,2.566301243462536,2.574253199916837
-0.18819448,2.565364642545165,2.57518897750701
-0.18787712,2.564428041627794,2.577060532687359
-0.18755976,2.564428041627794,2.577060532687359
-0.1872424,2.563491440710423,2.577996310277533
-0.18692504,2.562554839793052,2.577996310277533
-0.18660768,2.562554839793052,2.579867865457881
-0.18629032,2.561618238875681,2.580803643048056
-0.18597296,2.560681637958309,2.580803643048056
-0.1856556,2.559745037040938,2.581739420638231
-0.18533824,2.558808436123567,2.581739420638231
-0.18502088,2.558808436123567,2.582675198228404
-0.18470352,2.558808436123567,2.583610975818579
-0.18438616,2.557871835206196,2.584546753408753
-0.1840688,2.555998633371454,2.584546753408753
-0.18375144,2.555062032454083,2.585482530998927
-0.18343408,2.555062032454083,2.586418308589102
-0.18311672,2.553188830619341,2.587354086179276
-0.18279936,2.554125431536712,2.58828986376945
-0.182482,2.553188830619341,2.589225641359625
-0.18216464,2.55225222970197,2.590161418949799
-0.18184728,2.55225222970197,2.591097196539973
-0.18152992,2.551315628784599,2.590161418949799
-0.18121256,2.550379027867228,2.591097196539973
-0.1808952,2.548505826032486,2.592032974130147
-0.18057784,2.548505826032486,2.592968751720321
-0.18026048,2.547569225115114,2.592968751720321
-0.17994312,2.546632624197743,2.593904529310496
-0.17962576,2.545696023280372,2.59484030690067
-0.1793084,2.544759422363001,2.59484030690067
-0.17899104,2.54382282144563,2.59484030690067
-0.17867368,2.54382282144563,2.596711862081018
-0.17835632,2.542886220528259,2.597647639671193
-0.17803896,2.542886220528259,2.596711862081018
-0.1777216,2.541013018693517,2.597647639671193
-0.17740424,2.541013018693517,2.597647639671193
-0.17708688,2.540076417776146,2.598583417261367
-0.17676952,2.539139816858774,2.599519194851541
-0.17645216,2.538203215941404,2.599519194851541
-0.1761348,2.537266615024032,2.600454972441716
-0.17581744,2.536330014106661,2.599519194851541
-0.17550008,2.53539341318929,2.601390750031889
-0.17518272,2.53539341318929,2.602326527622064
-0.17486536,2.534456812271919,2.601390750031889
-0.174548,2.533520211354548,2.602326527622064
-0.17423064,2.532583610437177,2.603262305212239
-0.17391328,2.531647009519806,2.603262305212239
-0.17359592,2.530710408602435,2.602326527622064
-0.17327856,2.528837206767693,2.602326527622064
-0.1729612,2.528837206767693,2.602326527622064
-0.17264384,2.527900605850322,2.603262305212239
-0.17232648,2.527900605850322,2.604198082802412
-0.17200912,2.526027404015579,2.603262305212239
-0.17169176,2.526027404015579,2.604198082802412
-0.1713744,2.525090803098208,2.603262305212239
-0.17105704,2.523217601263466,2.604198082802412
-0.17073968,2.523217601263466,2.603262305212239
-0.17042232,2.522281000346095,2.603262305212239
-0.17010496,2.521344399428724,2.603262305212239
-0.1697876,2.520407798511353,2.603262305212239
-0.16947024,2.519471197593982,2.604198082802412
-0.16915288,2.519471197593982,2.603262305212239
-0.16883552,2.51759799575924,2.604198082802412
-0.16851816,2.51759799575924,2.604198082802412
-0.1682008,2.516661394841869,2.605133860392587
-0.16788344,2.515724793924498,2.604198082802412
-0.16756608,2.515724793924498,2.604198082802412
-0.16724872,2.514788193007127,2.604198082802412
-0.16693136,2.513851592089755,2.604198082802412
-0.166614,2.512914991172384,2.603262305212239
-0.16629664,2.511978390255013,2.603262305212239
-0.16597928,2.511978390255013,2.603262305212239
-0.16566192,2.511041789337642,2.603262305212239
-0.16534456,2.511041789337642,2.603262305212239
-0.1650272,2.510105188420271,2.603262305212239
-0.16470984,2.508231986585529,2.603262305212239
-0.16439248,2.5091685875029,2.603262305212239
-0.16407512,2.508231986585529,2.603262305212239
-0.16375776,2.507295385668158,2.602326527622064
-0.1634404,2.507295385668158,2.601390750031889
-0.16312304,2.506358784750787,2.601390750031889
-0.16280568,2.505422183833416,2.600454972441716
-0.16248832,2.505422183833416,2.600454972441716
-0.16217096,2.505422183833416,2.599519194851541
-0.1618536,2.505422183833416,2.598583417261367
-0.16153624,2.503548981998673,2.598583417261367
-0.16121888,2.502612381081303,2.598583417261367
-0.16090152,2.502612381081303,2.597647639671193
-0.16058416,2.50073917924656,2.596711862081018
-0.1602668,2.501675780163931,2.596711862081018
-0.15994944,2.50073917924656,2.596711862081018
-0.15963208,2.501675780163931,2.595776084490844
-0.15931472,2.50073917924656,2.595776084490844
-0.15899736,2.50073917924656,2.595776084490844
-0.15868,2.50073917924656,2.59484030690067
-0.15836264,2.50073917924656,2.59484030690067
-0.15804528,2.499802578329189,2.593904529310496
-0.15772792,2.499802578329189,2.592968751720321
-0.15741056,2.499802578329189,2.592968751720321
-0.1570932,2.499802578329189,2.592968751720321
-0.15677584,2.499802578329189,2.592032974130147
-0.15645848,2.498865977411818,2.591097196539973
-0.15614112,2.497929376494447,2.590161418949799
-0.15582376,2.498865977411818,2.590161418949799
-0.1555064,2.497929376494447,2.590161418949799
-0.15518904,2.497929376494447,2.589225641359625
-0.15487168,2.496992775577076,2.58828986376945
-0.15455432,2.496992775577076,2.587354086179276
-0.15423696,2.496992775577076,2.586418308589102
-0.1539196,2.496992775577076,2.586418308589102
-0.15360224,2.496056174659705,2.585482530998927
-0.15328488,2.496992775577076,2.585482530998927
-0.15296752,2.496056174659705,2.583610975818579
-0.15265016,2.496056174659705,2.582675198228404
-0.1523328,2.496056174659705,2.582675198228404
-0.15201544,2.496992775577076,2.581739420638231
-0.15169808,2.496992775577076,2.581739420638231
-0.15138072,2.497929376494447,2.580803643048056
-0.15106336,2.496992775577076,2.579867865457881
-0.150746,2.497929376494447,2.579867865457881
-0.15042864,2.497929376494447,2.578932087867708
-0.15011128,2.496992775577076,2.577996310277533
-0.14979392,2.496992775577076,2.577060532687359
-0.14947656,2.496992775577076,2.576124755097185
-0.1491592,2.497929376494447,2.576124755097185
-0.14884184,2.497929376494447,2.57518897750701
-0.14852448,2.497929376494447,2.57518897750701
-0.14820712,2.498865977411818,2.573317422326662
-0.14788976,2.499802578329189,2.573317422326662
-0.1475724,2.499802578329189,2.572381644736488
-0.14725504,2.499802578329189,2.572381644736488
-0.14693768,2.50073917924656,2.571445867146314
-0.14662032,2.50073917924656,2.569574311965965
-0.14630296,2.499802578329189,2.568638534375791
-0.1459856,2.50073917924656,2.567702756785617
-0.14566824,2.50073917924656,2.567702756785617
-0.14535088,2.501675780163931,2.566766979195442
-0.14503352,2.501675780163931,2.565831201605268
-0.14471616,2.501675780163931,2.564895424015094
-0.1443988,2.501675780163931,2.563959646424919
-0.14408144,2.501675780163931,2.563023868834746
-0.14376408,2.502612381081303,2.562088091244571
-0.14344672,2.502612381081303,2.561152313654397
-0.14312936,2.502612381081303,2.560216536064223
-0.142812,2.504485582916045,2.559280758474048
-0.14249464,2.504485582916045,2.559280758474048
-0.14217728,2.504485582916045,2.558344980883875
-0.14185992,2.505422183833416,2.556473425703525
-0.14154256,2.505422183833416,2.556473425703525
-0.1412252,2.505422183833416,2.555537648113352
-0.14090784,2.504485582916045,2.554601870523177
-0.14059048,2.505422183833416,2.554601870523177
-0.14027312,2.505422183833416,2.553666092933003
-0.13995576,2.506358784750787,2.552730315342829
-0.1396384,2.506358784750787,2.551794537752654
-0.13932104,2.507295385668158,2.55085876016248
-0.13900368,2.507295385668158,2.55085876016248
-0.13868632,2.508231986585529,2.55085876016248
-0.13836896,2.508231986585529,2.549922982572306
-0.1380516,2.507295385668158,2.548987204982132
-0.13773424,2.5091685875029,2.548051427391957
-0.13741688,2.508231986585529,2.547115649801783
-0.13709952,2.508231986585529,2.546179872211609
-0.13678216,2.5091685875029,2.545244094621435
-0.1364648,2.508231986585529,2.545244094621435
-0.13614744,2.510105188420271,2.545244094621435
-0.13583008,2.510105188420271,2.544308317031261
-0.13551272,2.510105188420271,2.543372539441086
-0.13519536,2.510105188420271,2.543372539441086
-0.134878,2.511041789337642,2.542436761850912
-0.13456064,2.511041789337642,2.541500984260738
-0.13424328,2.511041789337642,2.540565206670563
-0.13392592,2.511978390255013,2.539629429080389
-0.13360856,2.511978390255013,2.538693651490215
-0.1332912,2.511978390255013,2.53775787390004
-0.13297384,2.512914991172384,2.53775787390004
-0.13265648,2.511978390255013,2.535886318719692
-0.13233912,2.511978390255013,2.535886318719692
-0.13202176,2.511978390255013,2.535886318719692
-0.1317044,2.512914991172384,2.534950541129517
-0.13138704,2.512914991172384,2.533078985949169
-0.13106968,2.512914991172384,2.533078985949169
-0.13075232,2.513851592089755,2.532143208358995
-0.13043496,2.513851592089755,2.532143208358995
-0.1301176,2.513851592089755,2.531207430768821
-0.12980024,2.513851592089755,2.531207430768821
-0.12948288,2.513851592089755,2.530271653178646
-0.12916552,2.513851592089755,2.529335875588473
-0.12884816,2.513851592089755,2.530271653178646
-0.1285308,2.513851592089755,2.529335875588473
-0.12821344,2.513851592089755,2.528400097998298
-0.12789608,2.513851592089755,2.527464320408124
-0.12757872,2.514788193007127,2.527464320408124
-0.12726136,2.514788193007127,2.527464320408124
-0.126944,2.514788193007127,2.52652854281795
-0.12662664,2.514788193007127,2.52652854281795
-0.12630928,2.514788193007127,2.524656987637601
-0.12599192,2.515724793924498,2.524656987637601
-0.12567456,2.515724793924498,2.523721210047427
-0.1253572,2.515724793924498,2.523721210047427
-0.12503984,2.515724793924498,2.522785432457253
-0.12472248,2.515724793924498,2.522785432457253
-0.12440512,2.514788193007127,2.521849654867078
-0.12408776,2.515724793924498,2.521849654867078
-0.1237704,2.515724793924498,2.520913877276904
-0.12345304,2.515724793924498,2.520913877276904
-0.12313568,2.515724793924498,2.51997809968673
-0.12281832,2.515724793924498,2.51997809968673
-0.12250096,2.516661394841869,2.51997809968673
-0.1221836,2.516661394841869,2.51997809968673
-0.12186624,2.516661394841869,2.519042322096555
-0.12154888,2.51759799575924,2.519042322096555
-0.12123152,2.516661394841869,2.518106544506382
-0.12091416,2.516661394841869,2.517170766916207
-0.1205968,2.516661394841869,2.516234989326033
-0.12027944,2.516661394841869,2.516234989326033
-0.11996208,2.51759799575924,2.516234989326033
-0.11964472,2.516661394841869,2.516234989326033
-0.11932736,2.516661394841869,2.516234989326033
-0.11901,2.516661394841869,2.515299211735859
-0.11869264,2.516661394841869,2.514363434145684
-0.11837528,2.51759799575924,2.514363434145684
-0.11805792,2.516661394841869,2.51342765655551
-0.11774056,2.516661394841869,2.514363434145684
-0.1174232,2.516661394841869,2.51342765655551
-0.11710584,2.51759799575924,2.51342765655551
-0.11678848,2.51759799575924,2.51342765655551
-0.11647112,2.518534596676611,2.514363434145684
-0.11615376,2.51759799575924,2.51342765655551
-0.1158364,2.51759799575924,2.512491878965336
-0.11551904,2.51759799575924,2.511556101375161
-0.11520168,2.518534596676611,2.511556101375161
-0.11488432,2.51759799575924,2.510620323784988
-0.11456696,2.51759799575924,2.510620323784988
-0.1142496,2.51759799575924,2.509684546194813
-0.11393224,2.51759799575924,2.509684546194813
-0.11361488,2.516661394841869,2.508748768604639
-0.11329752,2.516661394841869,2.509684546194813
-0.11298016,2.516661394841869,2.508748768604639
-0.1126628,2.516661394841869,2.508748768604639
-0.11234544,2.516661394841869,2.507812991014465
-0.11202808,2.51759799575924,2.507812991014465
-0.11171072,2.51759799575924,2.507812991014465
-0.11139336,2.518534596676611,2.507812991014465
-0.111076,2.51759799575924,2.507812991014465
-0.11075864,2.51759799575924,2.507812991014465
-0.11044128,2.516661394841869,2.507812991014465
-0.11012392,2.516661394841869,2.507812991014465
-0.10980656,2.515724793924498,2.50687721342429
-0.1094892,2.516661394841869,2.50687721342429
-0.10917184,2.516661394841869,2.50687721342429
-0.10885448,2.51759799575924,2.50687721342429
-0.10853712,2.516661394841869,2.50687721342429
-0.10821976,2.516661394841869,2.50687721342429
-0.1079024,2.516661394841869,2.505941435834116
-0.10758504,2.515724793924498,2.50687721342429
-0.10726768,2.51759799575924,2.50687721342429
-0.10695032,2.516661394841869,2.505941435834116
-0.10663296,2.51759799575924,2.505941435834116
-0.1063156,2.516661394841869,2.505941435834116
-0.10599824,2.51759799575924,2.505941435834116
-0.10568088,2.51759799575924,2.505941435834116
-0.10536352,2.51759799575924,2.505941435834116
-0.10504616,2.51759799575924,2.505941435834116
-0.1047288,2.51759799575924,2.505941435834116
-0.10441144,2.51759799575924,2.505941435834116
-0.10409408,2.516661394841869,2.505941435834116
-0.10377672,2.516661394841869,2.505005658243942
-0.10345936,2.516661394841869,2.505005658243942
-0.103142,2.515724793924498,2.504069880653768
-0.10282464,2.515724793924498,2.504069880653768
-0.10250728,2.514788193007127,2.503134103063593
-0.10218992,2.514788193007127,2.504069880653768
-0.10187256,2.514788193007127,2.504069880653768
-0.1015552,2.513851592089755,2.504069880653768
-0.10123784,2.514788193007127,2.504069880653768
-0.10092048,2.515724793924498,2.505005658243942
-0.10060312,2.515724793924498,2.505005658243942
-0.10028576,2.514788193007127,2.505005658243942
-0.0999684,2.515724793924498,2.505005658243942
-0.09965104,2.514788193007127,2.505005658243942
-0.09933367999999999,2.514788193007127,2.504069880653768
-0.09901631999999999,2.514788193007127,2.505005658243942
-0.09869896,2.514788193007127,2.505005658243942
-0.0983816,2.514788193007127,2.505941435834116
-0.09806424,2.514788193007127,2.505941435834116
-0.09774687999999999,2.514788193007127,2.505941435834116
-0.09742951999999999,2.514788193007127,2.505941435834116
-0.09711215999999999,2.514788193007127,2.50687721342429
-0.0967948,2.514788193007127,2.505941435834116
-0.09647744,2.514788193007127,2.50687721342429
-0.09616008,2.514788193007127,2.505941435834116
-0.09584271999999999,2.514788193007127,2.505941435834116
-0.09552535999999999,2.514788193007127,2.505941435834116
-0.095208,2.513851592089755,2.50687721342429
-0.09489064,2.514788193007127,2.50687721342429
-0.09457328,2.514788193007127,2.50687721342429
-0.09425591999999999,2.514788193007127,2.50687721342429
-0.09393855999999999,2.513851592089755,2.507812991014465
-0.0936212,2.513851592089755,2.507812991014465
-0.09330384,2.513851592089755,2.507812991014465
-0.09298648,2.513851592089755,2.507812991014465
-0.09266911999999999,2.512914991172384,2.507812991014465
-0.09235175999999999,2.512914991172384,2.50687721342429
-0.0920344,2.512914991172384,2.507812991014465
-0.09171704,2.512914991172384,2.507812991014465
-0.09139968,2.513851592089755,2.507812991014465
-0.09108231999999999,2.512914991172384,2.507812991014465
-0.09076495999999999,2.512914991172384,2.508748768604639
-0.09044759999999999,2.513851592089755,2.509684546194813
-0.09013024,2.512914991172384,2.509684546194813
-0.08981288,2.512914991172384,2.508748768604639
-0.08949552,2.512914991172384,2.509684546194813
-0.08917815999999999,2.511978390255013,2.509684546194813
-0.08886079999999999,2.511978390255013,2.509684546194813
-0.08854344,2.511978390255013,2.509684546194813
-0.08822608,2.512914991172384,2.510620323784988
-0.08790872,2.511041789337642,2.510620323784988
-0.08759135999999999,2.511041789337642,2.511556101375161
-0.08727399999999999,2.511041789337642,2.509684546194813
-0.08695664,2.511041789337642,2.510620323784988
-0.08663928,2.511041789337642,2.510620323784988
-0.08632192,2.511041789337642,2.510620323784988
-0.08600455999999999,2.510105188420271,2.510620323784988
-0.08568719999999999,2.511041789337642,2.510620323784988
-0.08536984,2.511041789337642,2.511556101375161
-0.08505248,2.511978390255013,2.512491878965336
-0.08473512,2.511041789337642,2.512491878965336
-0.08441775999999999,2.511041789337642,2.51342765655551
-0.08410039999999999,2.511041789337642,2.51342765655551
-0.08378303999999999,2.511041789337642,2.51342765655551
-0.08346568,2.511041789337642,2.51342765655551
-0.08314832,2.511041789337642,2.514363434145684
-0.08283096,2.510105188420271,2.514363434145684
-0.08251359999999999,2.510105188420271,2.51342765655551
-0.08219623999999999,2.510105188420271,2.514363434145684
-0.08187888,2.510105188420271,2.515299211735859
-0.08156152,2.510105188420271,2.515299211735859
-0.08124416,2.510105188420271,2.515299211735859
-0.08092679999999999,2.510105188420271,2.515299211735859
-0.08060943999999999,2.5091685875029,2.515299211735859
-0.08029208,2.5091685875029,2.516234989326033
-0.07997472,2.5091685875029,2.517170766916207
-0.07965736,2.5091685875029,2.517170766916207
-0.07933999999999999,2.508231986585529,2.517170766916207
-0.07902263999999999,2.508231986585529,2.518106544506382
-0.07870528,2.508231986585529,2.518106544506382
-0.07838792,2.5091685875029,2.519042322096555
-0.07807056,2.508231986585529,2.519042322096555
-0.07775319999999999,2.508231986585529,2.519042322096555
-0.07743583999999999,2.507295385668158,2.519042322096555
-0.07711848,2.507295385668158,2.520913877276904
-0.07680112,2.506358784750787,2.51997809968673
-0.07648376,2.506358784750787,2.520913877276904
-0.0761664,2.506358784750787,2.520913877276904
-0.07584903999999999,2.506358784750787,2.521849654867078
-0.07553167999999999,2.506358784750787,2.521849654867078
-0.07521432,2.505422183833416,2.521849654867078
-0.07489696,2.505422183833416,2.522785432457253
-0.0745796,2.505422183833416,2.521849654867078
-0.07426223999999999,2.505422183833416,2.521849654867078
-0.07394487999999999,2.505422183833416,2.522785432457253
-0.07362752,2.504485582916045,2.523721210047427
-0.07331016,2.503548981998673,2.523721210047427
-0.0729928,2.504485582916045,2.523721210047427
-0.07267543999999999,2.503548981998673,2.523721210047427
-0.07235807999999999,2.503548981998673,2.524656987637601
-0.07204072,2.502612381081303,2.524656987637601
-0.07172336,2.502612381081303,2.524656987637601
-0.071406,2.502612381081303,2.525592765227775
-0.07108863999999999,2.502612381081303,2.52652854281795
-0.07077127999999999,2.501675780163931,2.52652854281795
-0.07045392,2.501675780163931,2.527464320408124
-0.07013656,2.501675780163931,2.528400097998298
-0.0698192,2.50073917924656,2.528400097998298
-0.06950184,2.50073917924656,2.529335875588473
-0.06918447999999999,2.499802578329189,2.529335875588473
-0.06886711999999999,2.499802578329189,2.529335875588473
-0.06854976,2.499802578329189,2.530271653178646
-0.0682324,2.499802578329189,2.530271653178646
-0.06791504,2.498865977411818,2.531207430768821
-0.06759767999999999,2.498865977411818,2.531207430768821
-0.06728031999999999,2.498865977411818,2.531207430768821
-0.06696296,2.497929376494447,2.531207430768821
-0.0666456,2.497929376494447,2.532143208358995
-0.06632824,2.497929376494447,2.533078985949169
-0.06601087999999999,2.496992775577076,2.533078985949169
-0.06569351999999999,2.496992775577076,2.534014763539344
-0.06537616,2.495119573742334,2.534014763539344
-0.0650588,2.496056174659705,2.534014763539344
-0.06474144,2.496056174659705,2.534014763539344
-0.06442407999999999,2.495119573742334,2.534950541129517
-0.06410671999999999,2.495119573742334,2.534950541129517
-0.06378936,2.494182972824963,2.535886318719692
-0.063472,2.494182972824963,2.536822096309867
-0.06315464,2.494182972824963,2.536822096309867
-0.06283728,2.493246371907591,2.536822096309867
-0.06251991999999999,2.493246371907591,2.53775787390004
-0.06220256,2.493246371907591,2.538693651490215
-0.06188519999999999,2.493246371907591,2.538693651490215
-0.06156784,2.492309770990221,2.53775787390004
-0.06125048,2.492309770990221,2.538693651490215
-0.06093312,2.491373170072849,2.539629429080389
-0.06061576,2.490436569155478,2.539629429080389
-0.0602984,2.490436569155478,2.541500984260738
-0.05998104,2.489499968238107,2.541500984260738
-0.05966368,2.489499968238107,2.541500984260738
-0.05934631999999999,2.488563367320736,2.541500984260738
-0.05902896,2.488563367320736,2.542436761850912
-0.0587116,2.488563367320736,2.542436761850912
-0.05839424,2.488563367320736,2.542436761850912
-0.05807688,2.487626766403365,2.543372539441086
-0.05775951999999999,2.486690165485994,2.542436761850912
-0.05744216,2.485753564568623,2.543372539441086
-0.0571248,2.485753564568623,2.543372539441086
-0.05680744,2.485753564568623,2.543372539441086
-0.05649008,2.484816963651252,2.543372539441086
-0.05617272,2.484816963651252,2.544308317031261
-0.05585536,2.484816963651252,2.545244094621435
-0.055538,2.484816963651252,2.545244094621435
-0.05522063999999999,2.484816963651252,2.545244094621435
-0.05490328,2.483880362733881,2.547115649801783
-0.05458592,2.482007160899139,2.547115649801783
-0.05426856,2.482007160899139,2.548051427391957
-0.0539512,2.482007160899139,2.548051427391957
-0.05363384,2.482007160899139,2.548987204982132
-0.05331648,2.481070559981768,2.548987204982132
-0.05299912,2.480133959064396,2.548051427391957
-0.05268175999999999,2.480133959064396,2.549922982572306
-0.0523644,2.479197358147025,2.548987204982132
-0.05204704,2.479197358147025,2.549922982572306
-0.05172968,2.479197358147025,2.549922982572306
-0.05141232,2.478260757229654,2.55085876016248
-0.05109495999999999,2.477324156312283,2.55085876016248
-0.0507776,2.477324156312283,2.551794537752654
-0.05046024,2.477324156312283,2.551794537752654
-0.05014288,2.476387555394912,2.551794537752654
-0.04982552,2.475450954477541,2.551794537752654
-0.04950816,2.475450954477541,2.552730315342829
-0.0491908,2.475450954477541,2.553666092933003
-0.04887344,2.47451435356017,2.552730315342829
-0.04855607999999999,2.473577752642799,2.552730315342829
-0.04823872,2.473577752642799,2.552730315342829
-0.04792136,2.473577752642799,2.553666092933003
-0.047604,2.472641151725428,2.553666092933003
-0.04728664,2.471704550808057,2.553666092933003
-0.04696928,2.471704550808057,2.554601870523177
-0.04665192,2.471704550808057,2.554601870523177
-0.04633456,2.470767949890686,2.554601870523177
-0.0460172,2.469831348973314,2.554601870523177
-0.04569984,2.469831348973314,2.555537648113352
-0.04538248,2.469831348973314,2.554601870523177
-0.04506512,2.467958147138572,2.555537648113352
-0.04474776,2.467958147138572,2.555537648113352
-0.04443039999999999,2.467958147138572,2.555537648113352
-0.04411304,2.467958147138572,2.556473425703525
-0.04379568,2.46608494530383,2.556473425703525
-0.04347832,2.46608494530383,2.556473425703525
-0.04316096,2.465148344386459,2.556473425703525
-0.0428436,2.465148344386459,2.5574092032937
-0.04252624,2.465148344386459,2.558344980883875
-0.04220888,2.464211743469088,2.558344980883875
-0.04189151999999999,2.464211743469088,2.558344980883875
-0.04157416,2.463275142551717,2.5574092032937
-0.0412568,2.463275142551717,2.5574092032937
-0.04093944,2.463275142551717,2.5574092032937
-0.04062208,2.462338541634346,2.5574092032937
-0.04030472,2.462338541634346,2.558344980883875
-0.03998736,2.462338541634346,2.558344980883875
-0.03967,2.461401940716975,2.558344980883875
-0.03935264,2.461401940716975,2.558344980883875
-0.03903528,2.460465339799604,2.559280758474048
-0.03871792,2.458592137964862,2.559280758474048
-0.03840056,2.458592137964862,2.559280758474048
-0.0380832,2.458592137964862,2.558344980883875
-0.03776583999999999,2.45765553704749,2.559280758474048
-0.03744848,2.45765553704749,2.559280758474048
-0.03713112,2.45671893613012,2.558344980883875
-0.03681376,2.455782335212748,2.558344980883875
-0.0364964,2.455782335212748,2.558344980883875
-0.03617904,2.455782335212748,2.559280758474048
-0.03586168,2.454845734295377,2.558344980883875
-0.03554432,2.453909133378006,2.559280758474048
-0.03522696,2.453909133378006,2.558344980883875
-0.0349096,2.452972532460635,2.558344980883875
-0.03459224,2.452972532460635,2.558344980883875
-0.03427488,2.452972532460635,2.5574092032937
-0.03395752,2.452035931543264,2.5574092032937
-0.03364016,2.452972532460635,2.5574092032937
-0.0333228,2.451099330625893,2.5574092032937
-0.03300544,2.451099330625893,2.5574092032937
-0.03268808,2.451099330625893,2.558344980883875
-0.03237072,2.451099330625893,2.5574092032937
-0.03205336,2.450162729708522,2.5574092032937
-0.031736,2.450162729708522,2.5574092032937
-0.03141864,2.44828952787378,2.5574092032937
-0.03110128,2.449226128791151,2.556473425703525
-0.03078392,2.44828952787378,2.5574092032937
-0.03046656,2.447352926956408,2.556473425703525
-0.0301492,2.447352926956408,2.556473425703525
-0.02983184,2.446416326039038,2.556473425703525
-0.02951448,2.446416326039038,2.556473425703525
-0.02919712,2.446416326039038,2.556473425703525
-0.02887976,2.446416326039038,2.556473425703525
-0.0285624,2.445479725121666,2.555537648113352
-0.02824504,2.445479725121666,2.555537648113352
-0.02792768,2.445479725121666,2.556473425703525
-0.02761032,2.444543124204295,2.554601870523177
-0.02729296,2.443606523286924,2.554601870523177
-0.0269756,2.443606523286924,2.553666092933003
-0.02665824,2.443606523286924,2.554601870523177
-0.02634088,2.442669922369553,2.553666092933003
-0.02602352,2.442669922369553,2.554601870523177
-0.02570616,2.442669922369553,2.553666092933003
-0.0253888,2.442669922369553,2.553666092933003
-0.02507144,2.441733321452182,2.552730315342829
-0.02475408,2.441733321452182,2.552730315342829
-0.02443672,2.440796720534811,2.552730315342829
-0.02411936,2.440796720534811,2.552730315342829
-0.023802,2.440796720534811,2.551794537752654
-0.02348464,2.43986011961744,2.551794537752654
-0.02316728,2.438923518700069,2.55085876016248
-0.02284992,2.438923518700069,2.55085876016248
-0.02253256,2.438923518700069,2.551794537752654
-0.0222152,2.438923518700069,2.551794537752654
-0.02189784,2.437986917782698,2.549922982572306
-0.02158048,2.437050316865327,2.549922982572306
-0.02126312,2.437050316865327,2.549922982572306
-0.02094576,2.437050316865327,2.549922982572306
-0.0206284,2.436113715947956,2.548987204982132
-0.02031104,2.436113715947956,2.548987204982132
-0.01999368,2.436113715947956,2.548987204982132
-0.01967632,2.435177115030585,2.548987204982132
-0.01935896,2.434240514113213,2.548051427391957
-0.0190416,2.432367312278471,2.548051427391957
-0.01872424,2.432367312278471,2.548051427391957
-0.01840688,2.430494110443729,2.548051427391957
-0.01808952,2.429557509526358,2.547115649801783
-0.01777216,2.429557509526358,2.548051427391957
-0.0174548,2.428620908608987,2.546179872211609
-0.01713744,2.425811105856874,2.546179872211609
-0.01682008,2.423937904022131,2.545244094621435
-0.01650272,2.422064702187389,2.544308317031261
-0.01618536,2.419254899435276,2.543372539441086
-0.015868,2.417381697600534,2.542436761850912
-0.01555064,2.414571894848421,2.542436761850912
-0.01523328,2.412698693013679,2.540565206670563
-0.01491592,2.410825491178937,2.539629429080389
-0.01459856,2.408952289344194,2.538693651490215
-0.0142812,2.406142486592081,2.53775787390004
-0.01396384,2.404269284757339,2.535886318719692
-0.01364648,2.402396082922597,2.534950541129517
-0.01332912,2.399586280170483,2.534014763539344
-0.01301176,2.397713078335741,2.531207430768821
-0.0126944,2.395839876500999,2.530271653178646
-0.01237704,2.392093472831515,2.528400097998298
-0.01205968,2.391156871914144,2.52652854281795
-0.01174232,2.389283670079402,2.525592765227775
-0.01142496,2.38741046824466,2.522785432457253
-0.0111076,2.385537266409917,2.521849654867078
-0.01079024,2.382727463657804,2.519042322096555
-0.01047288,2.381790862740433,2.517170766916207
-0.01015552,2.379917660905691,2.515299211735859
-0.00983816,2.377107858153578,2.51342765655551
-0.009520799999999999,2.375234656318836,2.511556101375161
-0.00920344,2.374298055401464,2.508748768604639
-0.008886079999999999,2.373361454484093,2.505941435834116
-0.00856872,2.372424853566722,2.504069880653768
-0.008251359999999999,2.371488252649351,2.501262547883245
-0.007934,2.37055165173198,2.499390992702897
-0.00761664,2.368678449897238,2.496583659932374
-0.00729928,2.368678449897238,2.492840549571676
-0.00698192,2.367741848979867,2.490033216801153
-0.00666456,2.366805248062496,2.488161661620805
-0.0063472,2.366805248062496,2.486290106440457
-0.00602984,2.365868647145124,2.48254699607976
-0.00571248,2.365868647145124,2.480675440899411
-0.00539512,2.365868647145124,2.477868108128889
-0.00507776,2.366805248062496,2.47599655294854
-0.0047604,2.366805248062496,2.473189220178018
-0.00444304,2.366805248062496,2.470381887407495
-0.00412568,2.365868647145124,2.466638777046797
-0.00380832,2.365868647145124,2.464767221866449
-0.00349096,2.367741848979867,2.462895666686101
-0.0031736,2.367741848979867,2.460088333915578
-0.00285624,2.367741848979867,2.458216778735229
-0.00253888,2.368678449897238,2.455409445964706
-0.00222152,2.369615050814609,2.452602113194184
-0.00190416,2.37055165173198,2.450730558013835
-0.0015868,2.371488252649351,2.447923225243312
-0.00126944,2.372424853566722,2.446051670062964
-0.00095208,2.373361454484093,2.444180114882616
-0.00063472,2.373361454484093,2.440437004521918
-0.00031736,2.375234656318836,2.439501226931744
0,2.376171257236206,2.435758116571047
0.00031736,2.377107858153578,2.432950783800525
0.00063472,2.37898105998832,2.430143451030002
0.00095208,2.379917660905691,2.428271895849654
0.00126944,2.381790862740433,2.425464563079131
0.0015868,2.381790862740433,2.422657230308608
0.00190416,2.383664064575175,2.418914119947911
0.00222152,2.384600665492546,2.416106787177388
0.00253888,2.386473867327288,2.41423523199704
0.00285624,2.38834706916203,2.411427899226517
0.0031736,2.390220270996773,2.408620566455994
0.00349096,2.392093472831515,2.405813233685471
0.00380832,2.393966674666257,2.403941678505123
0.00412568,2.39677647741837,2.4011343457346
0.00444304,2.397713078335741,2.398327012964077
0.0047604,2.399586280170483,2.395519680193554
0.00507776,2.402396082922597,2.393648125013206
0.00539512,2.404269284757339,2.390840792242683
0.00571248,2.407079087509452,2.388033459472161
0.00602984,2.408952289344194,2.386161904291812
0.0063472,2.411762092096307,2.382418793931115
0.00666456,2.414571894848421,2.380547238750767
0.00698192,2.417381697600534,2.378675683570418
0.00729928,2.420191500352647,2.375868350799895
0.00761664,2.422064702187389,2.373061018029373
0.007934,2.424874504939503,2.371189462849024
0.008251359999999999,2.427684307691616,2.369317907668676
0.00856872,2.4314307113611,2.368382130078501
0.008886079999999999,2.434240514113213,2.365574797307978
0.00920344,2.437050316865327,2.364639019717804
0.009520799999999999,2.438923518700069,2.362767464537455
0.00983816,2.442669922369553,2.360895909357107
0.01015552,2.445479725121666,2.360895909357107
0.01047288,2.44828952787378,2.359024354176759
0.01079024,2.451099330625893,2.358088576586584
0.0111076,2.453909133378006,2.357152798996411
0.01142496,2.45765553704749,2.355281243816061
0.01174232,2.459528738882233,2.354345466225888
0.01205968,2.462338541634346,2.354345466225888
0.01237704,2.46608494530383,2.353409688635713
0.0126944,2.468894748055944,2.352473911045539
0.01301176,2.471704550808057,2.351538133455365
0.01332912,2.473577752642799,2.35060235586519
0.01364648,2.477324156312283,2.351538133455365
0.01396384,2.479197358147025,2.35060235586519
0.0142812,2.48294376181651,2.349666578275016
0.01459856,2.485753564568623,2.35060235586519
0.01491592,2.488563367320736,2.349666578275016
0.01523328,2.492309770990221,2.35060235586519
0.01555064,2.494182972824963,2.35060235586519
0.015868,2.497929376494447,2.35060235586519
0.01618536,2.499802578329189,2.351538133455365
0.01650272,2.502612381081303,2.35060235586519
0.01682008,2.503548981998673,2.35060235586519
0.01713744,2.506358784750787,2.351538133455365
0.0174548,2.5091685875029,2.351538133455365
0.01777216,2.511978390255013,2.352473911045539
0.01808952,2.514788193007127,2.352473911045539
0.01840688,2.51759799575924,2.353409688635713
0.01872424,2.520407798511353,2.353409688635713
0.0190416,2.522281000346095,2.355281243816061
0.01935896,2.524154202180837,2.356217021406236
0.01967632,2.52696400493295,2.357152798996411
0.01999368,2.529773807685064,2.357152798996411
0.02031104,2.531647009519806,2.358088576586584
0.0206284,2.533520211354548,2.359024354176759
0.02094576,2.537266615024032,2.359960131766933
0.02126312,2.539139816858774,2.360895909357107
0.02158048,2.541013018693517,2.362767464537455
0.02189784,2.541949619610888,2.36370324212763
0.0222152,2.54382282144563,2.365574797307978
0.02253256,2.546632624197743,2.366510574898153
0.02284992,2.549442426949856,2.367446352488327
0.02316728,2.550379027867228,2.368382130078501
0.02348464,2.551315628784599,2.37025368525885
0.023802,2.554125431536712,2.371189462849024
0.02411936,2.555998633371454,2.372125240439198
0.02443672,2.557871835206196,2.373996795619547
0.02475408,2.558808436123567,2.375868350799895
0.02507144,2.560681637958309,2.376804128390069
0.0253888,2.562554839793052,2.378675683570418
0.02570616,2.564428041627794,2.380547238750767
0.02602352,2.566301243462536,2.382418793931115
0.02634088,2.568174445297278,2.384290349111463
0.02665824,2.569111046214649,2.386161904291812
0.0269756,2.570984248049391,2.387097681881986
0.02729296,2.572857449884133,2.389905014652509
0.02761032,2.573794050801505,2.390840792242683
0.02792768,2.574730651718875,2.393648125013206
0.02824504,2.575667252636247,2.395519680193554
0.0285624,2.576603853553618,2.397391235373903
0.02887976,2.57847705538836,2.399262790554252
0.02919712,2.579413656305731,2.4011343457346
0.02951448,2.580350257223102,2.403005900914948
0.02983184,2.581286858140473,2.404877456095297
0.0301492,2.582223459057844,2.406749011275646
0.03046656,2.584096660892587,2.409556344046169
0.03078392,2.585033261809957,2.411427899226517
0.03110128,2.584096660892587,2.413299454406865
0.03141864,2.585969862727329,2.415171009587214
0.031736,2.587843064562071,2.417042564767562
0.03205336,2.587843064562071,2.418914119947911
0.03237072,2.587843064562071,2.420785675128259
0.03268808,2.588779665479442,2.422657230308608
0.03300544,2.589716266396813,2.424528785488956
0.0333228,2.589716266396813,2.426400340669304
0.03364016,2.590652867314184,2.428271895849654
0.03395752,2.591589468231555,2.431079228620176
0.03427488,2.591589468231555,2.43201500621035
0.03459224,2.592526069148926,2.433886561390699
0.0349096,2.591589468231555,2.436693894161222
0.03522696,2.592526069148926,2.43856544934157
0.03554432,2.593462670066297,2.440437004521918
0.03586168,2.592526069148926,2.443244337292441
0.03617904,2.591589468231555,2.444180114882616
0.0364964,2.592526069148926,2.446987447653139
0.03681376,2.593462670066297,2.447923225243312
0.03713112,2.593462670066297,2.449794780423661
0.03744848,2.592526069148926,2.45166633560401
0.03776583999999999,2.592526069148926,2.452602113194184
0.0380832,2.593462670066297,2.454473668374533
0.03840056,2.593462670066297,2.456345223554881
0.03871792,2.594399270983669,2.457281001145055
0.03903528,2.593462670066297,2.459152556325404
0.03935264,2.593462670066297,2.461024111505752
0.03967,2.591589468231555,2.461959889095926
0.03998736,2.592526069148926,2.462895666686101
0.04030472,2.592526069148926,2.464767221866449
0.04062208,2.592526069148926,2.466638777046797
0.04093944,2.591589468231555,2.468510332227146
0.0412568,2.591589468231555,2.46944610981732
0.04157416,2.590652867314184,2.470381887407495
0.04189151999999999,2.591589468231555,2.473189220178018
0.04220888,2.590652867314184,2.474124997768191
0.04252624,2.590652867314184,2.475060775358366
0.0428436,2.590652867314184,2.47599655294854
0.04316096,2.590652867314184,2.476932330538714
0.04347832,2.590652867314184,2.478803885719063
0.04379568,2.590652867314184,2.479739663309237
0.04411304,2.589716266396813,2.481611218489586
0.04443039999999999,2.589716266396813,2.48254699607976
0.04474776,2.588779665479442,2.484418551260108
0.04506512,2.587843064562071,2.485354328850282
0.04538248,2.588779665479442,2.486290106440457
0.04569984,2.588779665479442,2.487225884030631
0.0460172,2.588779665479442,2.48909743921098
0.04633456,2.588779665479442,2.490033216801153
0.04665192,2.587843064562071,2.490968994391328
0.04696928,2.587843064562071,2.491904771981503
0.04728664,2.5869064636447,2.491904771981503
0.047604,2.587843064562071,2.493776327161851
0.04792136,2.5869064636447,2.494712104752025
0.04823872,2.5869064636447,2.494712104752025
0.04855607999999999,2.585969862727329,2.494712104752025
0.04887344,2.585033261809957,2.495647882342199
0.0491908,2.585033261809957,2.497519437522548
0.04950816,2.585033261809957,2.498455215112722
0.04982552,2.585033261809957,2.498455215112722
0.05014288,2.585033261809957,2.499390992702897
0.05046024,2.585969862727329,2.50032677029307
0.0507776,2.585033261809957,2.501262547883245
0.05109495999999999,2.585033261809957,2.502198325473419
0.05141232,2.585033261809957,2.503134103063593
0.05172968,2.5869064636447,2.505005658243942
0.05204704,2.585969862727329,2.505941435834116
0.0523644,2.587843064562071,2.50687721342429
0.05268175999999999,2.5869064636447,2.507812991014465
0.05299912,2.5869064636447,2.508748768604639
0.05331648,2.587843064562071,2.509684546194813
0.05363384,2.587843064562071,2.511556101375161
0.0539512,2.587843064562071,2.511556101375161
0.05426856,2.587843064562071,2.51342765655551
0.05458592,2.588779665479442,2.514363434145684
0.05490328,2.588779665479442,2.515299211735859
0.05522063999999999,2.588779665479442,2.517170766916207
0.055538,2.588779665479442,2.518106544506382
0.05585536,2.588779665479442,2.519042322096555
0.05617272,2.587843064562071,2.51997809968673
0.05649008,2.588779665479442,2.521849654867078
0.05680744,2.588779665479442,2.522785432457253
0.0571248,2.587843064562071,2.522785432457253
0.05744216,2.587843064562071,2.524656987637601
0.05775951999999999,2.587843064562071,2.525592765227775
0.05807688,2.587843064562071,2.52652854281795
0.05839424,2.5869064636447,2.527464320408124
0.0587116,2.587843064562071,2.529335875588473
0.05902896,2.585969862727329,2.528400097998298
0.05934631999999999,2.585969862727329,2.529335875588473
0.05966368,2.585969862727329,2.530271653178646
0.05998104,2.585033261809957,2.530271653178646
0.0602984,2.585033261809957,2.531207430768821
0.06061576,2.585033261809957,2.532143208358995
0.06093312,2.583160059975215,2.531207430768821
0.06125048,2.584096660892587,2.532143208358995
0.06156784,2.583160059975215,2.532143208358995
0.06188519999999999,2.582223459057844,2.532143208358995
0.06220256,2.582223459057844,2.532143208358995
0.06251991999999999,2.580350257223102,2.532143208358995
0.06283728,2.580350257223102,2.533078985949169
0.06315464,2.579413656305731,2.532143208358995
0.063472,2.57847705538836,2.532143208358995
0.06378936,2.57847705538836,2.533078985949169
0.06410671999999999,2.577540454470989,2.532143208358995
0.06442407999999999,2.576603853553618,2.531207430768821
0.06474144,2.575667252636247,2.532143208358995
0.0650588,2.575667252636247,2.532143208358995
0.06537616,2.574730651718875,2.531207430768821
0.06569351999999999,2.572857449884133,2.530271653178646
0.06601087999999999,2.571920848966763,2.530271653178646
0.06632824,2.571920848966763,2.530271653178646
0.0666456,2.57004764713202,2.529335875588473
0.06696296,2.569111046214649,2.529335875588473
0.06728031999999999,2.568174445297278,2.528400097998298
0.06759767999999999,2.567237844379907,2.527464320408124
0.06791504,2.566301243462536,2.52652854281795
0.0682324,2.564428041627794,2.525592765227775
0.06854976,2.564428041627794,2.524656987637601
0.06886711999999999,2.561618238875681,2.524656987637601
0.06918447999999999,2.561618238875681,2.523721210047427
0.06950184,2.560681637958309,2.522785432457253
0.0698192,2.559745037040938,2.523721210047427
0.07013656,2.558808436123567,2.521849654867078
0.07045392,2.557871835206196,2.521849654867078
0.07077127999999999,2.556935234288825,2.520913877276904
0.07108863999999999,2.555062032454083,2.519042322096555
0.071406,2.554125431536712,2.519042322096555
0.07172336,2.553188830619341,2.517170766916207
0.07204072,2.551315628784599,2.516234989326033
0.07235807999999999,2.550379027867228,2.515299211735859
0.07267543999999999,2.549442426949856,2.515299211735859
0.0729928,2.548505826032486,2.514363434145684
0.07331016,2.545696023280372,2.51342765655551
0.07362752,2.54382282144563,2.512491878965336
0.07394487999999999,2.54382282144563,2.511556101375161
0.07426223999999999,2.541949619610888,2.510620323784988
0.0745796,2.540076417776146,2.508748768604639
0.07489696,2.538203215941404,2.508748768604639
0.07521432,2.537266615024032,2.507812991014465
0.07553167999999999,2.536330014106661,2.50687721342429
0.07584903999999999,2.53539341318929,2.505941435834116
0.0761664,2.532583610437177,2.505005658243942
0.07648376,2.531647009519806,2.504069880653768
0.07680112,2.530710408602435,2.503134103063593
0.07711848,2.528837206767693,2.503134103063593
0.07743583999999999,2.52696400493295,2.502198325473419
0.07775319999999999,2.526027404015579,2.50032677029307
0.07807056,2.524154202180837,2.499390992702897
0.07838792,2.523217601263466,2.498455215112722
0.07870528,2.521344399428724,2.498455215112722
0.07902263999999999,2.519471197593982,2.497519437522548
0.07933999999999999,2.51759799575924,2.495647882342199
0.07965736,2.516661394841869,2.495647882342199
0.07997472,2.515724793924498,2.494712104752025
0.08029208,2.515724793924498,2.493776327161851
0.08060943999999999,2.514788193007127,2.492840549571676
0.08092679999999999,2.512914991172384,2.492840549571676
0.08124416,2.511041789337642,2.492840549571676
0.08156152,2.510105188420271,2.492840549571676
0.08187888,2.5091685875029,2.491904771981503
0.08219623999999999,2.507295385668158,2.490968994391328
0.08251359999999999,2.506358784750787,2.490968994391328
0.08283096,2.503548981998673,2.48909743921098
0.08314832,2.501675780163931,2.48909743921098
0.08346568,2.501675780163931,2.48909743921098
0.08378303999999999,2.50073917924656,2.488161661620805
0.08410039999999999,2.50073917924656,2.487225884030631
0.08441775999999999,2.498865977411818,2.487225884030631
0.08473512,2.498865977411818,2.487225884030631
0.08505248,2.497929376494447,2.487225884030631
0.08536984,2.497929376494447,2.486290106440457
0.08568719999999999,2.496056174659705,2.486290106440457
0.08600455999999999,2.496056174659705,2.487225884030631
0.08632192,2.494182972824963,2.486290106440457
0.08663928,2.493246371907591,2.486290106440457
0.08695664,2.492309770990221,2.485354328850282
0.08727399999999999,2.491373170072849,2.485354328850282
0.08759135999999999,2.489499968238107,2.485354328850282
0.08790872,2.488563367320736,2.484418551260108
0.08822608,2.486690165485994,2.484418551260108
0.08854344,2.486690165485994,2.483482773669934
0.08886079999999999,2.485753564568623,2.484418551260108
0.08917815999999999,2.483880362733881,2.483482773669934
0.08949552,2.48294376181651,2.483482773669934
0.08981288,2.48294376181651,2.483482773669934
0.09013024,2.481070559981768,2.483482773669934
0.09044759999999999,2.480133959064396,2.483482773669934
0.09076495999999999,2.479197358147025,2.48254699607976
0.09108231999999999,2.478260757229654,2.48254699607976
0.09139968,2.477324156312283,2.48254699607976
0.09171704,2.477324156312283,2.483482773669934
0.0920344,2.476387555394912,2.483482773669934
0.09235175999999999,2.476387555394912,2.483482773669934
0.09266911999999999,2.475450954477541,2.483482773669934
0.09298648,2.47451435356017,2.483482773669934
0.09330384,2.475450954477541,2.483482773669934
0.0936212,2.47451435356017,2.484418551260108
0.09393855999999999,2.473577752642799,2.483482773669934
0.09425591999999999,2.472641151725428,2.483482773669934
0.09457328,2.472641151725428,2.483482773669934
0.09489064,2.472641151725428,2.483482773669934
0.095208,2.470767949890686,2.484418551260108
0.09552535999999999,2.471704550808057,2.484418551260108
0.09584271999999999,2.470767949890686,2.483482773669934
0.09616008,2.468894748055944,2.483482773669934
0.09647744,2.468894748055944,2.483482773669934
0.0967948,2.468894748055944,2.483482773669934
0.09711215999999999,2.468894748055944,2.483482773669934
0.09742951999999999,2.467958147138572,2.483482773669934
0.09774687999999999,2.467958147138572,2.483482773669934
0.09806424,2.467958147138572,2.484418551260108
0.0983816,2.467021546221202,2.484418551260108
0.09869896,2.46608494530383,2.484418551260108
0.09901631999999999,2.46608494530383,2.484418551260108
0.09933367999999999,2.46608494530383,2.484418551260108
0.09965104,2.465148344386459,2.484418551260108
0.0999684,2.46608494530383,2.485354328850282
0.10028576,2.465148344386459,2.485354328850282
0.10060312,2.464211743469088,2.485354328850282
0.10092048,2.464211743469088,2.484418551260108
0.10123784,2.463275142551717,2.485354328850282
0.1015552,2.464211743469088,2.486290106440457
0.10187256,2.464211743469088,2.486290106440457
0.10218992,2.464211743469088,2.486290106440457
0.10250728,2.464211743469088,2.486290106440457
0.10282464,2.463275142551717,2.485354328850282
0.103142,2.463275142551717,2.486290106440457
0.10345936,2.463275142551717,2.486290106440457
0.10377672,2.464211743469088,2.487225884030631
0.10409408,2.464211743469088,2.487225884030631
0.10441144,2.464211743469088,2.486290106440457
0.1047288,2.464211743469088,2.487225884030631
0.10504616,2.464211743469088,2.487225884030631
0.10536352,2.464211743469088,2.488161661620805
0.10568088,2.464211743469088,2.487225884030631
0.10599824,2.464211743469088,2.488161661620805
0.1063156,2.464211743469088,2.488161661620805
0.10663296,2.464211743469088,2.488161661620805
0.10695032,2.464211743469088,2.487225884030631
0.10726768,2.465148344386459,2.48909743921098
0.10758504,2.465148344386459,2.48909743921098
0.1079024,2.465148344386459,2.48909743921098
0.10821976,2.465148344386459,2.48909743921098
0.10853712,2.46608494530383,2.48909743921098
0.10885448,2.46608494530383,2.488161661620805
0.10917184,2.46608494530383,2.48909743921098
0.1094892,2.467021546221202,2.48909743921098
0.10980656,2.467021546221202,2.48909743921098
0.11012392,2.467958147138572,2.48909743921098
0.11044128,2.467958147138572,2.48909743921098
0.11075864,2.467958147138572,2.490033216801153
0.111076,2.468894748055944,2.490033216801153
0.11139336,2.468894748055944,2.490033216801153
0.11171072,2.469831348973314,2.490968994391328
0.11202808,2.469831348973314,2.490968994391328
0.11234544,2.470767949890686,2.490968994391328
0.1126628,2.470767949890686,2.490968994391328
0.11298016,2.470767949890686,2.490968994391328
0.11329752,2.470767949890686,2.491904771981503
0.11361488,2.471704550808057,2.491904771981503
0.11393224,2.472641151725428,2.491904771981503
0.1142496,2.471704550808057,2.491904771981503
0.11456696,2.472641151725428,2.491904771981503
0.11488432,2.473577752642799,2.491904771981503
0.11520168,2.473577752642799,2.492840549571676
0.11551904,2.473577752642799,2.492840549571676
0.1158364,2.473577752642799,2.492840549571676
0.11615376,2.47451435356017,2.493776327161851
0.11647112,2.47451435356017,2.494712104752025
0.11678848,2.475450954477541,2.493776327161851
0.11710584,2.475450954477541,2.494712104752025
0.1174232,2.476387555394912,2.494712104752025
0.11774056,2.476387555394912,2.495647882342199
0.11805792,2.476387555394912,2.495647882342199
0.11837528,2.475450954477541,2.495647882342199
0.11869264,2.476387555394912,2.496583659932374
0.11901,2.477324156312283,2.496583659932374
0.11932736,2.476387555394912,2.496583659932374
0.11964472,2.477324156312283,2.497519437522548
0.11996208,2.476387555394912,2.497519437522548
0.12027944,2.477324156312283,2.497519437522548
0.1205968,2.477324156312283,2.497519437522548
0.12091416,2.477324156312283,2.497519437522548
0.12123152,2.477324156312283,2.498455215112722
0.12154888,2.477324156312283,2.498455215112722
0.12186624,2.477324156312283,2.498455215112722
0.1221836,2.477324156312283,2.498455215112722
0.12250096,2.477324156312283,2.499390992702897
0.12281832,2.477324156312283,2.498455215112722
0.12313568,2.477324156312283,2.499390992702897
0.12345304,2.477324156312283,2.499390992702897
0.1237704,2.477324156312283,2.498455215112722
0.12408776,2.478260757229654,2.499390992702897
0.12440512,2.478260757229654,2.499390992702897
0.12472248,2.478260757229654,2.499390992702897
0.12503984,2.478260757229654,2.499390992702897
0.1253572,2.478260757229654,2.50032677029307
0.12567456,2.478260757229654,2.499390992702897
0.12599192,2.478260757229654,2.50032677029307
0.12630928,2.478260757229654,2.499390992702897
0.12662664,2.478260757229654,2.499390992702897
0.126944,2.479197358147025,2.50032677029307
0.12726136,2.478260757229654,2.50032677029307
0.12757872,2.477324156312283,2.50032677029307
0.12789608,2.478260757229654,2.50032677029307
0.12821344,2.478260757229654,2.50032677029307
0.1285308,2.477324156312283,2.50032677029307
0.12884816,2.477324156312283,2.501262547883245
0.12916552,2.476387555394912,2.50032677029307
0.12948288,2.477324156312283,2.501262547883245
0.12980024,2.477324156312283,2.50032677029307
0.1301176,2.476387555394912,2.50032677029307
0.13043496,2.477324156312283,2.501262547883245
0.13075232,2.476387555394912,2.50032677029307
0.13106968,2.477324156312283,2.501262547883245
0.13138704,2.476387555394912,2.501262547883245
0.1317044,2.476387555394912,2.501262547883245
0.13202176,2.475450954477541,2.501262547883245
0.13233912,2.475450954477541,2.501262547883245
0.13265648,2.476387555394912,2.501262547883245
0.13297384,2.475450954477541,2.502198325473419
0.1332912,2.475450954477541,2.502198325473419
0.13360856,2.47451435356017,2.501262547883245
0.13392592,2.47451435356017,2.502198325473419
0.13424328,2.473577752642799,2.502198325473419
0.13456064,2.473577752642799,2.502198325473419
0.134878,2.473577752642799,2.502198325473419
0.13519536,2.472641151725428,2.501262547883245
0.13551272,2.472641151725428,2.501262547883245
0.13583008,2.473577752642799,2.502198325473419
0.13614744,2.473577752642799,2.502198325473419
0.1364648,2.472641151725428,2.502198325473419
0.13678216,2.472641151725428,2.502198325473419
0.13709952,2.470767949890686,2.501262547883245
0.13741688,2.471704550808057,2.501262547883245
0.13773424,2.471704550808057,2.503134103063593
0.1380516,2.471704550808057,2.503134103063593
0.13836896,2.470767949890686,2.503134103063593
0.13868632,2.469831348973314,2.502198325473419
0.13900368,2.469831348973314,2.503134103063593
0.13932104,2.468894748055944,2.502198325473419
0.1396384,2.469831348973314,2.503134103063593
0.13995576,2.468894748055944,2.503134103063593
0.14027312,2.467958147138572,2.504069880653768
0.14059048,2.467958147138572,2.504069880653768
0.14090784,2.46608494530383,2.504069880653768
0.1412252,2.465148344386459,2.505005658243942
0.14154256,2.46608494530383,2.505941435834116
0.14185992,2.465148344386459,2.505941435834116
0.14217728,2.465148344386459,2.504069880653768
0.14249464,2.464211743469088,2.505005658243942
0.142812,2.464211743469088,2.505941435834116
0.14312936,2.463275142551717,2.505005658243942
0.14344672,2.462338541634346,2.505005658243942
0.14376408,2.462338541634346,2.505941435834116
0.14408144,2.462338541634346,2.505941435834116
0.1443988,2.461401940716975,2.505941435834116
0.14471616,2.460465339799604,2.505941435834116
0.14503352,2.460465339799604,2.505941435834116
0.14535088,2.459528738882233,2.50687721342429
0.14566824,2.460465339799604,2.50687721342429
0.1459856,2.459528738882233,2.50687721342429
0.14630296,2.458592137964862,2.50687721342429
0.14662032,2.458592137964862,2.50687721342429
0.14693768,2.45765553704749,2.507812991014465
0.14725504,2.45765553704749,2.507812991014465
0.1475724,2.45671893613012,2.50687721342429
0.14788976,2.455782335212748,2.507812991014465
0.14820712,2.455782335212748,2.509684546194813
0.14852448,2.454845734295377,2.509684546194813
0.14884184,2.454845734295377,2.509684546194813
0.1491592,2.453909133378006,2.509684546194813
0.14947656,2.453909133378006,2.510620323784988
0.14979392,2.452972532460635,2.511556101375161
0.15011128,2.452035931543264,2.511556101375161
0.15042864,2.452035931543264,2.512491878965336
0.150746,2.451099330625893,2.512491878965336
0.15106336,2.451099330625893,2.512491878965336
0.15138072,2.450162729708522,2.512491878965336
0.15169808,2.449226128791151,2.51342765655551
0.15201544,2.44828952787378,2.51342765655551
0.1523328,2.44828952787378,2.514363434145684
0.15265016,2.44828952787378,2.515299211735859
0.15296752,2.447352926956408,2.515299211735859
0.15328488,2.446416326039038,2.516234989326033
0.15360224,2.446416326039038,2.516234989326033
0.1539196,2.445479725121666,2.517170766916207
0.15423696,2.444543124204295,2.518106544506382
0.15455432,2.443606523286924,2.518106544506382
0.15487168,2.442669922369553,2.519042322096555
0.15518904,2.441733321452182,2.519042322096555
0.1555064,2.440796720534811,2.51997809968673
0.15582376,2.440796720534811,2.521849654867078
0.15614112,2.43986011961744,2.521849654867078
0.15645848,2.437986917782698,2.522785432457253
0.15677584,2.437050316865327,2.522785432457253
0.1570932,2.437986917782698,2.523721210047427
0.15741056,2.436113715947956,2.524656987637601
0.15772792,2.436113715947956,2.525592765227775
0.15804528,2.435177115030585,2.52652854281795
0.15836264,2.434240514113213,2.527464320408124
0.15868,2.434240514113213,2.529335875588473
0.15899736,2.432367312278471,2.529335875588473
0.15931472,2.4314307113611,2.530271653178646
0.15963208,2.4314307113611,2.531207430768821
0.15994944,2.430494110443729,2.532143208358995
0.1602668,2.429557509526358,2.533078985949169
0.16058416,2.429557509526358,2.534014763539344
0.16090152,2.428620908608987,2.534950541129517
0.16121888,2.426747706774245,2.536822096309867
0.16153624,2.426747706774245,2.53775787390004
0.1618536,2.424874504939503,2.538693651490215
0.16217096,2.424874504939503,2.539629429080389
0.16248832,2.423937904022131,2.540565206670563
0.16280568,2.423001303104761,2.541500984260738
0.16312304,2.422064702187389,2.542436761850912
0.1634404,2.422064702187389,2.544308317031261
0.16375776,2.421128101270019,2.546179872211609
0.16407512,2.421128101270019,2.547115649801783
0.16439248,2.420191500352647,2.548051427391957
0.16470984,2.419254899435276,2.549922982572306
0.1650272,2.419254899435276,2.551794537752654
0.16534456,2.417381697600534,2.552730315342829
0.16566192,2.418318298517905,2.555537648113352
0.16597928,2.417381697600534,2.556473425703525
0.16629664,2.416445096683163,2.559280758474048
0.166614,2.416445096683163,2.560216536064223
0.16693136,2.416445096683163,2.561152313654397
0.16724872,2.415508495765792,2.563023868834746
0.16756608,2.414571894848421,2.564895424015094
0.16788344,2.414571894848421,2.565831201605268
0.1682008,2.414571894848421,2.568638534375791
0.16851816,2.414571894848421,2.570510089556139
0.16883552,2.414571894848421,2.571445867146314
0.16915288,2.414571894848421,2.573317422326662
0.16947024,2.414571894848421,2.57518897750701
0.1697876,2.413635293931049,2.577060532687359
0.17010496,2.413635293931049,2.578932087867708
0.17042232,2.413635293931049,2.581739420638231
0.17073968,2.413635293931049,2.583610975818579
0.17105704,2.412698693013679,2.586418308589102
0.1713744,2.413635293931049,2.589225641359625
0.17169176,2.412698693013679,2.590161418949799
0.17200912,2.412698693013679,2.592032974130147
0.17232648,2.412698693013679,2.593904529310496
0.17264384,2.412698693013679,2.595776084490844
0.1729612,2.412698693013679,2.598583417261367
0.17327856,2.412698693013679,2.601390750031889
0.17359592,2.413635293931049,2.603262305212239
0.17391328,2.413635293931049,2.605133860392587
0.17423064,2.413635293931049,2.60794119316311
0.174548,2.414571894848421,2.610748525933632
0.17486536,2.415508495765792,2.611684303523806
0.17518272,2.415508495765792,2.615427413884503
0.17550008,2.416445096683163,2.617298969064852
0.17581744,2.417381697600534,2.620106301835374
0.1761348,2.418318298517905,2.621977857015724
0.17645216,2.419254899435276,2.624785189786246
0.17676952,2.420191500352647,2.627592522556768
0.17708688,2.421128101270019,2.629464077737117
0.17740424,2.422064702187389,2.63227141050764
0.1777216,2.423001303104761,2.635078743278163
0.17803896,2.424874504939503,2.637886076048686
0.17835632,2.425811105856874,2.640693408819208
0.17867368,2.427684307691616,2.643500741589731
0.17899104,2.429557509526358,2.64537229677008
0.1793084,2.4314307113611,2.647243851950428
0.17962576,2.432367312278471,2.650051184720951
0.17994312,2.434240514113213,2.652858517491474
0.18026048,2.437050316865327,2.65660162785217
0.18057784,2.43986011961744,2.659408960622693
0.1808952,2.441733321452182,2.661280515803042
0.18121256,2.445479725121666,2.665023626163738
0.18152992,2.447352926956408,2.667830958934261
0.18184728,2.449226128791151,2.670638291704784
0.18216464,2.452972532460635,2.672509846885132
0.182482,2.45671893613012,2.675317179655655
0.18279936,2.458592137964862,2.678124512426178
0.18311672,2.462338541634346,2.679996067606527
0.18343408,2.46608494530383,2.68280340037705
0.18375144,2.469831348973314,2.684674955557398
0.1840688,2.473577752642799,2.685610733147572
0.18438616,2.478260757229654,2.687482288327921
0.18470352,2.482007160899139,2.689353843508269
0.18502088,2.486690165485994,2.691225398688617
0.18533824,2.490436569155478,2.692161176278792
0.1856556,2.496056174659705,2.693096953868967
0.18597296,2.501675780163931,2.69403273145914
0.18629032,2.506358784750787,2.695904286639489
0.18660768,2.511041789337642,2.696840064229663
0.18692504,2.516661394841869,2.697775841819838
0.1872424,2.522281000346095,2.697775841819838
0.18755976,2.528837206767693,2.698711619410012
0.18787712,2.533520211354548,2.697775841819838
0.18819448,2.539139816858774,2.697775841819838
0.18851184,2.544759422363001,2.696840064229663
0.1888292,2.551315628784599,2.696840064229663
0.18914656,2.556935234288825,2.694968509049315
0.18946392,2.561618238875681,2.693096953868967
0.18978128,2.567237844379907,2.691225398688617
0.19009864,2.572857449884133,2.689353843508269
0.190416,2.579413656305731,2.687482288327921
0.19073336,2.584096660892587,2.684674955557398
0.19105072,2.588779665479442,2.680931845196701
0.19136808,2.595335871901039,2.679060290016353
0.19168544,2.600018876487895,2.675317179655655
0.1920028,2.605638481992121,2.671574069294959
0.19232016,2.611258087496348,2.666895181344088
0.19263752,2.616877693000574,2.664087848573565
0.19295488,2.62156069758743,2.658473183032519
0.19327224,2.625307101256914,2.653794295081648
0.1935896,2.62999010584377,2.649115407130776
0.19390696,2.634673110430625,2.64537229677008
0.19422432,2.637482913182738,2.63882185363886
0.19454168,2.641229316852222,2.634142965687989
0.19485904,2.644039119604336,2.628528300146943
0.1951764,2.646848922356449,2.623849412196072
0.19549376,2.649658725108562,2.618234746655026
0.19581112,2.652468527860675,2.612620081113981
0.19612848,2.654341729695417,2.606069637982761
0.19644584,2.65621493153016,2.600454972441716
0.1967632,2.657151532447531,2.59484030690067
0.19708056,2.659961335199644,2.589225641359625
0.19739792,2.659961335199644,2.583610975818579
0.19771528,2.661834537034386,2.577996310277533
0.19803264,2.662771137951757,2.572381644736488
0.19835,2.663707738869129,2.566766979195442
0.19866736,2.663707738869129,2.561152313654397
0.19898472,2.664644339786499,2.555537648113352
0.19930208,2.663707738869129,2.549922982572306
0.19961944,2.663707738869129,2.545244094621435
0.1999368,2.662771137951757,2.539629429080389
0.20025416,2.661834537034386,2.534950541129517
0.20057152,2.659961335199644,2.530271653178646
0.20088888,2.659024734282273,2.52652854281795
0.20120624,2.658088133364902,2.521849654867078
0.2015236,2.65621493153016,2.516234989326033
0.20184096,2.655278330612789,2.512491878965336
0.20215832,2.653405128778047,2.508748768604639
0.20247568,2.650595326025933,2.505005658243942
0.20279304,2.64778552327382,2.501262547883245
0.2031104,2.645912321439078,2.497519437522548
0.20342776,2.644039119604336,2.494712104752025
0.20374512,2.642165917769594,2.490968994391328
0.20406248,2.63935611501748,2.488161661620805
0.20437984,2.636546312265367,2.484418551260108
0.2046972,2.634673110430625,2.48254699607976
0.20501456,2.631863307678512,2.479739663309237
0.20533192,2.629053504926398,2.476932330538714
0.20564928,2.625307101256914,2.474124997768191
0.20596664,2.62156069758743,2.472253442587843
0.206284,2.619687495752688,2.470381887407495
0.20660136,2.616877693000574,2.468510332227146
0.20691872,2.614067890248461,2.466638777046797
0.20723608,2.610321486578977,2.464767221866449
0.20755344,2.607511683826864,2.463831444276275
0.2078708,2.603765280157379,2.461959889095926
0.20818816,2.601892078322637,2.460088333915578
0.20850552,2.598145674653153,2.459152556325404
0.20882288,2.595335871901039,2.458216778735229
0.20914024,2.592526069148926,2.457281001145055
0.2094576,2.590652867314184,2.456345223554881
0.20977496,2.588779665479442,2.456345223554881
0.21009232,2.585033261809957,2.455409445964706
0.21040968,2.582223459057844,2.454473668374533
0.21072704,2.579413656305731,2.453537890784358
0.2110444,2.576603853553618,2.452602113194184
0.21136176,2.574730651718875,2.452602113194184
0.21167912,2.570984248049391,2.45166633560401
0.21199648,2.569111046214649,2.452602113194184
0.21231384,2.567237844379907,2.45166633560401
0.2126312,2.565364642545165,2.452602113194184
0.21294856,2.563491440710423,2.452602113194184
0.21326592,2.560681637958309,2.452602113194184
0.21358328,2.558808436123567,2.45166633560401
0.21390064,2.556935234288825,2.45166633560401
0.214218,2.555998633371454,2.452602113194184
0.21453536,2.553188830619341,2.452602113194184
0.21485272,2.551315628784599,2.452602113194184
0.21517008,2.550379027867228,2.452602113194184
0.21548744,2.547569225115114,2.453537890784358
0.2158048,2.546632624197743,2.453537890784358
0.21612216,2.544759422363001,2.453537890784358
0.21643952,2.542886220528259,2.453537890784358
0.21675688,2.542886220528259,2.454473668374533
0.21707424,2.540076417776146,2.455409445964706
0.2173916,2.539139816858774,2.454473668374533
0.21770896,2.537266615024032,2.455409445964706
0.21802632,2.537266615024032,2.455409445964706
0.21834368,2.53539341318929,2.456345223554881
0.21866104,2.534456812271919,2.456345223554881
0.2189784,2.533520211354548,2.457281001145055
0.21929576,2.532583610437177,2.457281001145055
0.21961312,2.531647009519806,2.458216778735229
0.21993048,2.530710408602435,2.458216778735229
0.22024784,2.529773807685064,2.458216778735229
0.2205652,2.527900605850322,2.458216778735229
0.22088256,2.52696400493295,2.458216778735229
0.22119992,2.525090803098208,2.459152556325404
0.22151728,2.525090803098208,2.459152556325404
0.22183464,2.524154202180837,2.459152556325404
0.222152,2.524154202180837,2.459152556325404
0.22246936,2.523217601263466,2.459152556325404
0.22278672,2.522281000346095,2.460088333915578
0.22310408,2.522281000346095,2.460088333915578
0.22342144,2.520407798511353,2.460088333915578
0.2237388,2.520407798511353,2.461024111505752
0.22405616,2.518534596676611,2.461024111505752
0.22437352,2.519471197593982,2.461024111505752
0.22469088,2.51759799575924,2.461024111505752
0.22500824,2.51759799575924,2.461024111505752
0.2253256,2.516661394841869,2.461024111505752
0.22564296,2.515724793924498,2.461024111505752
0.22596032,2.514788193007127,2.460088333915578
0.22627768,2.513851592089755,2.461024111505752
0.22659504,2.512914991172384,2.461024111505752
0.2269124,2.512914991172384,2.461024111505752
0.22722976,2.511978390255013,2.460088333915578
0.22754712,2.511978390255013,2.461024111505752
0.22786448,2.511041789337642,2.460088333915578
0.22818184,2.510105188420271,2.460088333915578
0.2284992,2.510105188420271,2.460088333915578
0.22881656,2.5091685875029,2.460088333915578
0.22913392,2.508231986585529,2.460088333915578
0.22945128,2.508231986585529,2.461024111505752
0.22976864,2.507295385668158,2.460088333915578
0.230086,2.507295385668158,2.460088333915578
0.23040336,2.507295385668158,2.460088333915578
0.23072072,2.506358784750787,2.460088333915578
0.23103808,2.506358784750787,2.460088333915578
0.23135544,2.504485582916045,2.459152556325404
0.2316728,2.503548981998673,2.461024111505752
0.23199016,2.503548981998673,2.460088333915578
0.23230752,2.502612381081303,2.459152556325404
0.23262488,2.50073917924656,2.459152556325404
0.23294224,2.50073917924656,2.459152556325404
0.2332596,2.499802578329189,2.459152556325404
0.23357696,2.498865977411818,2.459152556325404
0.23389432,2.497929376494447,2.459152556325404
0.23421168,2.497929376494447,2.459152556325404
0.23452904,2.496992775577076,2.460088333915578
0.2348464,2.494182972824963,2.460088333915578
0.23516376,2.493246371907591,2.459152556325404
0.23548112,2.493246371907591,2.459152556325404
0.23579848,2.491373170072849,2.459152556325404
0.23611584,2.490436569155478,2.459152556325404
0.2364332,2.488563367320736,2.458216778735229
0.23675056,2.488563367320736,2.460088333915578
0.23706792,2.486690165485994,2.459152556325404
0.23738528,2.485753564568623,2.459152556325404
0.23770264,2.485753564568623,2.459152556325404
0.23802,2.48294376181651,2.459152556325404
0.23833736,2.48294376181651,2.460088333915578
0.23865472,2.481070559981768,2.460088333915578
0.23897208,2.480133959064396,2.460088333915578
0.23928944,2.478260757229654,2.461024111505752
0.2396068,2.478260757229654,2.460088333915578
0.23992416,2.477324156312283,2.461024111505752
0.24024152,2.475450954477541,2.461024111505752
0.24055888,2.47451435356017,2.461959889095926
0.24087624,2.472641151725428,2.461959889095926
0.2411936,2.470767949890686,2.461959889095926
0.24151096,2.469831348973314,2.462895666686101
0.24182832,2.467958147138572,2.462895666686101
0.24214568,2.467958147138572,2.463831444276275
0.24246304,2.46608494530383,2.464767221866449
0.2427804,2.465148344386459,2.464767221866449
0.24309776,2.463275142551717,2.465702999456624
0.24341512,2.462338541634346,2.465702999456624
0.24373248,2.461401940716975,2.467574554636972
0.24404984,2.458592137964862,2.467574554636972
0.2443672,2.45765553704749,2.468510332227146
0.24468456,2.455782335212748,2.46944610981732
0.24500192,2.454845734295377,2.470381887407495
0.24531928,2.453909133378006,2.471317664997668
0.24563664,2.451099330625893,2.472253442587843
0.245954,2.449226128791151,2.472253442587843
0.24627136,2.449226128791151,2.474124997768191
0.24658872,2.447352926956408,2.474124997768191
0.24690608,2.445479725121666,2.475060775358366
0.24722344,2.443606523286924,2.476932330538714
0.2475408,2.441733321452182,2.477868108128889
0.24785816,2.438923518700069,2.478803885719063
0.24817552,2.437986917782698,2.480675440899411
0.24849288,2.437050316865327,2.48254699607976
0.24881024,2.435177115030585,2.484418551260108
0.2491276,2.434240514113213,2.485354328850282
0.24944496,2.432367312278471,2.487225884030631
0.24976232,2.429557509526358,2.488161661620805
0.25007968,2.428620908608987,2.48909743921098
0.25039704,2.426747706774245,2.490968994391328
0.2507144,2.424874504939503,2.492840549571676
0.25103176,2.423937904022131,2.495647882342199
0.25134912,2.422064702187389,2.497519437522548
0.25166648,2.421128101270019,2.499390992702897
0.25198384,2.420191500352647,2.501262547883245
0.2523012,2.419254899435276,2.504069880653768
0.25261856,2.418318298517905,2.505941435834116
0.25293592,2.416445096683163,2.507812991014465
0.25325328,2.415508495765792,2.509684546194813
0.25357064,2.414571894848421,2.512491878965336
0.253888,2.413635293931049,2.515299211735859
0.25420536,2.412698693013679,2.518106544506382
0.25452272,2.413635293931049,2.520913877276904
0.25484008,2.411762092096307,2.522785432457253
0.25515744,2.410825491178937,2.525592765227775
0.2554748,2.409888890261565,2.527464320408124
0.25579216,2.409888890261565,2.531207430768821
0.25610952,2.408015688426823,2.534014763539344
0.25642688,2.407079087509452,2.536822096309867
0.25674424,2.407079087509452,2.539629429080389
0.2570616,2.407079087509452,2.542436761850912
0.25737896,2.408015688426823,2.546179872211609
0.25769632,2.408015688426823,2.548987204982132
0.25801368,2.407079087509452,2.552730315342829
0.25833104,2.407079087509452,2.556473425703525
0.2586484,2.407079087509452,2.559280758474048
0.25896576,2.407079087509452,2.562088091244571
0.25928312,2.408015688426823,2.565831201605268
0.25960048,2.408015688426823,2.569574311965965
0.25991784,2.408952289344194,2.574253199916837
0.2602352,2.409888890261565,2.577060532687359
0.26055256,2.410825491178937,2.580803643048056
0.26086992,2.410825491178937,2.583610975818579
0.26118728,2.411762092096307,2.587354086179276
0.26150464,2.413635293931049,2.590161418949799
0.261822,2.414571894848421,2.593904529310496
0.26213936,2.415508495765792,2.596711862081018
0.26245672,2.417381697600534,2.600454972441716
0.26277408,2.419254899435276,2.603262305212239
0.26309144,2.421128101270019,2.606069637982761
0.2634088,2.423937904022131,2.609812748343458
0.26372616,2.425811105856874,2.612620081113981
0.26404352,2.428620908608987,2.615427413884503
0.26436088,2.432367312278471,2.618234746655026
0.26467824,2.434240514113213,2.621042079425549
0.2649956,2.437986917782698,2.623849412196072
0.26531296,2.441733321452182,2.62572096737642
0.26563032,2.445479725121666,2.627592522556768
0.26594768,2.44828952787378,2.630399855327291
0.26626504,2.451099330625893,2.63227141050764
0.2665824,2.455782335212748,2.634142965687989
0.26689976,2.458592137964862,2.636014520868337
0.26721712,2.463275142551717,2.637886076048686
0.26753448,2.46608494530383,2.63882185363886
0.26785184,2.469831348973314,2.639757631229034
0.2681692,2.473577752642799,2.640693408819208
0.26848656,2.478260757229654,2.641629186409382
0.26880392,2.48294376181651,2.641629186409382
0.26912128,2.486690165485994,2.641629186409382
0.26943864,2.490436569155478,2.642564963999557
0.269756,2.495119573742334,2.642564963999557
0.27007336,2.499802578329189,2.641629186409382
0.27039072,2.503548981998673,2.641629186409382
0.27070808,2.508231986585529,2.641629186409382
0.27102544,2.511978390255013,2.641629186409382
0.2713428,2.516661394841869,2.640693408819208
0.27166016,2.521344399428724,2.639757631229034
0.27197752,2.525090803098208,2.63882185363886
0.27229488,2.528837206767693,2.636950298458511
0.27261224,2.532583610437177,2.635078743278163
0.2729296,2.536330014106661,2.633207188097814
0.27324696,2.541013018693517,2.63227141050764
0.27356432,2.54382282144563,2.630399855327291
0.27388168,2.547569225115114,2.627592522556768
0.27419904,2.551315628784599,2.62572096737642
0.2745164,2.554125431536712,2.622913634605897
0.27483376,2.556935234288825,2.620106301835374
0.27515112,2.560681637958309,2.618234746655026
0.27546848,2.563491440710423,2.616363191474678
0.27578584,2.566301243462536,2.612620081113981
0.2761032,2.568174445297278,2.609812748343458
0.27642056,2.571920848966763,2.607005415572935
0.27673792,2.573794050801505,2.603262305212239
0.27705528,2.576603853553618,2.600454972441716
0.27737264,2.579413656305731,2.596711862081018
0.27769,2.581286858140473,2.593904529310496
0.27800736,2.584096660892587,2.591097196539973
0.27832472,2.585969862727329,2.58828986376945
0.27864208,2.5869064636447,2.584546753408753
0.27895944,2.588779665479442,2.581739420638231
0.2792768,2.590652867314184,2.578932087867708
0.27959416,2.592526069148926,2.57518897750701
0.27991152,2.593462670066297,2.570510089556139
0.28022888,2.594399270983669,2.568638534375791
0.28054624,2.596272472818411,2.565831201605268
0.2808636,2.597209073735782,2.562088091244571
0.28118096,2.597209073735782,2.558344980883875
0.28149832,2.598145674653153,2.555537648113352
0.28181568,2.599082275570524,2.551794537752654
0.28213304,2.598145674653153,2.548987204982132
0.2824504,2.598145674653153,2.545244094621435
0.28276776,2.600018876487895,2.541500984260738
0.28308512,2.599082275570524,2.538693651490215
0.28340248,2.598145674653153,2.535886318719692
0.28371984,2.599082275570524,2.532143208358995
0.2840372,2.598145674653153,2.530271653178646
0.28435456,2.598145674653153,2.527464320408124
0.28467192,2.597209073735782,2.524656987637601
0.28498928,2.596272472818411,2.521849654867078
0.28530664,2.596272472818411,2.519042322096555
0.285624,2.595335871901039,2.517170766916207
0.28594136,2.594399270983669,2.514363434145684
0.28625872,2.593462670066297,2.512491878965336
0.28657608,2.591589468231555,2.509684546194813
0.28689344,2.591589468231555,2.507812991014465
0.2872108,2.590652867314184,2.505941435834116
0.28752816,2.588779665479442,2.503134103063593
0.28784552,2.587843064562071,2.501262547883245
0.28816288,2.585033261809957,2.499390992702897
0.28848024,2.584096660892587,2.497519437522548
0.2887976,2.584096660892587,2.495647882342199
0.28911496,2.582223459057844,2.492840549571676
0.28943232,2.580350257223102,2.491904771981503
0.28974968,2.579413656305731,2.48909743921098
0.29006704,2.577540454470989,2.487225884030631
0.2903844,2.576603853553618,2.486290106440457
0.29070176,2.574730651718875,2.485354328850282
0.29101912,2.573794050801505,2.48254699607976
0.29133648,2.571920848966763,2.481611218489586
0.29165384,2.57004764713202,2.479739663309237
0.2919712,2.569111046214649,2.477868108128889
0.29228856,2.568174445297278,2.476932330538714
0.29260592,2.565364642545165,2.475060775358366
0.29292328,2.564428041627794,2.475060775358366
0.29324064,2.562554839793052,2.474124997768191
0.293558,2.561618238875681,2.473189220178018
0.29387536,2.558808436123567,2.472253442587843
0.29419272,2.557871835206196,2.471317664997668
0.29451008,2.555998633371454,2.470381887407495
0.29482744,2.554125431536712,2.471317664997668
0.2951448,2.551315628784599,2.46944610981732
0.29546216,2.550379027867228,2.46944610981732
0.29577952,2.549442426949856,2.46944610981732
0.29609688,2.547569225115114,2.468510332227146
0.29641424,2.546632624197743,2.46944610981732
0.2967316,2.545696023280372,2.468510332227146
0.29704896,2.54382282144563,2.468510332227146
0.29736632,2.542886220528259,2.468510332227146
0.29768368,2.541013018693517,2.468510332227146
0.29800104,2.540076417776146,2.468510332227146
0.2983184,2.539139816858774,2.467574554636972
0.29863576,2.537266615024032,2.468510332227146
0.29895312,2.536330014106661,2.468510332227146
0.29927048,2.533520211354548,2.467574554636972
0.29958784,2.533520211354548,2.468510332227146
0.2999052,2.531647009519806,2.468510332227146
0.30022256,2.531647009519806,2.468510332227146
0.30053992,2.529773807685064,2.468510332227146
0.30085728,2.528837206767693,2.468510332227146
0.30117464,2.527900605850322,2.468510332227146
0.301492,2.526027404015579,2.46944610981732
0.30180936,2.526027404015579,2.46944610981732
0.30212672,2.525090803098208,2.46944610981732
0.30244408,2.523217601263466,2.470381887407495
0.30276144,2.522281000346095,2.470381887407495
0.3030788,2.521344399428724,2.470381887407495
0.30339616,2.520407798511353,2.470381887407495
0.30371352,2.519471197593982,2.471317664997668
0.30403088,2.518534596676611,2.471317664997668
0.30434824,2.518534596676611,2.471317664997668
0.3046656,2.51759799575924,2.472253442587843
0.30498296,2.516661394841869,2.472253442587843
0.30530032,2.515724793924498,2.473189220178018
0.30561768,2.514788193007127,2.473189220178018
0.30593504,2.513851592089755,2.473189220178018
0.3062524,2.514788193007127,2.474124997768191
0.30656976,2.513851592089755,2.475060775358366
0.30688712,2.513851592089755,2.475060775358366
0.30720448,2.513851592089755,2.47599655294854
0.30752184,2.512914991172384,2.47599655294854
0.3078392,2.512914991172384,2.47599655294854
0.30815656,2.512914991172384,2.476932330538714
0.30847392,2.511041789337642,2.476932330538714
0.30879128,2.511041789337642,2.476932330538714
0.30910864,2.511041789337642,2.477868108128889
0.309426,2.511041789337642,2.476932330538714
0.30974336,2.510105188420271,2.477868108128889
0.31006072,2.510105188420271,2.478803885719063
0.31037808,2.510105188420271,2.478803885719063
0.31069544,2.5091685875029,2.478803885719063
0.3110128,2.508231986585529,2.479739663309237
0.31133016,2.508231986585529,2.479739663309237
0.31164752,2.508231986585529,2.480675440899411
0.31196488,2.508231986585529,2.480675440899411
0.31228224,2.508231986585529,2.481611218489586
0.3125996,2.508231986585529,2.481611218489586
0.31291696,2.5091685875029,2.481611218489586
0.31323432,2.5091685875029,2.483482773669934
0.31355168,2.5091685875029,2.483482773669934
0.31386904,2.508231986585529,2.483482773669934
0.3141864,2.508231986585529,2.483482773669934
0.31450376,2.508231986585529,2.483482773669934
0.31482112,2.508231986585529,2.483482773669934
0.31513848,2.508231986585529,2.484418551260108
0.31545584,2.507295385668158,2.484418551260108
0.3157732,2.508231986585529,2.484418551260108
0.31609056,2.507295385668158,2.484418551260108
0.31640792,2.507295385668158,2.484418551260108
0.31672528,2.507295385668158,2.485354328850282
0.31704264,2.507295385668158,2.485354328850282
0.31736,2.508231986585529,2.485354328850282
0.31767736,2.507295385668158,2.485354328850282
0.31799472,2.507295385668158,2.486290106440457
0.31831208,2.507295385668158,2.486290106440457
0.31862944,2.507295385668158,2.487225884030631
0.3189468,2.507295385668158,2.486290106440457
0.31926416,2.507295385668158,2.487225884030631
0.31958152,2.507295385668158,2.487225884030631
0.31989888,2.507295385668158,2.486290106440457
0.32021624,2.508231986585529,2.487225884030631
0.3205336,2.507295385668158,2.488161661620805
0.32085096,2.507295385668158,2.488161661620805
0.32116832,2.507295385668158,2.488161661620805
0.32148568,2.507295385668158,2.488161661620805
0.32180304,2.507295385668158,2.488161661620805
0.3221204,2.507295385668158,2.488161661620805
0.32243776,2.507295385668158,2.488161661620805
0.32275512,2.507295385668158,2.48909743921098
0.32307248,2.507295385668158,2.490033216801153
0.32338984,2.508231986585529,2.48909743921098
0.3237072,2.508231986585529,2.490033216801153
0.32402456,2.507295385668158,2.490968994391328
0.32434192,2.507295385668158,2.490968994391328
0.32465928,2.507295385668158,2.490968994391328
0.32497664,2.507295385668158,2.490968994391328
0.325294,2.508231986585529,2.490968994391328
0.32561136,2.508231986585529,2.492840549571676
0.32592872,2.508231986585529,2.492840549571676
0.32624608,2.508231986585529,2.492840549571676
0.32656344,2.5091685875029,2.493776327161851
0.3268808,2.508231986585529,2.493776327161851
0.32719816,2.5091685875029,2.493776327161851
0.32751552,2.5091685875029,2.494712104752025
0.32783288,2.5091685875029,2.493776327161851
0.32815024,2.510105188420271,2.494712104752025
0.3284676,2.5091685875029,2.494712104752025
0.32878496,2.5091685875029,2.494712104752025
0.32910232,2.510105188420271,2.494712104752025
0.32941968,2.510105188420271,2.494712104752025
0.32973704,2.510105188420271,2.496583659932374
0.3300544,2.511041789337642,2.496583659932374
0.33037176,2.511041789337642,2.496583659932374
0.33068912,2.511041789337642,2.497519437522548
0.33100648,2.511041789337642,2.496583659932374
0.33132384,2.511041789337642,2.497519437522548
0.3316412,2.511041789337642,2.498455215112722
0.33195856,2.511978390255013,2.497519437522548
0.33227592,2.511978390255013,2.498455215112722
0.33259328,2.512914991172384,2.499390992702897
0.33291064,2.511978390255013,2.50032677029307
0.333228,2.512914991172384,2.50032677029307
0.33354536,2.512914991172384,2.50032677029307
0.33386272,2.511978390255013,2.50032677029307
0.33418008,2.512914991172384,2.501262547883245
0.33449744,2.512914991172384,2.501262547883245
0.3348148,2.513851592089755,2.501262547883245
0.33513216,2.513851592089755,2.502198325473419
0.33544952,2.514788193007127,2.502198325473419
0.33576688,2.513851592089755,2.502198325473419
0.33608424,2.513851592089755,2.502198325473419
0.3364016,2.513851592089755,2.504069880653768
0.33671896,2.513851592089755,2.503134103063593
0.33703632,2.513851592089755,2.503134103063593
0.33735368,2.514788193007127,2.504069880653768
0.33767104,2.513851592089755,2.504069880653768
0.3379884,2.513851592089755,2.504069880653768
0.33830576,2.514788193007127,2.505005658243942
0.33862312,2.514788193007127,2.504069880653768
0.33894048,2.514788193007127,2.505005658243942
0.33925784,2.515724793924498,2.505941435834116
0.3395752,2.514788193007127,2.505941435834116
0.33989256,2.514788193007127,2.505005658243942
0.34020992,2.514788193007127,2.505941435834116
0.34052728,2.515724793924498,2.50687721342429
0.34084464,2.515724793924498,2.50687721342429
0.341162,2.516661394841869,2.507812991014465
0.34147936,2.514788193007127,2.507812991014465
0.34179672,2.515724793924498,2.507812991014465
0.34211408,2.516661394841869,2.508748768604639
0.34243144,2.516661394841869,2.508748768604639
0.3427488,2.516661394841869,2.509684546194813
0.34306616,2.516661394841869,2.508748768604639
0.34338352,2.51759799575924,2.509684546194813
0.34370088,2.518534596676611,2.510620323784988
0.34401824,2.51759799575924,2.510620323784988
0.3443356,2.518534596676611,2.511556101375161
0.34465296,2.518534596676611,2.511556101375161
0.34497032,2.519471197593982,2.511556101375161
0.34528768,2.519471197593982,2.511556101375161
0.34560504,2.519471197593982,2.511556101375161
0.3459224,2.520407798511353,2.512491878965336
0.34623976,2.520407798511353,2.512491878965336
0.34655712,2.521344399428724,2.51342765655551
0.34687448,2.521344399428724,2.514363434145684
0.34719184,2.522281000346095,2.514363434145684
0.3475092,2.522281000346095,2.515299211735859
0.34782656,2.522281000346095,2.515299211735859
0.34814392,2.522281000346095,2.515299211735859
0.34846128,2.522281000346095,2.516234989326033
0.34877864,2.523217601263466,2.517170766916207
0.349096,2.523217601263466,2.517170766916207
0.34941336,2.523217601263466,2.518106544506382
0.34973072,2.524154202180837,2.518106544506382
0.35004808,2.524154202180837,2.518106544506382
0.35036544,2.524154202180837,2.519042322096555
0.3506828,2.524154202180837,2.519042322096555
0.35100016,2.526027404015579,2.51997809968673
0.35131752,2.526027404015579,2.520913877276904
0.35163488,2.526027404015579,2.520913877276904
0.35195224,2.52696400493295,2.521849654867078
0.3522696,2.527900605850322,2.522785432457253
0.35258696,2.527900605850322,2.522785432457253
0.35290432,2.528837206767693,2.522785432457253
0.35322168,2.527900605850322,2.522785432457253
0.35353904,2.528837206767693,2.524656987637601
0.3538564,2.529773807685064,2.524656987637601
0.35417376,2.529773807685064,2.524656987637601
0.35449112,2.530710408602435,2.52652854281795
0.35480848,2.530710408602435,2.52652854281795
0.35512584,2.532583610437177,2.52652854281795
0.3554432,2.532583610437177,2.527464320408124
0.35576056,2.533520211354548,2.529335875588473
0.35607792,2.533520211354548,2.529335875588473
0.35639528,2.534456812271919,2.531207430768821
0.35671264,2.534456812271919,2.531207430768821
0.35703,2.536330014106661,2.533078985949169
0.35734736,2.537266615024032,2.534014763539344
0.35766472,2.537266615024032,2.534950541129517
0.35798208,2.537266615024032,2.535886318719692
0.35829944,2.538203215941404,2.536822096309867
0.3586168,2.537266615024032,2.538693651490215
0.35893416,2.538203215941404,2.539629429080389
0.35925152,2.539139816858774,2.540565206670563
0.35956888,2.540076417776146,2.541500984260738
0.35988624,2.539139816858774,2.543372539441086
0.3602036,2.540076417776146,2.545244094621435
0.36052096,2.540076417776146,2.547115649801783
0.36083832,2.539139816858774,2.548987204982132
0.36115568,2.540076417776146,2.55085876016248
0.36147304,2.541013018693517,2.552730315342829
0.3617904,2.541013018693517,2.554601870523177
0.36210776,2.541013018693517,2.555537648113352
0.36242512,2.541013018693517,2.558344980883875
0.36274248,2.541013018693517,2.560216536064223
0.36305984,2.541013018693517,2.563023868834746
0.3633772,2.541013018693517,2.564895424015094
0.36369456,2.541013018693517,2.566766979195442
0.36401192,2.540076417776146,2.568638534375791
0.36432928,2.541013018693517,2.572381644736488
0.36464664,2.540076417776146,2.574253199916837
0.364964,2.538203215941404,2.577060532687359
0.36528136,2.538203215941404,2.579867865457881
0.36559872,2.537266615024032,2.581739420638231
0.36591608,2.536330014106661,2.585482530998927
0.36623344,2.53539341318929,2.587354086179276
0.3665508,2.534456812271919,2.590161418949799
0.36686816,2.532583610437177,2.593904529310496
0.36718552,2.531647009519806,2.595776084490844
0.36750288,2.529773807685064,2.597647639671193
0.36782024,2.527900605850322,2.600454972441716
0.3681376,2.526027404015579,2.603262305212239
0.36845496,2.524154202180837,2.607005415572935
0.36877232,2.522281000346095,2.609812748343458
0.36908968,2.520407798511353,2.613555858704155
0.36940704,2.51759799575924,2.615427413884503
0.3697244,2.515724793924498,2.618234746655026
0.37004176,2.512914991172384,2.621042079425549
0.37035912,2.510105188420271,2.623849412196072
0.37067648,2.505422183833416,2.62572096737642
0.37099384,2.502612381081303,2.629464077737117
0.3713112,2.498865977411818,2.631335632917466
0.37162856,2.493246371907591,2.634142965687989
0.37194592,2.490436569155478,2.636950298458511
0.37226328,2.485753564568623,2.639757631229034
0.37258064,2.481070559981768,2.641629186409382
0.372898,2.476387555394912,2.643500741589731
0.37321536,2.470767949890686,2.644436519179905
0.37353272,2.467021546221202,2.646308074360253
0.37385008,2.460465339799604,2.648179629540603
0.37416744,2.454845734295377,2.649115407130776
0.3744848,2.449226128791151,2.650051184720951
0.37480216,2.443606523286924,2.651922739901299
0.37511952,2.437050316865327,2.651922739901299
0.37543688,2.430494110443729,2.651922739901299
0.37575424,2.424874504939503,2.651922739901299
0.3760716,2.417381697600534,2.650986962311125
0.37638896,2.410825491178937,2.650051184720951
0.37670632,2.40520588567471,2.648179629540603
0.37702368,2.398649679253112,2.647243851950428
0.37734104,2.392093472831515,2.64537229677008
0.3776584,2.385537266409917,2.641629186409382
0.37797576,2.37898105998832,2.63882185363886
0.37829312,2.373361454484093,2.635078743278163
0.37861048,2.364932046227754,2.630399855327291
0.37892784,2.359312440723527,2.62572096737642
0.3792452,2.353692835219301,2.621042079425549
0.37956256,2.348073229715074,2.614491636294329
0.37987992,2.342453624210847,2.60794119316311
0.38019728,2.338707220541363,2.602326527622064
0.38051464,2.334024215954508,2.593904529310496
0.380832,2.330277812285023,2.586418308589102
0.38114936,2.325594807698168,2.577996310277533
0.38146672,2.322785004946055,2.569574311965965
0.38178408,2.320911803111313,2.560216536064223
0.38210144,2.319038601276571,2.551794537752654
0.3824188,2.317165399441828,2.543372539441086
0.38273616,2.317165399441828,2.534014763539344
0.38305352,2.317165399441828,2.525592765227775
0.38337088,2.317165399441828,2.516234989326033
0.38368824,2.318102000359199,2.50687721342429
0.3840056,2.319975202193941,2.497519437522548
0.38432296,2.321848404028684,2.48909743921098
0.38464032,2.325594807698168,2.479739663309237
0.38495768,2.328404610450281,2.471317664997668
0.38527504,2.332151014119765,2.461959889095926
0.3855924,2.336834018706621,2.453537890784358
0.38590976,2.342453624210847,2.445115892472789
0.38622712,2.348073229715074,2.437629671751396
0.38654448,2.353692835219301,2.429207673439827
0.38686184,2.360249041640898,2.422657230308608
0.3871792,2.366805248062496,2.416106787177388
0.38749656,2.374298055401464,2.409556344046169
0.38781392,2.380854261823062,2.403941678505123
0.38813128,2.38741046824466,2.397391235373903
0.38844864,2.395839876500999,2.392712347423032
0.388766,2.402396082922597,2.388033459472161
0.38908336,2.409888890261565,2.382418793931115
0.38940072,2.416445096683163,2.379611461160592
0.38971808,2.423937904022131,2.374932573209721
0.39003544,2.432367312278471,2.373061018029373
0.3903528,2.43986011961744,2.37025368525885
0.39067016,2.44828952787378,2.369317907668676
0.39098752,2.455782335212748,2.367446352488327
0.39130488,2.463275142551717,2.367446352488327
0.39162224,2.469831348973314,2.366510574898153
0.3919396,2.477324156312283,2.366510574898153
0.39225696,2.483880362733881,2.366510574898153
0.39257432,2.491373170072849,2.365574797307978
0.39289168,2.496992775577076,2.367446352488327
0.39320904,2.504485582916045,2.368382130078501
0.3935264,2.511041789337642,2.371189462849024
0.39384376,2.516661394841869,2.373061018029373
0.39416112,2.522281000346095,2.375868350799895
0.39447848,2.527900605850322,2.378675683570418
0.39479584,2.533520211354548,2.38148301634094
0.3951132,2.537266615024032,2.385226126701638
0.39543056,2.542886220528259,2.388033459472161
0.39574792,2.547569225115114,2.390840792242683
0.39606528,2.550379027867228,2.39458390260338
0.39638264,2.554125431536712,2.398327012964077
0.3967,2.556935234288825,2.402070123324775
0.39701736,2.559745037040938,2.406749011275646
0.39733472,2.562554839793052,2.410492121636342
0.39765208,2.565364642545165,2.415171009587214
0.39796944,2.567237844379907,2.417978342357737
0.3982868,2.568174445297278,2.421721452718433
0.39860416,2.57004764713202,2.426400340669304
0.39892152,2.570984248049391,2.429207673439827
0.39923888,2.572857449884133,2.433886561390699
0.39955624,2.573794050801505,2.437629671751396
0.3998736,2.575667252636247,2.440437004521918
0.40019096,2.575667252636247,2.444180114882616
0.40050832,2.576603853553618,2.447923225243312
0.40082568,2.576603853553618,2.45166633560401
0.40114304,2.577540454470989,2.454473668374533
0.4014604,2.577540454470989,2.457281001145055
0.40177776,2.577540454470989,2.460088333915578
0.40209512,2.577540454470989,2.462895666686101
0.40241248,2.57847705538836,2.466638777046797
0.40272984,2.577540454470989,2.467574554636972
0.4030472,2.577540454470989,2.471317664997668
0.40336456,2.577540454470989,2.474124997768191
0.40368192,2.577540454470989,2.476932330538714
0.40399928,2.57847705538836,2.477868108128889
0.40431664,2.57847705538836,2.480675440899411
0.404634,2.57847705538836,2.48254699607976
0.40495136,2.57847705538836,2.484418551260108
0.40526872,2.577540454470989,2.485354328850282
0.40558608,2.577540454470989,2.487225884030631
0.40590344,2.577540454470989,2.490033216801153
0.4062208,2.57847705538836,2.490968994391328
0.40653816,2.57847705538836,2.491904771981503
0.40685552,2.579413656305731,2.493776327161851
0.40717288,2.580350257223102,2.496583659932374
0.40749024,2.579413656305731,2.498455215112722
0.4078076,2.580350257223102,2.499390992702897
0.40812496,2.581286858140473,2.501262547883245
0.40844232,2.582223459057844,2.504069880653768
0.40875968,2.583160059975215,2.505005658243942
0.40907704,2.583160059975215,2.50687721342429
0.4093944,2.584096660892587,2.508748768604639
0.40971176,2.585033261809957,2.510620323784988
0.41002912,2.585969862727329,2.512491878965336
0.41034648,2.5869064636447,2.515299211735859
0.41066384,2.587843064562071,2.518106544506382
0.4109812,2.588779665479442,2.51997809968673
0.41129856,2.589716266396813,2.522785432457253
0.41161592,2.591589468231555,2.52652854281795
0.41193328,2.591589468231555,2.529335875588473
0.41225064,2.591589468231555,2.531207430768821
0.412568,2.592526069148926,2.534950541129517
0.41288536,2.592526069148926,2.538693651490215
0.41320272,2.593462670066297,2.541500984260738
0.41352008,2.594399270983669,2.545244094621435
0.41383744,2.594399270983669,2.548987204982132
0.4141548,2.594399270983669,2.552730315342829
0.41447216,2.594399270983669,2.556473425703525
0.41478952,2.593462670066297,2.561152313654397
0.41510688,2.592526069148926,2.563959646424919
0.41542424,2.592526069148926,2.568638534375791
0.4157416,2.591589468231555,2.573317422326662
0.41605896,2.589716266396813,2.577060532687359
0.41637632,2.588779665479442,2.581739420638231
0.41669368,2.5869064636447,2.585482530998927
0.41701104,2.585969862727329,2.590161418949799
0.4173284,2.584096660892587,2.59484030690067
0.41764576,2.582223459057844,2.599519194851541
0.41796312,2.580350257223102,2.604198082802412
0.41828048,2.577540454470989,2.608876970753284
0.41859784,2.575667252636247,2.612620081113981
0.4189152,2.572857449884133,2.618234746655026
0.41923256,2.569111046214649,2.621977857015724
0.41954992,2.565364642545165,2.62572096737642
0.41986728,2.561618238875681,2.630399855327291
0.42018464,2.557871835206196,2.635078743278163
0.420502,2.553188830619341,2.63882185363886
0.42081936,2.549442426949856,2.641629186409382
0.42113672,2.544759422363001,2.64537229677008
0.42145408,2.540076417776146,2.649115407130776
0.42177144,2.53539341318929,2.651922739901299
0.4220888,2.530710408602435,2.654730072671822
0.42240616,2.525090803098208,2.657537405442345
0.42272352,2.519471197593982,2.660344738212867
0.42304088,2.513851592089755,2.662216293393216
0.42335824,2.5091685875029,2.665959403753913
0.4236756,2.501675780163931,2.666895181344088
0.42399296,2.496056174659705,2.66970251411461
0.42431032,2.490436569155478,2.670638291704784
0.42462768,2.484816963651252,2.671574069294959
0.42494504,2.479197358147025,2.672509846885132
0.4252624,2.473577752642799,2.673445624475307
0.42557976,2.467958147138572,2.673445624475307
0.42589712,2.462338541634346,2.674381402065482
0.42621448,2.45671893613012,2.673445624475307
0.42653184,2.450162729708522,2.672509846885132
0.4268492,2.444543124204295,2.671574069294959
0.42716656,2.440796720534811,2.670638291704784
0.42748392,2.435177115030585,2.66970251411461
0.42780128,2.429557509526358,2.667830958934261
0.42811864,2.424874504939503,2.666895181344088
0.428436,2.420191500352647,2.665023626163738
0.42875336,2.416445096683163,2.66315207098339
0.42907072,2.411762092096307,2.660344738212867
0.42938808,2.406142486592081,2.657537405442345
0.42970544,2.403332683839968,2.655665850261996
0.4300228,2.399586280170483,2.652858517491474
0.43034016,2.395839876500999,2.650986962311125
0.43065752,2.393030073748886,2.648179629540603
0.43097488,2.390220270996773,2.64537229677008
0.43129224,2.386473867327288,2.642564963999557
0.4316096,2.383664064575175,2.63882185363886
0.43192696,2.380854261823062,2.635078743278163
0.43224432,2.378044459070948,2.63227141050764
0.43256168,2.376171257236206,2.628528300146943
0.43287904,2.373361454484093,2.62572096737642
0.4331964,2.37055165173198,2.622913634605897
0.43351376,2.369615050814609,2.619170524245201
0.43383112,2.367741848979867,2.615427413884503
0.43414848,2.365868647145124,2.612620081113981
0.43446584,2.363995445310382,2.609812748343458
0.4347832,2.363058844393011,2.605133860392587
0.43510056,2.363058844393011,2.602326527622064
0.43541792,2.36212224347564,2.597647639671193
0.43573528,2.361185642558269,2.59484030690067
0.43605264,2.359312440723527,2.592032974130147
0.43637,2.358375839806156,2.58828986376945
0.43668736,2.358375839806156,2.584546753408753
0.43700472,2.358375839806156,2.581739420638231
0.43732208,2.358375839806156,2.577996310277533
0.43763944,2.358375839806156,2.57518897750701
0.4379568,2.358375839806156,2.572381644736488
0.43827416,2.358375839806156,2.569574311965965
0.43859152,2.359312440723527,2.566766979195442
0.43890888,2.360249041640898,2.563959646424919
0.43922624,2.360249041640898,2.559280758474048
0.4395436,2.360249041640898,2.556473425703525
0.43986096,2.360249041640898,2.553666092933003
0.44017832,2.361185642558269,2.552730315342829
0.44049568,2.36212224347564,2.548987204982132
0.44081304,2.363058844393011,2.548051427391957
0.4411304,2.364932046227754,2.545244094621435
0.44144776,2.364932046227754,2.543372539441086
0.44176512,2.366805248062496,2.540565206670563
0.44208248,2.367741848979867,2.539629429080389
0.44239984,2.369615050814609,2.53775787390004
0.4427172,2.369615050814609,2.535886318719692
0.44303456,2.37055165173198,2.534014763539344
0.44335192,2.371488252649351,2.532143208358995
0.44366928,2.373361454484093,2.530271653178646
0.44398664,2.373361454484093,2.530271653178646
0.444304,2.375234656318836,2.528400097998298
0.44462136,2.377107858153578,2.527464320408124
0.44493872,2.377107858153578,2.52652854281795
0.44525608,2.37898105998832,2.525592765227775
0.44557344,2.380854261823062,2.524656987637601
0.4458908,2.381790862740433,2.523721210047427
0.44620816,2.383664064575175,2.521849654867078
0.44652552,2.384600665492546,2.521849654867078
0.44684288,2.386473867327288,2.521849654867078
0.44716024,2.38741046824466,2.521849654867078
0.4474776,2.38834706916203,2.521849654867078
0.44779496,2.390220270996773,2.520913877276904
0.44811232,2.391156871914144,2.520913877276904
0.44842968,2.393966674666257,2.521849654867078
0.44874704,2.394903275583628,2.521849654867078
0.4490644,2.395839876500999,2.521849654867078
0.44938176,2.397713078335741,2.521849654867078
0.44969912,2.398649679253112,2.521849654867078
0.45001648,2.400522881087855,2.522785432457253
0.45033384,2.401459482005226,2.522785432457253
0.4506512,2.404269284757339,2.523721210047427
0.45096856,2.40520588567471,2.523721210047427
0.45128592,2.407079087509452,2.524656987637601
0.45160328,2.408015688426823,2.52652854281795
0.45192064,2.408952289344194,2.527464320408124
0.452238,2.411762092096307,2.530271653178646
0.45255536,2.413635293931049,2.530271653178646
0.45287272,2.414571894848421,2.531207430768821
0.45319008,2.416445096683163,2.532143208358995
0.45350744,2.419254899435276,2.534014763539344
0.4538248,2.420191500352647,2.535886318719692
0.45414216,2.422064702187389,2.536822096309867
0.45445952,2.423937904022131,2.538693651490215
0.45477688,2.425811105856874,2.540565206670563
0.45509424,2.428620908608987,2.542436761850912
0.4554116,2.430494110443729,2.545244094621435
0.45572896,2.432367312278471,2.546179872211609
0.45604632,2.434240514113213,2.548051427391957
0.45636368,2.437050316865327,2.55085876016248
0.45668104,2.43986011961744,2.552730315342829
0.4569984,2.442669922369553,2.556473425703525
0.45731576,2.444543124204295,2.5574092032937
0.45763312,2.447352926956408,2.560216536064223
0.45795048,2.450162729708522,2.562088091244571
0.45826784,2.453909133378006,2.563959646424919
0.4585852,2.45765553704749,2.565831201605268
0.45890256,2.461401940716975,2.568638534375791
0.45921992,2.464211743469088,2.571445867146314
0.45953728,2.467958147138572,2.573317422326662
0.45985464,2.470767949890686,2.57518897750701
0.460172,2.47451435356017,2.577060532687359
0.46048936,2.478260757229654,2.579867865457881
0.46080672,2.48294376181651,2.581739420638231
0.46112408,2.486690165485994,2.582675198228404
0.46144144,2.491373170072849,2.584546753408753
0.4617588,2.496056174659705,2.586418308589102
0.46207616,2.50073917924656,2.587354086179276
0.46239352,2.506358784750787,2.58828986376945
0.46271088,2.511041789337642,2.589225641359625
0.46302824,2.516661394841869,2.590161418949799
0.4633456,2.523217601263466,2.591097196539973
0.46366296,2.527900605850322,2.592032974130147
0.46398032,2.534456812271919,2.592032974130147
0.46429768,2.540076417776146,2.592968751720321
0.46461504,2.545696023280372,2.592968751720321
0.4649324,2.55225222970197,2.591097196539973
0.46524976,2.558808436123567,2.591097196539973
0.46556712,2.563491440710423,2.589225641359625
0.46588448,2.569111046214649,2.58828986376945
0.46620184,2.575667252636247,2.586418308589102
0.4665192,2.582223459057844,2.583610975818579
0.46683656,2.587843064562071,2.580803643048056
0.46715392,2.594399270983669,2.577996310277533
0.46747128,2.600018876487895,2.57518897750701
0.46778864,2.605638481992121,2.570510089556139
0.468106,2.611258087496348,2.566766979195442
0.46842336,2.618750894835316,2.562088091244571
0.46874072,2.624370500339543,2.5574092032937
0.46905808,2.628116904009028,2.552730315342829
0.46937544,2.632799908595883,2.547115649801783
0.4696928,2.637482913182738,2.542436761850912
0.47001016,2.641229316852222,2.535886318719692
0.47032752,2.644975720521707,2.530271653178646
0.47064488,2.64778552327382,2.524656987637601
0.47096224,2.650595326025933,2.518106544506382
0.4712796,2.653405128778047,2.512491878965336
0.47159696,2.655278330612789,2.50687721342429
0.47191432,2.65621493153016,2.50032677029307
0.47223168,2.657151532447531,2.493776327161851
0.47254904,2.657151532447531,2.487225884030631
0.4728664,2.658088133364902,2.480675440899411
0.47318376,2.657151532447531,2.474124997768191
0.47350112,2.65621493153016,2.468510332227146
0.47381848,2.655278330612789,2.462895666686101
0.47413584,2.655278330612789,2.457281001145055
0.4744532,2.653405128778047,2.45166633560401
0.47477056,2.650595326025933,2.446051670062964
0.47508792,2.648722124191191,2.441372782112093
0.47540528,2.646848922356449,2.43856544934157
0.47572264,2.643102518686965,2.433886561390699
0.47604,2.640292715934851,2.428271895849654
0.47635736,2.636546312265367,2.425464563079131
0.47667472,2.633736509513254,2.421721452718433
0.47699208,2.629053504926398,2.417978342357737
0.47730944,2.625307101256914,2.415171009587214
0.4776268,2.62156069758743,2.412363676816691
0.47794416,2.617814293917946,2.410492121636342
0.47826152,2.61313128933109,2.408620566455994
0.47857888,2.609384885661606,2.406749011275646
0.47889624,2.60470188107475,2.404877456095297
0.4792136,2.601892078322637,2.404877456095297
0.47953096,2.597209073735782,2.403005900914948
0.47984832,2.593462670066297,2.402070123324775
0.48016568,2.588779665479442,2.402070123324775
0.48048304,2.5869064636447,2.402070123324775
0.4808004,2.584096660892587,2.402070123324775
0.4811177599999999,2.581286858140473,2.402070123324775
0.48143512,2.57847705538836,2.402070123324775
0.48175248,2.575667252636247,2.402070123324775
0.48206984,2.573794050801505,2.402070123324775
0.4823872,2.570984248049391,2.403005900914948
0.48270456,2.57004764713202,2.403005900914948
0.48302192,2.567237844379907,2.402070123324775
0.48333928,2.566301243462536,2.402070123324775
0.48365664,2.564428041627794,2.4011343457346
0.483974,2.562554839793052,2.400198568144425
0.48429136,2.562554839793052,2.400198568144425
0.48460872,2.560681637958309,2.398327012964077
0.48492608,2.559745037040938,2.397391235373903
0.48524344,2.558808436123567,2.396455457783729
0.4855608,2.557871835206196,2.395519680193554
0.48587816,2.555062032454083,2.392712347423032
0.48619552,2.553188830619341,2.391776569832857
0.48651288,2.551315628784599,2.389905014652509
0.48683024,2.549442426949856,2.388033459472161
0.4871476,2.546632624197743,2.387097681881986
0.48746496,2.54382282144563,2.384290349111463
0.48778232,2.541013018693517,2.382418793931115
0.48809968,2.537266615024032,2.380547238750767
0.48841704,2.532583610437177,2.378675683570418
0.4887344,2.529773807685064,2.377739905980244
0.48905176,2.525090803098208,2.376804128390069
0.48936912,2.519471197593982,2.374932573209721
0.48968648,2.514788193007127,2.373996795619547
0.49000384,2.508231986585529,2.373996795619547
0.4903212,2.501675780163931,2.373996795619547
0.49063856,2.495119573742334,2.373996795619547
0.49095592,2.488563367320736,2.375868350799895
0.49127328,2.482007160899139,2.377739905980244
0.49159064,2.475450954477541,2.379611461160592
0.491908,2.467958147138572,2.382418793931115
0.49222536,2.461401940716975,2.385226126701638
0.49254272,2.453909133378006,2.389905014652509
0.49286008,2.446416326039038,2.393648125013206
0.49317744,2.43986011961744,2.399262790554252
0.4934948,2.433303913195842,2.404877456095297
0.49381216,2.426747706774245,2.411427899226517
0.49412952,2.420191500352647,2.417978342357737
0.49444688,2.414571894848421,2.425464563079131
0.49476424,2.409888890261565,2.433886561390699
0.4950816,2.40520588567471,2.442308559702267
0.49539896,2.401459482005226,2.45166633560401
0.49571632,2.397713078335741,2.461959889095926
0.49603368,2.395839876500999,2.471317664997668
0.49635104,2.393030073748886,2.48254699607976
0.4966684,2.391156871914144,2.493776327161851
0.49698576,2.392093472831515,2.504069880653768
0.49730312,2.393030073748886,2.515299211735859
0.49762048,2.395839876500999,2.525592765227775
0.49793784,2.398649679253112,2.535886318719692
0.4982552,2.402396082922597,2.545244094621435
0.49857256,2.408015688426823,2.555537648113352
0.49888992,2.413635293931049,2.564895424015094
0.49920728,2.420191500352647,2.574253199916837
0.49952464,2.428620908608987,2.581739420638231
0.499842,2.437986917782698,2.58828986376945
0.5001593599999999,2.446416326039038,2.593904529310496
0.50047672,2.45671893613012,2.597647639671193
0.50079408,2.46608494530383,2.600454972441716
0.50111144,2.476387555394912,2.602326527622064
0.5014288,2.487626766403365,2.604198082802412
0.5017461599999999,2.497929376494447,2.603262305212239
0.50206352,2.507295385668158,2.602326527622064
0.50238088,2.51759799575924,2.598583417261367
0.50269824,2.52696400493295,2.596711862081018
0.5030156,2.53539341318929,2.592968751720321
0.5033329599999999,2.54382282144563,2.58828986376945
0.50365032,2.551315628784599,2.583610975818579
0.50396768,2.557871835206196,2.577996310277533
0.50428504,2.564428041627794,2.571445867146314
0.5046024,2.569111046214649,2.564895424015094
0.5049197599999999,2.574730651718875,2.5574092032937
0.50523712,2.57847705538836,2.55085876016248
0.50555448,2.582223459057844,2.543372539441086
0.50587184,2.583160059975215,2.536822096309867
0.5061892,2.585033261809957,2.529335875588473
0.5065065599999999,2.585969862727329,2.523721210047427
0.50682392,2.585969862727329,2.518106544506382
0.50714128,2.585033261809957,2.511556101375161
0.50745864,2.584096660892587,2.50687721342429
0.507776,2.583160059975215,2.50032677029307
0.5080933599999999,2.581286858140473,2.494712104752025
0.50841072,2.579413656305731,2.490968994391328
0.50872808,2.576603853553618,2.486290106440457
0.50904544,2.573794050801505,2.481611218489586
0.5093628,2.569111046214649,2.476932330538714
0.5096801599999999,2.566301243462536,2.475060775358366
0.50999752,2.563491440710423,2.471317664997668
0.51031488,2.559745037040938,2.46944610981732
0.51063224,2.556935234288825,2.468510332227146
0.5109496,2.553188830619341,2.466638777046797
0.5112669599999999,2.550379027867228,2.465702999456624
0.51158432,2.547569225115114,2.464767221866449
0.51190168,2.544759422363001,2.464767221866449
0.51221904,2.541949619610888,2.464767221866449
0.5125364,2.539139816858774,2.463831444276275
0.5128537599999999,2.536330014106661,2.462895666686101
0.51317112,2.534456812271919,2.462895666686101
0.51348848,2.532583610437177,2.462895666686101
0.51380584,2.530710408602435,2.462895666686101
0.5141232,2.530710408602435,2.463831444276275
0.5144405599999999,2.529773807685064,2.462895666686101
0.51475792,2.527900605850322,2.462895666686101
0.51507528,2.527900605850322,2.462895666686101
0.51539264,2.52696400493295,2.461959889095926
0.51571,2.526027404015579,2.461024111505752
0.5160273599999999,2.526027404015579,2.460088333915578
0.51634472,2.525090803098208,2.459152556325404
0.51666208,2.524154202180837,2.457281001145055
0.51697944,2.522281000346095,2.455409445964706
0.5172968,2.520407798511353,2.453537890784358
0.5176141599999999,2.519471197593982,2.45166633560401
0.51793152,2.51759799575924,2.449794780423661
0.51824888,2.514788193007127,2.446987447653139
0.51856624,2.511978390255013,2.446051670062964
0.5188836,2.5091685875029,2.445115892472789
0.5192009599999999,2.506358784750787,2.443244337292441
0.51951832,2.501675780163931,2.441372782112093
0.51983568,2.497929376494447,2.440437004521918
0.52015304,2.492309770990221,2.439501226931744
0.5204704,2.488563367320736,2.439501226931744
0.5207877599999999,2.48294376181651,2.439501226931744
0.52110512,2.477324156312283,2.439501226931744
0.52142248,2.471704550808057,2.441372782112093
0.52173984,2.465148344386459,2.441372782112093
0.5220572,2.458592137964862,2.444180114882616
0.5223745599999999,2.452972532460635,2.447923225243312
0.52269192,2.447352926956408,2.450730558013835
0.52300928,2.43986011961744,2.455409445964706
0.52332664,2.434240514113213,2.460088333915578
0.523644,2.427684307691616,2.465702999456624
0.5239613599999999,2.423001303104761,2.472253442587843
0.52427872,2.417381697600534,2.479739663309237
0.52459608,2.412698693013679,2.48909743921098
0.52491344,2.408952289344194,2.497519437522548
0.5252308,2.406142486592081,2.505941435834116
0.5255481599999999,2.404269284757339,2.515299211735859
0.52586552,2.404269284757339,2.524656987637601
0.52618288,2.404269284757339,2.534950541129517
0.52650024,2.404269284757339,2.545244094621435
0.5268176,2.407079087509452,2.555537648113352
0.5271349599999999,2.409888890261565,2.565831201605268
0.52745232,2.412698693013679,2.57518897750701
0.52776968,2.418318298517905,2.583610975818579
0.52808704,2.424874504939503,2.593904529310496
0.5284044,2.434240514113213,2.601390750031889
0.5287217599999999,2.440796720534811,2.60794119316311
0.52903912,2.450162729708522,2.613555858704155
0.52935648,2.459528738882233,2.618234746655026
0.52967384,2.469831348973314,2.621042079425549
0.5299912,2.479197358147025,2.623849412196072
0.5303085599999999,2.490436569155478,2.624785189786246
0.53062592,2.501675780163931,2.624785189786246
0.53094328,2.511978390255013,2.623849412196072
0.53126064,2.521344399428724,2.621977857015724
0.531578,2.531647009519806,2.619170524245201
0.5318953599999999,2.540076417776146,2.615427413884503
0.53221272,2.548505826032486,2.611684303523806
0.53253008,2.555998633371454,2.606069637982761
0.53284744,2.563491440710423,2.600454972441716
0.5331648,2.57004764713202,2.59484030690067
0.5334821599999999,2.576603853553618,2.58828986376945
0.53379952,2.582223459057844,2.581739420638231
0.53411688,2.5869064636447,2.57518897750701
0.5344342399999999,2.592526069148926,2.568638534375791
0.5347516,2.595335871901039,2.561152313654397
0.5350689599999999,2.599082275570524,2.554601870523177
0.53538632,2.600955477405266,2.548051427391957
0.53570368,2.603765280157379,2.540565206670563
0.5360210399999999,2.605638481992121,2.534014763539344
0.5363384,2.605638481992121,2.527464320408124
0.5366557599999999,2.606575082909492,2.521849654867078
0.53697312,2.606575082909492,2.515299211735859
0.53729048,2.605638481992121,2.509684546194813
0.5376078399999999,2.60470188107475,2.505005658243942
0.5379252,2.602828679240008,2.499390992702897
0.5382425599999999,2.601892078322637,2.494712104752025
0.53855992,2.600955477405266,2.490033216801153
0.53887728,2.598145674653153,2.485354328850282
0.5391946399999999,2.596272472818411,2.479739663309237
0.539512,2.593462670066297,2.476932330538714
0.5398293599999999,2.590652867314184,2.472253442587843
0.54014672,2.588779665479442,2.468510332227146
0.54046408,2.5869064636447,2.464767221866449
0.5407814399999999,2.584096660892587,2.462895666686101
0.5410988,2.581286858140473,2.460088333915578
0.5414161599999999,2.57847705538836,2.457281001145055
0.54173352,2.575667252636247,2.456345223554881
0.54205088,2.573794050801505,2.453537890784358
0.5423682399999999,2.570984248049391,2.452602113194184
0.5426856,2.569111046214649,2.450730558013835
0.5430029599999999,2.566301243462536,2.448859002833487
0.54332032,2.563491440710423,2.447923225243312
0.54363768,2.561618238875681,2.446051670062964
0.5439550399999999,2.559745037040938,2.445115892472789
0.5442724,2.557871835206196,2.444180114882616
0.5445897599999999,2.555998633371454,2.442308559702267
0.54490712,2.553188830619341,2.442308559702267
0.54522448,2.551315628784599,2.441372782112093
0.5455418399999999,2.548505826032486,2.440437004521918
0.5458592,2.546632624197743,2.439501226931744
0.5461765599999999,2.54382282144563,2.439501226931744
0.54649392,2.541949619610888,2.43856544934157
0.54681128,2.541013018693517,2.43856544934157
0.5471286399999999,2.538203215941404,2.437629671751396
0.547446,2.53539341318929,2.437629671751396
0.5477633599999999,2.533520211354548,2.437629671751396
0.54808072,2.531647009519806,2.435758116571047
0.54839808,2.529773807685064,2.435758116571047
0.5487154399999999,2.52696400493295,2.434822338980873
0.5490328,2.525090803098208,2.434822338980873
0.5493501599999999,2.524154202180837,2.434822338980873
0.54966752,2.522281000346095,2.434822338980873
0.54998488,2.520407798511353,2.435758116571047
0.5503022399999999,2.518534596676611,2.435758116571047
0.5506196,2.51759799575924,2.435758116571047
0.5509369599999999,2.515724793924498,2.434822338980873
0.55125432,2.513851592089755,2.435758116571047
0.55157168,2.511978390255013,2.435758116571047
0.5518890399999999,2.511041789337642,2.436693894161222
0.5522064,2.510105188420271,2.436693894161222
0.5525237599999999,2.508231986585529,2.436693894161222
0.55284112,2.507295385668158,2.436693894161222
0.55315848,2.506358784750787,2.437629671751396
0.5534758399999999,2.505422183833416,2.437629671751396
0.5537932,2.504485582916045,2.43856544934157
0.5541105599999999,2.502612381081303,2.43856544934157
0.55442792,2.502612381081303,2.439501226931744
0.55474528,2.50073917924656,2.439501226931744
0.5550626399999999,2.499802578329189,2.440437004521918
0.55538,2.498865977411818,2.442308559702267
0.55569736,2.497929376494447,2.442308559702267
0.55601472,2.497929376494447,2.442308559702267
0.55633208,2.497929376494447,2.443244337292441
0.5566494399999999,2.496992775577076,2.445115892472789
0.5569668,2.496992775577076,2.445115892472789
0.55728416,2.496056174659705,2.446051670062964
0.55760152,2.496056174659705,2.446051670062964
0.55791888,2.496056174659705,2.447923225243312
0.5582362399999999,2.495119573742334,2.448859002833487
0.5585536,2.495119573742334,2.448859002833487
0.55887096,2.496056174659705,2.449794780423661
0.55918832,2.495119573742334,2.450730558013835
0.55950568,2.494182972824963,2.450730558013835
0.5598230399999999,2.495119573742334,2.452602113194184
0.5601404,2.495119573742334,2.453537890784358
0.56045776,2.496056174659705,2.454473668374533
0.56077512,2.495119573742334,2.454473668374533
0.56109248,2.496056174659705,2.455409445964706
0.5614098399999999,2.496056174659705,2.455409445964706
0.5617272,2.495119573742334,2.457281001145055
0.56204456,2.497929376494447,2.458216778735229
0.56236192,2.497929376494447,2.459152556325404
0.56267928,2.497929376494447,2.460088333915578
0.5629966399999999,2.498865977411818,2.461024111505752
0.563314,2.499802578329189,2.461024111505752
0.56363136,2.50073917924656,2.461959889095926
0.56394872,2.50073917924656,2.461959889095926
0.56426608,2.502612381081303,2.463831444276275
0.5645834399999999,2.502612381081303,2.464767221866449
0.5649008,2.503548981998673,2.465702999456624
0.56521816,2.504485582916045,2.466638777046797
0.56553552,2.504485582916045,2.466638777046797
0.56585288,2.505422183833416,2.468510332227146
0.5661702399999999,2.506358784750787,2.468510332227146
0.5664876,2.507295385668158,2.46944610981732
0.56680496,2.508231986585529,2.470381887407495
0.56712232,2.510105188420271,2.471317664997668
0.56743968,2.510105188420271,2.472253442587843
0.5677570399999999,2.511978390255013,2.473189220178018
0.5680744,2.512914991172384,2.474124997768191
0.56839176,2.513851592089755,2.475060775358366
0.56870912,2.514788193007127,2.47599655294854
0.56902648,2.515724793924498,2.476932330538714
0.5693438399999999,2.51759799575924,2.477868108128889
0.5696612,2.518534596676611,2.478803885719063
0.56997856,2.518534596676611,2.479739663309237
0.57029592,2.520407798511353,2.479739663309237
0.57061328,2.520407798511353,2.481611218489586
0.5709306399999999,2.522281000346095,2.48254699607976
0.571248,2.522281000346095,2.484418551260108
0.57156536,2.524154202180837,2.484418551260108
0.57188272,2.525090803098208,2.485354328850282
0.57220008,2.525090803098208,2.487225884030631
0.5725174399999999,2.52696400493295,2.488161661620805
0.5728348,2.527900605850322,2.48909743921098
0.57315216,2.528837206767693,2.490033216801153
0.57346952,2.530710408602435,2.490968994391328
0.57378688,2.531647009519806,2.491904771981503
0.5741042399999999,2.531647009519806,2.492840549571676
0.5744216,2.533520211354548,2.493776327161851
0.57473896,2.53539341318929,2.495647882342199
0.57505632,2.536330014106661,2.495647882342199
0.57537368,2.537266615024032,2.497519437522548
0.5756910399999999,2.538203215941404,2.498455215112722
0.5760084,2.539139816858774,2.50032677029307
0.57632576,2.540076417776146,2.501262547883245
0.57664312,2.541013018693517,2.502198325473419
0.57696048,2.542886220528259,2.504069880653768
0.5772778399999999,2.544759422363001,2.505941435834116
0.5775952,2.545696023280372,2.50687721342429
0.57791256,2.546632624197743,2.507812991014465
0.57822992,2.547569225115114,2.508748768604639
0.57854728,2.549442426949856,2.510620323784988
0.5788646399999999,2.551315628784599,2.512491878965336
0.579182,2.551315628784599,2.51342765655551
0.57949936,2.553188830619341,2.515299211735859
0.57981672,2.555062032454083,2.517170766916207
0.58013408,2.556935234288825,2.51997809968673
0.5804514399999999,2.557871835206196,2.520913877276904
0.5807688,2.558808436123567,2.522785432457253
0.58108616,2.559745037040938,2.524656987637601
0.58140352,2.561618238875681,2.52652854281795
0.58172088,2.562554839793052,2.528400097998298
0.5820382399999999,2.563491440710423,2.531207430768821
0.5823556,2.565364642545165,2.534014763539344
0.58267296,2.565364642545165,2.535886318719692
0.58299032,2.566301243462536,2.53775787390004
0.58330768,2.567237844379907,2.540565206670563
0.5836250399999999,2.568174445297278,2.544308317031261
0.5839424,2.568174445297278,2.546179872211609
0.58425976,2.568174445297278,2.549922982572306
0.58457712,2.569111046214649,2.552730315342829
0.58489448,2.569111046214649,2.555537648113352
0.5852118399999999,2.569111046214649,2.558344980883875
0.5855292,2.569111046214649,2.562088091244571
0.58584656,2.569111046214649,2.565831201605268
0.5861639199999999,2.569111046214649,2.568638534375791
0.58648128,2.569111046214649,2.573317422326662
0.5867986399999999,2.567237844379907,2.576124755097185
0.587116,2.567237844379907,2.580803643048056
0.58743336,2.567237844379907,2.584546753408753
0.5877507199999999,2.565364642545165,2.58828986376945
0.58806808,2.564428041627794,2.592968751720321
0.5883854399999999,2.563491440710423,2.596711862081018
0.5887028,2.561618238875681,2.601390750031889
0.58902016,2.559745037040938,2.605133860392587
0.5893375199999999,2.557871835206196,2.609812748343458
0.58965488,2.555062032454083,2.614491636294329
0.5899722399999999,2.55225222970197,2.618234746655026
0.5902896,2.549442426949856,2.621977857015724
0.59060696,2.545696023280372,2.626656744966595
0.5909243199999999,2.542886220528259,2.631335632917466
0.59124168,2.539139816858774,2.636014520868337
0.5915590399999999,2.536330014106661,2.63882185363886
0.5918764,2.531647009519806,2.642564963999557
0.59219376,2.527900605850322,2.647243851950428
0.5925111199999999,2.523217601263466,2.650986962311125
0.59282848,2.518534596676611,2.654730072671822
0.5931458399999999,2.512914991172384,2.657537405442345
0.5934632,2.507295385668158,2.660344738212867
0.59378056,2.50073917924656,2.664087848573565
0.5940979199999999,2.494182972824963,2.666895181344088
0.59441528,2.486690165485994,2.66970251411461
0.5947326399999999,2.481070559981768,2.671574069294959
0.59505,2.47451435356017,2.674381402065482
0.59536736,2.467021546221202,2.675317179655655
0.5956847199999999,2.458592137964862,2.677188734836004
0.59600208,2.451099330625893,2.677188734836004
0.5963194399999999,2.442669922369553,2.677188734836004
0.5966368,2.435177115030585,2.677188734836004
0.59695416,2.426747706774245,2.677188734836004
0.5972715199999999,2.418318298517905,2.67625295724583
0.59758888,2.409888890261565,2.674381402065482
0.5979062399999999,2.402396082922597,2.672509846885132
0.5982236,2.393966674666257,2.668766736524436
0.59854096,2.38741046824466,2.665023626163738
0.5988583199999999,2.37898105998832,2.660344738212867
0.59917568,2.371488252649351,2.65660162785217
0.5994930399999999,2.363995445310382,2.650986962311125
0.5998104,2.357439238888785,2.64537229677008
0.60012776,2.350883032467187,2.637886076048686
0.6004451199999999,2.34432682604559,2.629464077737117
0.60076248,2.338707220541363,2.621042079425549
0.6010798399999999,2.333087615037137,2.612620081113981
0.6013972,2.329341211367652,2.603262305212239
0.60171456,2.326531408615539,2.593904529310496
0.6020319199999999,2.324658206780797,2.583610975818579
0.60234928,2.322785004946055,2.573317422326662
0.6026666399999999,2.322785004946055,2.562088091244571
0.602984,2.321848404028684,2.552730315342829
0.60330136,2.322785004946055,2.541500984260738
0.6036187199999999,2.324658206780797,2.532143208358995
0.60393608,2.326531408615539,2.521849654867078
0.6042534399999999,2.329341211367652,2.512491878965336
0.6045708,2.333087615037137,2.503134103063593
0.60488816,2.337770619623992,2.493776327161851
0.6052055199999999,2.342453624210847,2.484418551260108
0.60552288,2.347136628797703,2.47599655294854
0.6058402399999999,2.352756234301929,2.467574554636972
0.6061576,2.359312440723527,2.460088333915578
0.60647496,2.365868647145124,2.452602113194184
0.6067923199999999,2.373361454484093,2.446051670062964
0.60710968,2.380854261823062,2.439501226931744
0.6074270399999999,2.38741046824466,2.433886561390699
0.6077444,2.394903275583628,2.429207673439827
0.60806176,2.401459482005226,2.425464563079131
0.6083791199999999,2.408952289344194,2.420785675128259
0.60869648,2.414571894848421,2.417042564767562
0.6090138399999999,2.422064702187389,2.415171009587214
0.6093312,2.429557509526358,2.412363676816691
0.60964856,2.437050316865327,2.410492121636342
0.6099659199999999,2.444543124204295,2.408620566455994
0.61028328,2.451099330625893,2.408620566455994
0.6106006399999999,2.458592137964862,2.407684788865819
0.610918,2.465148344386459,2.408620566455994
0.61123536,2.471704550808057,2.408620566455994
0.6115527199999999,2.476387555394912,2.409556344046169
0.61187008,2.48294376181651,2.410492121636342
0.6121874399999999,2.488563367320736,2.410492121636342
0.6125048,2.493246371907591,2.412363676816691
0.61282216,2.498865977411818,2.413299454406865
0.6131395199999999,2.503548981998673,2.416106787177388
0.61345688,2.508231986585529,2.418914119947911
0.61377424,2.512914991172384,2.420785675128259
0.6140916,2.516661394841869,2.423593007898782
0.61440896,2.520407798511353,2.425464563079131
0.6147263199999999,2.524154202180837,2.427336118259479
0.61504368,2.527900605850322,2.430143451030002
0.61536104,2.530710408602435,2.43201500621035
0.6156784,2.533520211354548,2.433886561390699
0.61599576,2.536330014106661,2.436693894161222
0.6163131199999999,2.539139816858774,2.43856544934157
0.61663048,2.541949619610888,2.440437004521918
0.61694784,2.54382282144563,2.441372782112093
0.6172652,2.546632624197743,2.444180114882616
0.61758256,2.550379027867228,2.446051670062964
0.6178999199999999,2.553188830619341,2.447923225243312
0.61821728,2.555062032454083,2.449794780423661
0.61853464,2.557871835206196,2.452602113194184
0.618852,2.560681637958309,2.454473668374533
0.61916936,2.563491440710423,2.455409445964706
0.6194867199999999,2.566301243462536,2.458216778735229
0.61980408,2.569111046214649,2.461024111505752
0.62012144,2.571920848966763,2.462895666686101
0.6204388,2.574730651718875,2.466638777046797
0.62075616,2.577540454470989,2.46944610981732
0.6210735199999999,2.580350257223102,2.471317664997668
0.62139088,2.583160059975215,2.475060775358366
0.62170824,2.585033261809957,2.477868108128889
0.6220256,2.587843064562071,2.481611218489586
0.62234296,2.590652867314184,2.484418551260108
0.6226603199999999,2.592526069148926,2.488161661620805
0.62297768,2.594399270983669,2.492840549571676
0.62329504,2.597209073735782,2.496583659932374
0.6236124,2.598145674653153,2.50032677029307
0.62392976,2.600955477405266,2.505005658243942
0.6242471199999999,2.603765280157379,2.509684546194813
0.62456448,2.605638481992121,2.514363434145684
0.62488184,2.606575082909492,2.519042322096555
0.6251992,2.607511683826864,2.523721210047427
0.62551656,2.607511683826864,2.529335875588473
0.6258339199999999,2.608448284744235,2.534950541129517
0.62615128,2.607511683826864,2.541500984260738
0.62646864,2.606575082909492,2.546179872211609
0.626786,2.606575082909492,2.551794537752654
0.62710336,2.60470188107475,2.558344980883875
0.6274207199999999,2.602828679240008,2.563959646424919
0.62773808,2.600018876487895,2.570510089556139
0.62805544,2.598145674653153,2.577060532687359
0.6283728,2.595335871901039,2.583610975818579
0.62869016,2.590652867314184,2.58828986376945
0.6290075199999999,2.5869064636447,2.59484030690067
0.62932488,2.584096660892587,2.601390750031889
0.62964224,2.579413656305731,2.606069637982761
0.6299596,2.574730651718875,2.611684303523806
0.63027696,2.57004764713202,2.617298969064852
0.6305943199999999,2.564428041627794,2.621977857015724
0.63091168,2.558808436123567,2.626656744966595
0.63122904,2.553188830619341,2.631335632917466
0.6315464,2.546632624197743,2.635078743278163
0.63186376,2.540076417776146,2.639757631229034
0.6321811199999999,2.534456812271919,2.643500741589731
0.63249848,2.527900605850322,2.647243851950428
0.63281584,2.521344399428724,2.649115407130776
0.6331332,2.512914991172384,2.651922739901299
0.63345056,2.505422183833416,2.654730072671822
0.6337679199999999,2.496992775577076,2.65660162785217
0.63408528,2.489499968238107,2.657537405442345
0.63440264,2.482007160899139,2.657537405442345
0.63472,2.47451435356017,2.658473183032519
0.63503736,2.46608494530383,2.657537405442345
0.6353547199999999,2.458592137964862,2.657537405442345
0.63567208,2.451099330625893,2.655665850261996
0.63598944,2.442669922369553,2.654730072671822
0.6363068,2.435177115030585,2.652858517491474
0.63662416,2.427684307691616,2.650051184720951
0.6369415199999999,2.420191500352647,2.646308074360253
0.63725888,2.412698693013679,2.642564963999557
0.63757624,2.406142486592081,2.63882185363886
0.6378935999999999,2.401459482005226,2.635078743278163
0.63821096,2.393966674666257,2.629464077737117
0.6385283199999999,2.38834706916203,2.623849412196072
0.63884568,2.382727463657804,2.618234746655026
0.63916304,2.377107858153578,2.611684303523806
0.6394803999999999,2.374298055401464,2.605133860392587
0.63979776,2.369615050814609,2.598583417261367
0.6401151199999999,2.365868647145124,2.591097196539973
0.64043248,2.36212224347564,2.583610975818579
0.64074984,2.359312440723527,2.57518897750701
0.6410671999999999,2.358375839806156,2.566766979195442
0.64138456,2.355566037054043,2.558344980883875
0.6417019199999999,2.354629436136672,2.549922982572306
0.64201928,2.353692835219301,2.541500984260738
0.64233664,2.354629436136672,2.534014763539344
0.6426539999999999,2.354629436136672,2.524656987637601
0.64297136,2.356502637971414,2.517170766916207
0.6432887199999999,2.358375839806156,2.508748768604639
0.64360608,2.360249041640898,2.501262547883245
0.64392344,2.36212224347564,2.493776327161851
0.6442407999999999,2.365868647145124,2.486290106440457
0.64455816,2.369615050814609,2.478803885719063
0.6448755199999999,2.373361454484093,2.470381887407495
0.64519288,2.377107858153578,2.463831444276275
0.64551024,2.382727463657804,2.457281001145055
0.6458275999999999,2.386473867327288,2.450730558013835
0.64614496,2.392093472831515,2.445115892472789
0.6464623199999999,2.39677647741837,2.43856544934157
0.64677968,2.403332683839968,2.432950783800525
0.64709704,2.408015688426823,2.428271895849654
0.6474143999999999,2.413635293931049,2.423593007898782
0.64773176,2.420191500352647,2.420785675128259
0.6480491199999999,2.425811105856874,2.417042564767562
0.64836648,2.432367312278471,2.413299454406865
0.64868384,2.437986917782698,2.410492121636342
0.6490011999999999,2.443606523286924,2.407684788865819
0.64931856,2.451099330625893,2.405813233685471
0.6496359199999999,2.455782335212748,2.403941678505123
0.64995328,2.462338541634346,2.402070123324775
0.65027064,2.467958147138572,2.400198568144425
0.6505879999999999,2.473577752642799,2.400198568144425
0.65090536,2.478260757229654,2.400198568144425
0.6512227199999999,2.483880362733881,2.400198568144425
0.65154008,2.490436569155478,2.400198568144425
0.65185744,2.496056174659705,2.4011343457346
0.6521747999999999,2.50073917924656,2.4011343457346
0.65249216,2.506358784750787,2.403005900914948
0.6528095199999999,2.511041789337642,2.403941678505123
0.65312688,2.515724793924498,2.405813233685471
0.65344424,2.520407798511353,2.407684788865819
0.6537615999999999,2.525090803098208,2.408620566455994
0.65407896,2.528837206767693,2.411427899226517
0.6543963199999999,2.530710408602435,2.413299454406865
0.65471368,2.53539341318929,2.415171009587214
0.65503104,2.538203215941404,2.417042564767562
0.6553483999999999,2.541013018693517,2.419849897538085
0.65566576,2.54382282144563,2.422657230308608
0.6559831199999999,2.547569225115114,2.425464563079131
0.65630048,2.550379027867228,2.428271895849654
0.65661784,2.551315628784599,2.431079228620176
0.6569351999999999,2.553188830619341,2.433886561390699
0.65725256,2.555998633371454,2.435758116571047
0.6575699199999999,2.557871835206196,2.43856544934157
0.65788728,2.559745037040938,2.441372782112093
0.65820464,2.561618238875681,2.444180114882616
0.6585219999999999,2.561618238875681,2.446987447653139
0.65883936,2.562554839793052,2.448859002833487
0.6591567199999999,2.563491440710423,2.45166633560401
0.65947408,2.564428041627794,2.454473668374533
0.65979144,2.565364642545165,2.456345223554881
0.6601087999999999,2.566301243462536,2.459152556325404
0.66042616,2.567237844379907,2.461024111505752
0.6607435199999999,2.568174445297278,2.464767221866449
0.66106088,2.568174445297278,2.465702999456624
0.66137824,2.569111046214649,2.468510332227146
0.6616955999999999,2.569111046214649,2.470381887407495
0.66201296,2.57004764713202,2.471317664997668
0.6623303199999999,2.569111046214649,2.473189220178018
0.66264768,2.57004764713202,2.475060775358366
0.66296504,2.571920848966763,2.477868108128889
0.6632823999999999,2.571920848966763,2.478803885719063
0.66359976,2.572857449884133,2.480675440899411
0.6639171199999999,2.573794050801505,2.48254699607976
0.66423448,2.573794050801505,2.484418551260108
0.66455184,2.574730651718875,2.485354328850282
0.6648691999999999,2.575667252636247,2.487225884030631
0.66518656,2.575667252636247,2.48909743921098
0.6655039199999999,2.576603853553618,2.490968994391328
0.66582128,2.576603853553618,2.491904771981503
0.66613864,2.576603853553618,2.493776327161851
0.6664559999999999,2.577540454470989,2.495647882342199
0.66677336,2.579413656305731,2.498455215112722
0.6670907199999999,2.580350257223102,2.498455215112722
0.66740808,2.581286858140473,2.50032677029307
0.66772544,2.583160059975215,2.502198325473419
0.6680427999999999,2.583160059975215,2.504069880653768
0.66836016,2.584096660892587,2.505005658243942
0.6686775199999999,2.584096660892587,2.50687721342429
0.66899488,2.585033261809957,2.508748768604639
0.66931224,2.585969862727329,2.510620323784988
0.6696295999999999,2.587843064562071,2.512491878965336
0.66994696,2.587843064562071,2.514363434145684
0.6702643199999999,2.588779665479442,2.516234989326033
0.67058168,2.588779665479442,2.518106544506382
0.67089904,2.589716266396813,2.520913877276904
0.6712163999999999,2.589716266396813,2.522785432457253
0.67153376,2.590652867314184,2.524656987637601
0.67185112,2.590652867314184,2.527464320408124
0.67216848,2.590652867314184,2.529335875588473
0.67248584,2.591589468231555,2.531207430768821
0.6728031999999999,2.590652867314184,2.534014763539344
0.67312056,2.590652867314184,2.535886318719692
0.67343792,2.590652867314184,2.53775787390004
0.67375528,2.590652867314184,2.539629429080389
0.67407264,2.590652867314184,2.541500984260738
0.6743899999999999,2.590652867314184,2.544308317031261
0.67470736,2.590652867314184,2.546179872211609
0.67502472,2.590652867314184,2.548987204982132
0.67534208,2.589716266396813,2.55085876016248
0.67565944,2.588779665479442,2.552730315342829
0.6759767999999999,2.587843064562071,2.554601870523177
0.67629416,2.587843064562071,2.556473425703525
0.67661152,2.587843064562071,2.558344980883875
0.67692888,2.5869064636447,2.560216536064223
0.67724624,2.585033261809957,2.563023868834746
0.6775635999999999,2.584096660892587,2.563959646424919
0.67788096,2.584096660892587,2.566766979195442
0.67819832,2.583160059975215,2.567702756785617
0.67851568,2.581286858140473,2.569574311965965
0.67883304,2.580350257223102,2.571445867146314
0.6791503999999999,2.579413656305731,2.572381644736488
0.67946776,2.57847705538836,2.576124755097185
0.67978512,2.577540454470989,2.577060532687359
0.68010248,2.576603853553618,2.577996310277533
0.68041984,2.574730651718875,2.579867865457881
0.6807371999999999,2.573794050801505,2.580803643048056
0.68105456,2.572857449884133,2.581739420638231
0.68137192,2.571920848966763,2.582675198228404
0.68168928,2.570984248049391,2.583610975818579
0.68200664,2.57004764713202,2.585482530998927
0.6823239999999999,2.568174445297278,2.585482530998927
0.68264136,2.566301243462536,2.586418308589102
0.68295872,2.566301243462536,2.587354086179276
0.68327608,2.564428041627794,2.58828986376945
0.68359344,2.563491440710423,2.58828986376945
0.6839107999999999,2.562554839793052,2.58828986376945
0.68422816,2.560681637958309,2.58828986376945
0.68454552,2.560681637958309,2.589225641359625
0.68486288,2.559745037040938,2.58828986376945
0.68518024,2.558808436123567,2.590161418949799
0.6854975999999999,2.557871835206196,2.590161418949799
0.68581496,2.555062032454083,2.590161418949799
0.68613232,2.555062032454083,2.590161418949799
0.68644968,2.554125431536712,2.589225641359625
0.68676704,2.553188830619341,2.589225641359625
0.6870843999999999,2.55225222970197,2.589225641359625
0.68740176,2.551315628784599,2.589225641359625
0.68771912,2.550379027867228,2.589225641359625
0.68803648,2.550379027867228,2.58828986376945
0.68835384,2.549442426949856,2.587354086179276
0.6886711999999999,2.548505826032486,2.586418308589102
0.68898856,2.548505826032486,2.586418308589102
0.68930592,2.547569225115114,2.585482530998927
0.6896232799999999,2.547569225115114,2.583610975818579
0.68994064,2.545696023280372,2.582675198228404
0.6902579999999999,2.545696023280372,2.581739420638231
0.69057536,2.545696023280372,2.580803643048056
0.69089272,2.544759422363001,2.579867865457881
0.6912100799999999,2.544759422363001,2.577996310277533
0.69152744,2.54382282144563,2.577996310277533
0.6918447999999999,2.544759422363001,2.577060532687359
0.69216216,2.54382282144563,2.574253199916837
0.69247952,2.542886220528259,2.572381644736488
0.6927968799999999,2.542886220528259,2.570510089556139
0.69311424,2.542886220528259,2.568638534375791
0.6934315999999999,2.541949619610888,2.566766979195442
0.69374896,2.541013018693517,2.565831201605268
0.69406632,2.541949619610888,2.563959646424919
0.6943836799999999,2.541949619610888,2.562088091244571
0.69470104,2.541949619610888,2.560216536064223
0.6950183999999999,2.541949619610888,2.558344980883875
0.69533576,2.541013018693517,2.5574092032937
0.69565312,2.541949619610888,2.555537648113352
0.6959704799999999,2.541013018693517,2.552730315342829
0.69628784,2.540076417776146,2.549922982572306
0.6966051999999999,2.540076417776146,2.548051427391957
0.69692256,2.539139816858774,2.546179872211609
0.69723992,2.539139816858774,2.544308317031261
0.6975572799999999,2.538203215941404,2.541500984260738
0.69787464,2.538203215941404,2.539629429080389
0.6981919999999999,2.538203215941404,2.53775787390004
0.69850936,2.537266615024032,2.536822096309867
0.69882672,2.537266615024032,2.534014763539344
0.6991440799999999,2.536330014106661,2.531207430768821
0.69946144,2.536330014106661,2.528400097998298
0.6997787999999999,2.53539341318929,2.52652854281795
0.70009616,2.534456812271919,2.524656987637601
0.70041352,2.534456812271919,2.522785432457253
0.7007308799999999,2.532583610437177,2.51997809968673
0.70104824,2.531647009519806,2.518106544506382
0.7013655999999999,2.531647009519806,2.516234989326033
0.70168296,2.531647009519806,2.514363434145684
0.70200032,2.529773807685064,2.512491878965336
0.7023176799999999,2.528837206767693,2.509684546194813
0.70263504,2.527900605850322,2.508748768604639
0.7029523999999999,2.526027404015579,2.50687721342429
0.70326976,2.525090803098208,2.505005658243942
0.70358712,2.524154202180837,2.502198325473419
0.7039044799999999,2.522281000346095,2.501262547883245
0.70422184,2.521344399428724,2.499390992702897
0.7045391999999999,2.521344399428724,2.497519437522548
0.70485656,2.519471197593982,2.495647882342199
0.70517392,2.518534596676611,2.493776327161851
0.7054912799999999,2.516661394841869,2.491904771981503
0.70580864,2.514788193007127,2.490033216801153
0.7061259999999999,2.513851592089755,2.48909743921098
0.70644336,2.511041789337642,2.486290106440457
0.70676072,2.511041789337642,2.484418551260108
0.7070780799999999,2.508231986585529,2.483482773669934
0.70739544,2.508231986585529,2.48254699607976
0.7077127999999999,2.507295385668158,2.481611218489586
0.70803016,2.505422183833416,2.479739663309237
0.70834752,2.503548981998673,2.479739663309237
0.7086648799999999,2.501675780163931,2.478803885719063
0.70898224,2.50073917924656,2.477868108128889
0.7092995999999999,2.499802578329189,2.476932330538714
0.70961696,2.497929376494447,2.47599655294854
0.70993432,2.496056174659705,2.475060775358366
0.7102516799999999,2.495119573742334,2.475060775358366
0.71056904,2.494182972824963,2.474124997768191
0.7108863999999999,2.492309770990221,2.473189220178018
0.71120376,2.491373170072849,2.472253442587843
0.71152112,2.490436569155478,2.472253442587843
0.7118384799999999,2.489499968238107,2.473189220178018
0.71215584,2.487626766403365,2.472253442587843
0.7124731999999999,2.486690165485994,2.471317664997668
0.71279056,2.485753564568623,2.471317664997668
0.71310792,2.484816963651252,2.471317664997668
0.7134252799999999,2.48294376181651,2.46944610981732
0.71374264,2.481070559981768,2.46944610981732
0.7140599999999999,2.481070559981768,2.46944610981732
0.71437736,2.480133959064396,2.46944610981732
0.71469472,2.481070559981768,2.46944610981732
0.7150120799999999,2.480133959064396,2.46944610981732
0.71532944,2.480133959064396,2.468510332227146
0.7156467999999999,2.479197358147025,2.468510332227146
0.71596416,2.479197358147025,2.467574554636972
0.71628152,2.479197358147025,2.466638777046797
0.7165988799999999,2.478260757229654,2.466638777046797
0.71691624,2.478260757229654,2.465702999456624
0.7172335999999999,2.478260757229654,2.465702999456624
0.71755096,2.478260757229654,2.464767221866449
0.71786832,2.477324156312283,2.463831444276275
0.7181856799999999,2.476387555394912,2.461959889095926
0.71850304,2.476387555394912,2.461024111505752
0.7188203999999999,2.476387555394912,2.461024111505752
0.71913776,2.476387555394912,2.459152556325404
0.71945512,2.475450954477541,2.457281001145055
0.7197724799999999,2.47451435356017,2.455409445964706
0.72008984,2.47451435356017,2.453537890784358
0.7204071999999999,2.473577752642799,2.452602113194184
0.72072456,2.471704550808057,2.449794780423661
0.72104192,2.470767949890686,2.447923225243312
0.7213592799999999,2.469831348973314,2.446051670062964
0.72167664,2.467958147138572,2.445115892472789
0.7219939999999999,2.46608494530383,2.442308559702267
0.72231136,2.463275142551717,2.439501226931744
0.72262872,2.461401940716975,2.437629671751396
0.7229460799999999,2.45765553704749,2.436693894161222
0.72326344,2.455782335212748,2.434822338980873
0.7235807999999999,2.452035931543264,2.433886561390699
0.72389816,2.44828952787378,2.43201500621035
0.72421552,2.444543124204295,2.431079228620176
0.7245328799999999,2.438923518700069,2.430143451030002
0.72485024,2.435177115030585,2.430143451030002
0.7251675999999999,2.429557509526358,2.430143451030002
0.72548496,2.425811105856874,2.431079228620176
0.72580232,2.419254899435276,2.43201500621035
0.7261196799999999,2.413635293931049,2.432950783800525
0.72643704,2.408015688426823,2.434822338980873
0.7267543999999999,2.402396082922597,2.436693894161222
0.72707176,2.39677647741837,2.439501226931744
0.72738912,2.391156871914144,2.442308559702267
0.7277064799999999,2.384600665492546,2.446987447653139
0.72802384,2.377107858153578,2.45166633560401
0.7283411999999999,2.372424853566722,2.457281001145055
0.72865856,2.364932046227754,2.463831444276275
0.72897592,2.359312440723527,2.470381887407495
0.7292932799999999,2.354629436136672,2.476932330538714
0.72961064,2.349946431549816,2.484418551260108
0.729928,2.346200027880332,2.492840549571676
0.73024536,2.342453624210847,2.501262547883245
0.73056272,2.339643821458734,2.510620323784988
0.7308800799999999,2.336834018706621,2.51997809968673
0.73119744,2.33589741778925,2.530271653178646
0.7315148,2.33589741778925,2.540565206670563
0.73183216,2.334960816871879,2.551794537752654
0.73214952,2.33589741778925,2.562088091244571
0.7324668799999999,2.337770619623992,2.573317422326662
0.73278424,2.340580422376105,2.583610975818579
0.7331016,2.345263426962961,2.59484030690067
0.73341896,2.350883032467187,2.604198082802412
0.73373632,2.358375839806156,2.614491636294329
0.7340536799999999,2.366805248062496,2.622913634605897
0.73437104,2.374298055401464,2.630399855327291
0.7346884,2.384600665492546,2.636950298458511
0.73500576,2.393966674666257,2.641629186409382
0.73532312,2.40520588567471,2.646308074360253
0.7356404799999999,2.415508495765792,2.650051184720951
0.73595784,2.426747706774245,2.652858517491474
0.7362752,2.438923518700069,2.654730072671822
0.73659256,2.450162729708522,2.654730072671822
0.73690992,2.461401940716975,2.654730072671822
0.7372272799999999,2.473577752642799,2.652858517491474
0.73754464,2.484816963651252,2.649115407130776
0.737862,2.496056174659705,2.646308074360253
0.73817936,2.504485582916045,2.640693408819208
0.73849672,2.514788193007127,2.635078743278163
0.7388140799999999,2.522281000346095,2.628528300146943
0.73913144,2.529773807685064,2.622913634605897
0.7394488,2.536330014106661,2.615427413884503
0.73976616,2.542886220528259,2.608876970753284
0.74008352,2.548505826032486,2.600454972441716
0.7404008799999999,2.55225222970197,2.592968751720321
0.74071824,2.556935234288825,2.585482530998927
0.7410356,2.558808436123567,2.577060532687359
0.7413529599999999,2.562554839793052,2.568638534375791
0.74167032,2.563491440710423,2.560216536064223
0.7419876799999999,2.565364642545165,2.553666092933003
0.74230504,2.565364642545165,2.545244094621435
0.7426224,2.565364642545165,2.539629429080389
0.7429397599999999,2.564428041627794,2.534014763539344
0.74325712,2.562554839793052,2.527464320408124
0.7435744799999999,2.560681637958309,2.521849654867078
0.74389184,2.557871835206196,2.516234989326033
0.7442092,2.555998633371454,2.511556101375161
0.7445265599999999,2.553188830619341,2.50687721342429
0.74484392,2.549442426949856,2.503134103063593
0.7451612799999999,2.546632624197743,2.499390992702897
0.74547864,2.542886220528259,2.497519437522548
0.745796,2.540076417776146,2.494712104752025
0.7461133599999999,2.536330014106661,2.492840549571676
0.74643072,2.532583610437177,2.490033216801153
0.7467480799999999,2.528837206767693,2.490033216801153
0.74706544,2.526027404015579,2.48909743921098
0.7473828,2.522281000346095,2.487225884030631
0.7477001599999999,2.519471197593982,2.486290106440457
0.74801752,2.515724793924498,2.486290106440457
0.7483348799999999,2.513851592089755,2.486290106440457
0.74865224,2.511041789337642,2.487225884030631
0.7489696,2.5091685875029,2.488161661620805
0.7492869599999999,2.507295385668158,2.48909743921098
0.74960432,2.505422183833416,2.48909743921098
0.7499216799999999,2.504485582916045,2.48909743921098
0.75023904,2.503548981998673,2.490033216801153
0.7505564,2.502612381081303,2.490033216801153
0.7508737599999999,2.50073917924656,2.490968994391328
0.75119112,2.50073917924656,2.490968994391328
0.7515084799999999,2.50073917924656,2.490968994391328
0.75182584,2.499802578329189,2.490968994391328
0.7521432,2.499802578329189,2.491904771981503
0.7524605599999999,2.50073917924656,2.490968994391328
0.75277792,2.499802578329189,2.490968994391328
0.7530952799999999,2.498865977411818,2.48909743921098
0.75341264,2.499802578329189,2.488161661620805
0.75373,2.499802578329189,2.487225884030631
0.7540473599999999,2.498865977411818,2.486290106440457
0.75436472,2.498865977411818,2.485354328850282
0.7546820799999999,2.498865977411818,2.483482773669934
0.75499944,2.497929376494447,2.48254699607976
0.7553168,2.497929376494447,2.480675440899411
0.7556341599999999,2.497929376494447,2.479739663309237
0.75595152,2.496056174659705,2.477868108128889
0.7562688799999999,2.494182972824963,2.47599655294854
0.75658624,2.494182972824963,2.474124997768191
0.7569036,2.492309770990221,2.473189220178018
0.7572209599999999,2.489499968238107,2.471317664997668
0.75753832,2.487626766403365,2.46944610981732
0.7578556799999999,2.485753564568623,2.46944610981732
0.75817304,2.48294376181651,2.467574554636972
0.7584904,2.480133959064396,2.466638777046797
0.7588077599999999,2.477324156312283,2.466638777046797
0.75912512,2.473577752642799,2.466638777046797
0.7594424799999999,2.469831348973314,2.465702999456624
0.75975984,2.46608494530383,2.466638777046797
0.7600772,2.463275142551717,2.466638777046797
0.7603945599999999,2.458592137964862,2.467574554636972
0.76071192,2.453909133378006,2.467574554636972
0.7610292799999999,2.450162729708522,2.46944610981732
0.76134664,2.445479725121666,2.472253442587843
0.761664,2.440796720534811,2.475060775358366
0.7619813599999999,2.436113715947956,2.477868108128889
0.76229872,2.4314307113611,2.48254699607976
0.7626160799999999,2.427684307691616,2.486290106440457
0.76293344,2.423937904022131,2.490968994391328
0.7632508,2.419254899435276,2.497519437522548
0.7635681599999999,2.416445096683163,2.502198325473419
0.76388552,2.413635293931049,2.507812991014465
0.7642028799999999,2.411762092096307,2.514363434145684
0.76452024,2.408952289344194,2.520913877276904
0.7648376,2.407079087509452,2.528400097998298
0.7651549599999999,2.407079087509452,2.536822096309867
0.76547232,2.407079087509452,2.544308317031261
0.7657896799999999,2.408015688426823,2.551794537752654
0.76610704,2.409888890261565,2.560216536064223
0.7664244,2.412698693013679,2.568638534375791
0.7667417599999999,2.416445096683163,2.576124755097185
0.76705912,2.420191500352647,2.583610975818579
0.7673764799999999,2.424874504939503,2.590161418949799
0.76769384,2.4314307113611,2.597647639671193
0.7680112,2.437050316865327,2.602326527622064
0.7683285599999999,2.445479725121666,2.607005415572935
0.76864592,2.454845734295377,2.611684303523806
0.7689632799999999,2.462338541634346,2.615427413884503
0.76928064,2.469831348973314,2.617298969064852
0.769598,2.479197358147025,2.618234746655026
0.7699153599999999,2.488563367320736,2.618234746655026
0.77023272,2.496992775577076,2.617298969064852
0.7705500799999999,2.505422183833416,2.616363191474678
0.77086744,2.514788193007127,2.613555858704155
0.7711848,2.522281000346095,2.610748525933632
0.7715021599999999,2.530710408602435,2.607005415572935
0.77181952,2.537266615024032,2.604198082802412
0.7721368799999999,2.544759422363001,2.598583417261367
0.77245424,2.550379027867228,2.592968751720321
0.7727716,2.555998633371454,2.587354086179276
0.7730889599999999,2.561618238875681,2.581739420638231
0.77340632,2.566301243462536,2.574253199916837
0.7737236799999999,2.569111046214649,2.567702756785617
0.77404104,2.572857449884133,2.561152313654397
0.7743584,2.576603853553618,2.554601870523177
0.7746757599999999,2.57847705538836,2.547115649801783
0.77499312,2.579413656305731,2.539629429080389
0.7753104799999999,2.580350257223102,2.534014763539344
0.77562784,2.581286858140473,2.527464320408124
0.7759452,2.580350257223102,2.521849654867078
0.7762625599999999,2.57847705538836,2.515299211735859
0.77657992,2.577540454470989,2.509684546194813
0.7768972799999999,2.575667252636247,2.504069880653768
0.77721464,2.572857449884133,2.499390992702897
0.777532,2.57004764713202,2.494712104752025
0.7778493599999999,2.567237844379907,2.490033216801153
0.77816672,2.566301243462536,2.486290106440457
0.7784840799999999,2.562554839793052,2.483482773669934
0.77880144,2.558808436123567,2.478803885719063
0.7791188,2.555998633371454,2.47599655294854
0.7794361599999999,2.553188830619341,2.474124997768191
0.77975352,2.549442426949856,2.471317664997668
0.7800708799999999,2.546632624197743,2.46944610981732
0.78038824,2.54382282144563,2.467574554636972
0.7807056,2.540076417776146,2.466638777046797
0.7810229599999999,2.537266615024032,2.464767221866449
0.78134032,2.534456812271919,2.464767221866449
0.7816576799999999,2.531647009519806,2.462895666686101
0.78197504,2.528837206767693,2.461959889095926
0.7822924,2.526027404015579,2.461024111505752
0.7826097599999999,2.524154202180837,2.460088333915578
0.78292712,2.521344399428724,2.459152556325404
0.7832444799999999,2.518534596676611,2.459152556325404
0.78356184,2.515724793924498,2.458216778735229
0.7838792,2.513851592089755,2.456345223554881
0.7841965599999999,2.511041789337642,2.455409445964706
0.78451392,2.508231986585529,2.454473668374533
0.7848312799999999,2.506358784750787,2.453537890784358
0.78514864,2.502612381081303,2.453537890784358
0.785466,2.499802578329189,2.452602113194184
0.7857833599999999,2.496992775577076,2.45166633560401
0.78610072,2.495119573742334,2.450730558013835
0.7864180799999999,2.491373170072849,2.450730558013835
0.78673544,2.488563367320736,2.450730558013835
0.7870528,2.485753564568623,2.448859002833487
0.7873701599999999,2.482007160899139,2.449794780423661
0.78768752,2.479197358147025,2.449794780423661
0.7880048799999999,2.476387555394912,2.449794780423661
0.78832224,2.472641151725428,2.449794780423661
0.7886396,2.469831348973314,2.450730558013835
0.7889569599999999,2.465148344386459,2.450730558013835
0.78927432,2.462338541634346,2.45166633560401
0.78959168,2.458592137964862,2.452602113194184
0.78990904,2.455782335212748,2.454473668374533
0.7902264,2.452035931543264,2.455409445964706
0.7905437599999999,2.447352926956408,2.456345223554881
0.79086112,2.442669922369553,2.457281001145055
0.79117848,2.43986011961744,2.460088333915578
0.79149584,2.436113715947956,2.461024111505752
0.7918132,2.432367312278471,2.463831444276275
0.7921305599999999,2.428620908608987,2.467574554636972
0.79244792,2.424874504939503,2.471317664997668
0.79276528,2.422064702187389,2.474124997768191
0.7930826399999999,2.419254899435276,2.477868108128889
0.7934,2.414571894848421,2.481611218489586
0.7937173599999999,2.412698693013679,2.485354328850282
0.79403472,2.409888890261565,2.490033216801153
0.79435208,2.408952289344194,2.493776327161851
0.7946694399999999,2.406142486592081,2.498455215112722
0.7949868,2.404269284757339,2.502198325473419
0.7953041599999999,2.402396082922597,2.507812991014465
0.79562152,2.401459482005226,2.511556101375161
0.79593888,2.400522881087855,2.516234989326033
0.7962562399999999,2.398649679253112,2.520913877276904
0.7965736,2.397713078335741,2.525592765227775
0.7968909599999999,2.397713078335741,2.529335875588473
0.79720832,2.397713078335741,2.534014763539344
0.79752568,2.398649679253112,2.538693651490215
0.7978430399999999,2.398649679253112,2.543372539441086
0.7981604,2.398649679253112,2.547115649801783
0.7984777599999999,2.399586280170483,2.55085876016248
0.79879512,2.399586280170483,2.554601870523177
0.79911248,2.400522881087855,2.558344980883875
0.7994298399999999,2.402396082922597,2.563023868834746
0.7997472,2.403332683839968,2.565831201605268
0.8000645599999999,2.40520588567471,2.569574311965965
0.80038192,2.407079087509452,2.573317422326662
0.80069928,2.408015688426823,2.576124755097185
0.8010166399999999,2.409888890261565,2.579867865457881
0.801334,2.411762092096307,2.581739420638231
0.8016513599999999,2.413635293931049,2.585482530998927
0.80196872,2.416445096683163,2.586418308589102
0.80228608,2.418318298517905,2.590161418949799
0.8026034399999999,2.421128101270019,2.592032974130147
0.8029208,2.423001303104761,2.593904529310496
0.8032381599999999,2.424874504939503,2.59484030690067
0.80355552,2.427684307691616,2.595776084490844
0.80387288,2.430494110443729,2.596711862081018
0.8041902399999999,2.4314307113611,2.597647639671193
0.8045076,2.434240514113213,2.597647639671193
0.8048249599999999,2.436113715947956,2.599519194851541
0.80514232,2.437986917782698,2.599519194851541
0.80545968,2.43986011961744,2.600454972441716
0.8057770399999999,2.441733321452182,2.601390750031889
0.8060944,2.443606523286924,2.600454972441716
0.8064117599999999,2.445479725121666,2.601390750031889
0.80672912,2.44828952787378,2.601390750031889
0.80704648,2.449226128791151,2.601390750031889
0.8073638399999999,2.451099330625893,2.601390750031889
0.8076812,2.452972532460635,2.600454972441716
0.8079985599999999,2.454845734295377,2.600454972441716
0.80831592,2.454845734295377,2.599519194851541
0.80863328,2.45671893613012,2.599519194851541
0.8089506399999999,2.45671893613012,2.599519194851541
0.809268,2.45765553704749,2.598583417261367
0.8095853599999999,2.458592137964862,2.597647639671193
0.80990272,2.459528738882233,2.596711862081018
0.81022008,2.460465339799604,2.595776084490844
0.8105374399999999,2.461401940716975,2.595776084490844
0.8108548,2.461401940716975,2.593904529310496
0.8111721599999999,2.461401940716975,2.593904529310496
0.81148952,2.462338541634346,2.592032974130147
0.81180688,2.462338541634346,2.591097196539973
0.8121242399999999,2.462338541634346,2.589225641359625
0.8124416,2.462338541634346,2.587354086179276
0.8127589599999999,2.462338541634346,2.586418308589102
0.81307632,2.463275142551717,2.585482530998927
0.81339368,2.463275142551717,2.584546753408753
0.8137110399999999,2.463275142551717,2.582675198228404
0.8140284,2.462338541634346,2.580803643048056
0.8143457599999999,2.462338541634346,2.579867865457881
0.81466312,2.461401940716975,2.578932087867708
0.81498048,2.461401940716975,2.576124755097185
0.8152978399999999,2.461401940716975,2.57518897750701
0.8156152,2.460465339799604,2.572381644736488
0.8159325599999999,2.460465339799604,2.571445867146314
0.81624992,2.460465339799604,2.569574311965965
0.81656728,2.459528738882233,2.567702756785617
0.8168846399999999,2.458592137964862,2.565831201605268
0.817202,2.458592137964862,2.563023868834746
0.8175193599999999,2.45765553704749,2.561152313654397
0.81783672,2.458592137964862,2.559280758474048
0.81815408,2.45765553704749,2.5574092032937
0.8184714399999999,2.45671893613012,2.554601870523177
0.8187888,2.455782335212748,2.551794537752654
0.8191061599999999,2.455782335212748,2.548987204982132
0.81942352,2.454845734295377,2.546179872211609
0.81974088,2.454845734295377,2.544308317031261
0.8200582399999999,2.453909133378006,2.541500984260738
0.8203756,2.453909133378006,2.539629429080389
0.8206929599999999,2.452972532460635,2.535886318719692
0.82101032,2.453909133378006,2.533078985949169
0.82132768,2.452035931543264,2.531207430768821
0.8216450399999999,2.452972532460635,2.527464320408124
0.8219624,2.452035931543264,2.524656987637601
0.8222797599999999,2.451099330625893,2.521849654867078
0.82259712,2.451099330625893,2.519042322096555
0.82291448,2.452035931543264,2.516234989326033
0.8232318399999999,2.452035931543264,2.512491878965336
0.8235492,2.452035931543264,2.509684546194813
0.8238665599999999,2.452035931543264,2.50687721342429
0.82418392,2.452035931543264,2.503134103063593
0.82450128,2.452035931543264,2.50032677029307
0.8248186399999999,2.452972532460635,2.496583659932374
0.825136,2.453909133378006,2.492840549571676
0.8254533599999999,2.454845734295377,2.490033216801153
0.82577072,2.455782335212748,2.487225884030631
0.82608808,2.45671893613012,2.483482773669934
0.8264054399999999,2.45765553704749,2.479739663309237
0.8267228,2.458592137964862,2.476932330538714
0.8270401599999999,2.459528738882233,2.472253442587843
0.82735752,2.461401940716975,2.46944610981732
0.82767488,2.462338541634346,2.466638777046797
0.8279922399999999,2.465148344386459,2.463831444276275
0.8283096,2.46608494530383,2.461024111505752
0.8286269599999999,2.468894748055944,2.458216778735229
0.82894432,2.470767949890686,2.455409445964706
0.82926168,2.472641151725428,2.452602113194184
0.8295790399999999,2.475450954477541,2.449794780423661
0.8298964,2.478260757229654,2.446987447653139
0.8302137599999999,2.480133959064396,2.445115892472789
0.83053112,2.483880362733881,2.442308559702267
0.83084848,2.486690165485994,2.440437004521918
0.8311658399999999,2.488563367320736,2.437629671751396
0.8314832,2.491373170072849,2.435758116571047
0.8318005599999999,2.495119573742334,2.432950783800525
0.83211792,2.496992775577076,2.431079228620176
0.83243528,2.50073917924656,2.429207673439827
0.8327526399999999,2.505422183833416,2.428271895849654
0.83307,2.507295385668158,2.427336118259479
0.8333873599999999,2.510105188420271,2.425464563079131
0.83370472,2.513851592089755,2.423593007898782
0.83402208,2.516661394841869,2.423593007898782
0.8343394399999999,2.519471197593982,2.422657230308608
0.8346568,2.523217601263466,2.420785675128259
0.8349741599999999,2.526027404015579,2.419849897538085
0.83529152,2.528837206767693,2.419849897538085
0.83560888,2.531647009519806,2.419849897538085
0.8359262399999999,2.53539341318929,2.418914119947911
0.8362436,2.538203215941404,2.418914119947911
0.8365609599999999,2.541013018693517,2.419849897538085
0.83687832,2.544759422363001,2.419849897538085
0.83719568,2.547569225115114,2.419849897538085
0.8375130399999999,2.551315628784599,2.420785675128259
0.8378304,2.553188830619341,2.420785675128259
0.8381477599999999,2.555998633371454,2.421721452718433
0.83846512,2.559745037040938,2.422657230308608
0.83878248,2.561618238875681,2.422657230308608
0.8390998399999999,2.564428041627794,2.424528785488956
0.8394172,2.567237844379907,2.424528785488956
0.8397345599999999,2.57004764713202,2.426400340669304
0.84005192,2.573794050801505,2.427336118259479
0.84036928,2.575667252636247,2.428271895849654
0.8406866399999999,2.57847705538836,2.430143451030002
0.841004,2.581286858140473,2.431079228620176
0.8413213599999999,2.584096660892587,2.432950783800525
0.84163872,2.585033261809957,2.433886561390699
0.84195608,2.587843064562071,2.435758116571047
0.8422734399999999,2.589716266396813,2.437629671751396
0.8425908,2.591589468231555,2.439501226931744
0.8429081599999999,2.594399270983669,2.441372782112093
0.84322552,2.597209073735782,2.444180114882616
0.84354288,2.598145674653153,2.446987447653139
0.8438602399999999,2.600018876487895,2.447923225243312
0.8441776,2.602828679240008,2.449794780423661
0.8444949599999999,2.603765280157379,2.452602113194184
0.8448123199999999,2.605638481992121,2.455409445964706
0.84512968,2.607511683826864,2.457281001145055
0.8454470399999999,2.609384885661606,2.460088333915578
0.8457644,2.611258087496348,2.462895666686101
0.8460817599999999,2.612194688413719,2.464767221866449
0.8463991199999999,2.614067890248461,2.467574554636972
0.84671648,2.615941092083203,2.471317664997668
0.8470338399999999,2.617814293917946,2.474124997768191
0.8473512,2.617814293917946,2.47599655294854
0.84766856,2.619687495752688,2.478803885719063
0.8479859199999999,2.619687495752688,2.48254699607976
0.84830328,2.62156069758743,2.485354328850282
0.8486206399999999,2.624370500339543,2.490033216801153
0.848938,2.624370500339543,2.492840549571676
0.84925536,2.625307101256914,2.496583659932374
0.8495727199999999,2.626243702174285,2.50032677029307
0.84989008,2.628116904009028,2.503134103063593
0.8502074399999999,2.628116904009028,2.50687721342429
0.8505248,2.629053504926398,2.510620323784988
0.85084216,2.62999010584377,2.515299211735859
0.8511595199999999,2.629053504926398,2.519042322096555
0.85147688,2.62999010584377,2.521849654867078
0.8517942399999999,2.631863307678512,2.52652854281795
0.8521116,2.63092670676114,2.531207430768821
0.85242896,2.62999010584377,2.535886318719692
0.8527463199999999,2.62999010584377,2.540565206670563
0.85306368,2.62999010584377,2.546179872211609
0.8533810399999999,2.629053504926398,2.55085876016248
0.8536984,2.627180303091656,2.555537648113352
0.85401576,2.625307101256914,2.562088091244571
0.8543331199999999,2.623433899422172,2.565831201605268
0.85465048,2.620624096670058,2.571445867146314
0.8549678399999999,2.617814293917946,2.577060532687359
0.8552852,2.615941092083203,2.583610975818579
0.85560256,2.612194688413719,2.589225641359625
0.8559199199999999,2.608448284744235,2.59484030690067
0.85623728,2.603765280157379,2.601390750031889
0.8565546399999999,2.600018876487895,2.607005415572935
0.856872,2.595335871901039,2.611684303523806
0.85718936,2.589716266396813,2.617298969064852
0.8575067199999999,2.584096660892587,2.622913634605897
0.85782408,2.577540454470989,2.627592522556768
0.8581414399999999,2.570984248049391,2.633207188097814
0.8584588,2.564428041627794,2.636950298458511
0.85877616,2.556935234288825,2.640693408819208
0.8590935199999999,2.548505826032486,2.64537229677008
0.85941088,2.540076417776146,2.649115407130776
0.8597282399999999,2.532583610437177,2.651922739901299
0.8600456,2.523217601263466,2.654730072671822
0.86036296,2.513851592089755,2.655665850261996
0.8606803199999999,2.504485582916045,2.65660162785217
0.86099768,2.494182972824963,2.657537405442345
0.8613150399999999,2.483880362733881,2.657537405442345
0.8616324,2.473577752642799,2.65660162785217
0.86194976,2.464211743469088,2.653794295081648
0.8622671199999999,2.455782335212748,2.651922739901299
0.86258448,2.445479725121666,2.648179629540603
0.8629018399999999,2.435177115030585,2.642564963999557
0.8632192,2.426747706774245,2.637886076048686
0.86353656,2.417381697600534,2.63227141050764
0.8638539199999999,2.409888890261565,2.624785189786246
0.86417128,2.403332683839968,2.617298969064852
0.8644886399999999,2.397713078335741,2.608876970753284
0.864806,2.392093472831515,2.599519194851541
0.86512336,2.38741046824466,2.590161418949799
0.8654407199999999,2.383664064575175,2.579867865457881
0.86575808,2.381790862740433,2.569574311965965
0.8660754399999999,2.379917660905691,2.558344980883875
0.8663928,2.37898105998832,2.547115649801783
0.86671016,2.37898105998832,2.536822096309867
0.8670275199999999,2.379917660905691,2.525592765227775
0.86734488,2.380854261823062,2.515299211735859
0.8676622399999999,2.383664064575175,2.505941435834116
0.8679796,2.38741046824466,2.496583659932374
0.86829696,2.391156871914144,2.487225884030631
0.8686143199999999,2.395839876500999,2.477868108128889
0.86893168,2.400522881087855,2.468510332227146
0.8692490399999999,2.406142486592081,2.461959889095926
0.8695664,2.411762092096307,2.454473668374533
0.86988376,2.418318298517905,2.448859002833487
0.8702011199999999,2.425811105856874,2.442308559702267
0.87051848,2.433303913195842,2.437629671751396
0.8708358399999999,2.440796720534811,2.433886561390699
0.8711532,2.447352926956408,2.429207673439827
0.87147056,2.453909133378006,2.426400340669304
0.8717879199999999,2.461401940716975,2.423593007898782
0.87210528,2.467958147138572,2.420785675128259
0.8724226399999999,2.47451435356017,2.418914119947911
0.87274,2.480133959064396,2.417978342357737
0.87305736,2.486690165485994,2.417042564767562
0.8733747199999999,2.493246371907591,2.417042564767562
0.87369208,2.498865977411818,2.417042564767562
0.8740094399999999,2.505422183833416,2.417978342357737
0.8743268,2.511041789337642,2.418914119947911
0.87464416,2.515724793924498,2.419849897538085
0.8749615199999999,2.521344399428724,2.420785675128259
0.87527888,2.526027404015579,2.421721452718433
0.8755962399999999,2.529773807685064,2.423593007898782
0.8759136,2.533520211354548,2.425464563079131
0.87623096,2.537266615024032,2.427336118259479
0.8765483199999999,2.540076417776146,2.429207673439827
0.87686568,2.54382282144563,2.431079228620176
0.8771830399999999,2.547569225115114,2.432950783800525
0.8775004,2.55225222970197,2.435758116571047
0.87781776,2.554125431536712,2.437629671751396
0.8781351199999999,2.556935234288825,2.439501226931744
0.87845248,2.560681637958309,2.442308559702267
0.8787698399999999,2.563491440710423,2.444180114882616
0.8790872,2.566301243462536,2.446051670062964
0.87940456,2.569111046214649,2.447923225243312
0.8797219199999999,2.570984248049391,2.450730558013835
0.88003928,2.573794050801505,2.452602113194184
0.8803566399999999,2.577540454470989,2.455409445964706
0.880674,2.580350257223102,2.459152556325404
0.88099136,2.582223459057844,2.461959889095926
0.8813087199999999,2.585033261809957,2.464767221866449
0.88162608,2.5869064636447,2.467574554636972
0.8819434399999999,2.590652867314184,2.471317664997668
0.8822608,2.592526069148926,2.475060775358366
0.88257816,2.595335871901039,2.478803885719063
0.8828955199999999,2.598145674653153,2.483482773669934
0.88321288,2.600955477405266,2.487225884030631
0.8835302399999999,2.603765280157379,2.491904771981503
0.8838476,2.606575082909492,2.497519437522548
0.88416496,2.607511683826864,2.501262547883245
0.8844823199999999,2.609384885661606,2.505941435834116
0.88479968,2.61313128933109,2.511556101375161
0.8851170399999999,2.612194688413719,2.517170766916207
0.8854344,2.61313128933109,2.522785432457253
0.88575176,2.614067890248461,2.529335875588473
0.8860691199999999,2.614067890248461,2.535886318719692
0.88638648,2.61313128933109,2.542436761850912
0.8867038399999999,2.612194688413719,2.549922982572306
0.8870212,2.611258087496348,2.5574092032937
0.88733856,2.610321486578977,2.564895424015094
0.8876559199999999,2.606575082909492,2.572381644736488
0.88797328,2.603765280157379,2.580803643048056
0.8882906399999999,2.600018876487895,2.589225641359625
0.888608,2.595335871901039,2.595776084490844
0.88892536,2.588779665479442,2.603262305212239
0.8892427199999999,2.583160059975215,2.611684303523806
0.88956008,2.576603853553618,2.617298969064852
0.8898774399999999,2.57004764713202,2.623849412196072
0.8901948,2.562554839793052,2.630399855327291
0.89051216,2.554125431536712,2.636950298458511
0.8908295199999999,2.545696023280372,2.641629186409382
0.89114688,2.536330014106661,2.646308074360253
0.8914642399999999,2.526027404015579,2.649115407130776
0.8917816,2.516661394841869,2.653794295081648
0.89209896,2.505422183833416,2.655665850261996
0.8924163199999999,2.494182972824963,2.657537405442345
0.89273368,2.48294376181651,2.657537405442345
0.8930510399999999,2.471704550808057,2.657537405442345
0.8933684,2.461401940716975,2.65660162785217
0.89368576,2.450162729708522,2.653794295081648
0.8940031199999999,2.438923518700069,2.650986962311125
0.89432048,2.428620908608987,2.646308074360253
0.8946378399999999,2.418318298517905,2.641629186409382
0.8949552,2.408952289344194,2.635078743278163
0.89527256,2.400522881087855,2.628528300146943
0.8955899199999999,2.391156871914144,2.620106301835374
0.89590728,2.383664064575175,2.610748525933632
0.8962246399999999,2.377107858153578,2.600454972441716
0.896542,2.371488252649351,2.589225641359625
0.89685936,2.366805248062496,2.577996310277533
0.8971767199999999,2.363058844393011,2.565831201605268
0.89749408,2.36212224347564,2.554601870523177
0.8978114399999999,2.360249041640898,2.542436761850912
0.8981287999999999,2.360249041640898,2.530271653178646
0.89844616,2.361185642558269,2.518106544506382
0.8987635199999999,2.363058844393011,2.505941435834116
0.89908088,2.365868647145124,2.493776327161851
0.8993982399999999,2.37055165173198,2.48254699607976
0.8997155999999999,2.375234656318836,2.46944610981732
0.90003296,2.381790862740433,2.459152556325404
0.9003503199999999,2.389283670079402,2.448859002833487
0.90066768,2.39677647741837,2.43856544934157
0.9009850399999999,2.404269284757339,2.428271895849654
0.9013023999999999,2.413635293931049,2.420785675128259
0.90161976,2.423001303104761,2.413299454406865
0.9019371199999999,2.433303913195842,2.407684788865819
0.90225448,2.443606523286924,2.4011343457346
0.9025718399999999,2.453909133378006,2.396455457783729
0.9028891999999999,2.463275142551717,2.392712347423032
0.90320656,2.472641151725428,2.390840792242683
0.9035239199999999,2.483880362733881,2.388033459472161
0.90384128,2.493246371907591,2.388033459472161
0.9041586399999999,2.502612381081303,2.388033459472161
0.9044759999999999,2.512914991172384,2.388969237062335
0.90479336,2.521344399428724,2.390840792242683
0.9051107199999999,2.528837206767693,2.392712347423032
0.90542808,2.53539341318929,2.395519680193554
0.90574544,2.54382282144563,2.398327012964077
0.9060627999999999,2.550379027867228,2.403005900914948
0.90638016,2.556935234288825,2.407684788865819
0.9066975199999999,2.561618238875681,2.412363676816691
0.90701488,2.566301243462536,2.417042564767562
0.90733224,2.57004764713202,2.421721452718433
0.9076495999999999,2.573794050801505,2.426400340669304
0.90796696,2.577540454470989,2.43201500621035
0.9082843199999999,2.580350257223102,2.435758116571047
0.90860168,2.584096660892587,2.441372782112093
0.90891904,2.585033261809957,2.446051670062964
0.9092363999999999,2.588779665479442,2.450730558013835
0.90955376,2.588779665479442,2.454473668374533
0.9098711199999999,2.591589468231555,2.459152556325404
0.91018848,2.591589468231555,2.462895666686101
0.91050584,2.592526069148926,2.467574554636972
0.9108231999999999,2.593462670066297,2.471317664997668
0.91114056,2.595335871901039,2.475060775358366
0.9114579199999999,2.597209073735782,2.478803885719063
0.91177528,2.598145674653153,2.483482773669934
0.91209264,2.600018876487895,2.487225884030631
0.9124099999999999,2.601892078322637,2.490968994391328
0.91272736,2.602828679240008,2.494712104752025
0.9130447199999999,2.60470188107475,2.498455215112722
0.91336208,2.606575082909492,2.502198325473419
0.91367944,2.609384885661606,2.50687721342429
0.9139967999999999,2.610321486578977,2.511556101375161
0.91431416,2.612194688413719,2.515299211735859
0.9146315199999999,2.614067890248461,2.521849654867078
0.91494888,2.615004491165832,2.52652854281795
0.91526624,2.615004491165832,2.533078985949169
0.9155835999999999,2.615941092083203,2.538693651490215
0.91590096,2.616877693000574,2.545244094621435
0.9162183199999999,2.616877693000574,2.552730315342829
0.91653568,2.615004491165832,2.560216536064223
0.91685304,2.615004491165832,2.567702756785617
0.9171703999999999,2.61313128933109,2.576124755097185
0.91748776,2.611258087496348,2.583610975818579
0.9178051199999999,2.607511683826864,2.592032974130147
0.91812248,2.603765280157379,2.601390750031889
0.91843984,2.599082275570524,2.608876970753284
0.9187571999999999,2.594399270983669,2.617298969064852
0.91907456,2.589716266396813,2.62572096737642
0.9193919199999999,2.584096660892587,2.633207188097814
0.91970928,2.577540454470989,2.641629186409382
0.92002664,2.57004764713202,2.648179629540603
0.9203439999999999,2.562554839793052,2.655665850261996
0.92066136,2.553188830619341,2.662216293393216
0.9209787199999999,2.54382282144563,2.668766736524436
0.92129608,2.533520211354548,2.673445624475307
0.92161344,2.523217601263466,2.678124512426178
0.9219307999999999,2.511978390255013,2.681867622786875
0.92224816,2.499802578329189,2.683739177967224
0.9225655199999999,2.487626766403365,2.685610733147572
0.92288288,2.476387555394912,2.687482288327921
0.92320024,2.465148344386459,2.686546510737746
0.9235175999999999,2.454845734295377,2.686546510737746
0.92383496,2.442669922369553,2.684674955557398
0.9241523199999999,2.4314307113611,2.681867622786875
0.92446968,2.422064702187389,2.678124512426178
0.92478704,2.411762092096307,2.673445624475307
0.9251043999999999,2.403332683839968,2.668766736524436
0.92542176,2.394903275583628,2.66315207098339
0.9257391199999999,2.38741046824466,2.655665850261996
0.92605648,2.379917660905691,2.649115407130776
0.92637384,2.373361454484093,2.641629186409382
0.9266911999999999,2.366805248062496,2.634142965687989
0.92700856,2.36212224347564,2.626656744966595
0.9273259199999999,2.357439238888785,2.618234746655026
0.92764328,2.352756234301929,2.609812748343458
0.92796064,2.349946431549816,2.600454972441716
0.9282779999999999,2.348073229715074,2.592968751720321
0.92859536,2.346200027880332,2.582675198228404
0.9289127199999999,2.345263426962961,2.574253199916837
0.92923008,2.34432682604559,2.565831201605268
0.92954744,2.34432682604559,2.5574092032937
0.9298647999999999,2.34432682604559,2.548987204982132
0.93018216,2.345263426962961,2.540565206670563
0.9304995199999999,2.347136628797703,2.533078985949169
0.93081688,2.347136628797703,2.525592765227775
0.93113424,2.349946431549816,2.519042322096555
0.9314515999999999,2.350883032467187,2.511556101375161
0.93176896,2.353692835219301,2.505005658243942
0.9320863199999999,2.356502637971414,2.498455215112722
0.93240368,2.359312440723527,2.491904771981503
0.93272104,2.361185642558269,2.486290106440457
0.9330383999999999,2.364932046227754,2.480675440899411
0.93335576,2.368678449897238,2.474124997768191
0.9336731199999999,2.373361454484093,2.468510332227146
0.93399048,2.377107858153578,2.463831444276275
0.93430784,2.381790862740433,2.459152556325404
0.9346251999999999,2.384600665492546,2.454473668374533
0.93494256,2.389283670079402,2.450730558013835
0.9352599199999999,2.393966674666257,2.446051670062964
0.93557728,2.397713078335741,2.444180114882616
0.93589464,2.401459482005226,2.439501226931744
0.9362119999999999,2.406142486592081,2.436693894161222
0.93652936,2.409888890261565,2.433886561390699
0.9368467199999999,2.413635293931049,2.430143451030002
0.93716408,2.417381697600534,2.427336118259479
0.93748144,2.421128101270019,2.425464563079131
0.9377987999999999,2.425811105856874,2.424528785488956
0.93811616,2.429557509526358,2.421721452718433
0.9384335199999999,2.433303913195842,2.419849897538085
0.93875088,2.437050316865327,2.417978342357737
0.93906824,2.440796720534811,2.417042564767562
0.9393855999999999,2.445479725121666,2.416106787177388
0.93970296,2.449226128791151,2.415171009587214
0.9400203199999999,2.452035931543264,2.41423523199704
0.94033768,2.454845734295377,2.413299454406865
0.94065504,2.458592137964862,2.413299454406865
0.9409723999999999,2.462338541634346,2.412363676816691
0.94128976,2.465148344386459,2.411427899226517
0.9416071199999999,2.467958147138572,2.411427899226517
0.94192448,2.470767949890686,2.411427899226517
0.94224184,2.472641151725428,2.411427899226517
0.9425591999999999,2.475450954477541,2.411427899226517
0.94287656,2.478260757229654,2.411427899226517
0.9431939199999999,2.480133959064396,2.411427899226517
0.94351128,2.48294376181651,2.412363676816691
0.94382864,2.484816963651252,2.413299454406865
0.9441459999999999,2.487626766403365,2.413299454406865
0.94446336,2.489499968238107,2.41423523199704
0.9447807199999999,2.491373170072849,2.41423523199704
0.94509808,2.493246371907591,2.415171009587214
0.94541544,2.495119573742334,2.416106787177388
0.9457327999999999,2.496056174659705,2.416106787177388
0.94605016,2.497929376494447,2.416106787177388
0.9463675199999999,2.498865977411818,2.417042564767562
0.94668488,2.50073917924656,2.417978342357737
0.94700224,2.501675780163931,2.417978342357737
0.9473195999999999,2.503548981998673,2.418914119947911
0.94763696,2.503548981998673,2.418914119947911
0.9479543199999999,2.505422183833416,2.419849897538085
0.94827168,2.506358784750787,2.421721452718433
0.94858904,2.507295385668158,2.422657230308608
0.9489063999999999,2.507295385668158,2.423593007898782
0.94922376,2.508231986585529,2.424528785488956
0.9495411199999999,2.5091685875029,2.425464563079131
0.9498584799999999,2.510105188420271,2.427336118259479
0.95017584,2.510105188420271,2.427336118259479
0.9504931999999999,2.510105188420271,2.428271895849654
0.95081056,2.510105188420271,2.429207673439827
0.9511279199999999,2.511041789337642,2.431079228620176
0.9514452799999999,2.511041789337642,2.431079228620176
0.95176264,2.511978390255013,2.43201500621035
0.9520799999999999,2.511041789337642,2.432950783800525
0.95239736,2.511041789337642,2.433886561390699
0.9527147199999999,2.511041789337642,2.434822338980873
0.9530320799999999,2.511978390255013,2.436693894161222
0.95334944,2.511041789337642,2.436693894161222
0.9536667999999999,2.511041789337642,2.439501226931744
0.95398416,2.510105188420271,2.439501226931744
0.9543015199999999,2.510105188420271,2.440437004521918
0.9546188799999999,2.5091685875029,2.441372782112093
0.95493624,2.5091685875029,2.442308559702267
0.9552535999999999,2.508231986585529,2.443244337292441
0.95557096,2.507295385668158,2.444180114882616
0.9558883199999999,2.506358784750787,2.445115892472789
0.9562056799999999,2.505422183833416,2.446051670062964
0.95652304,2.504485582916045,2.446987447653139
0.9568403999999999,2.503548981998673,2.447923225243312
0.95715776,2.503548981998673,2.449794780423661
0.9574751199999999,2.502612381081303,2.450730558013835
0.9577924799999999,2.501675780163931,2.452602113194184
0.95810984,2.50073917924656,2.453537890784358
0.9584271999999999,2.499802578329189,2.454473668374533
0.95874456,2.498865977411818,2.455409445964706
0.9590619199999999,2.497929376494447,2.456345223554881
0.9593792799999999,2.497929376494447,2.458216778735229
0.95969664,2.496056174659705,2.459152556325404
0.9600139999999999,2.495119573742334,2.460088333915578
0.96033136,2.493246371907591,2.461024111505752
0.9606487199999999,2.492309770990221,2.461959889095926
0.9609660799999999,2.490436569155478,2.462895666686101
0.96128344,2.489499968238107,2.464767221866449
0.9616007999999999,2.486690165485994,2.465702999456624
0.96191816,2.486690165485994,2.466638777046797
0.9622355199999999,2.485753564568623,2.468510332227146
0.9625528799999999,2.484816963651252,2.46944610981732
0.96287024,2.48294376181651,2.471317664997668
0.9631875999999999,2.481070559981768,2.473189220178018
0.96350496,2.479197358147025,2.474124997768191
0.96382232,2.478260757229654,2.475060775358366
0.9641396799999999,2.477324156312283,2.476932330538714
0.96445704,2.475450954477541,2.478803885719063
0.9647743999999999,2.47451435356017,2.480675440899411
0.96509176,2.472641151725428,2.48254699607976
0.96540912,2.470767949890686,2.483482773669934
0.9657264799999999,2.468894748055944,2.485354328850282
0.96604384,2.46608494530383,2.487225884030631
0.9663611999999999,2.465148344386459,2.48909743921098
0.96667856,2.463275142551717,2.490968994391328
0.96699592,2.462338541634346,2.492840549571676
0.9673132799999999,2.460465339799604,2.494712104752025
0.96763064,2.458592137964862,2.496583659932374
0.9679479999999999,2.45765553704749,2.498455215112722
0.96826536,2.453909133378006,2.50032677029307
0.96858272,2.453909133378006,2.503134103063593
0.9689000799999999,2.452035931543264,2.505941435834116
0.96921744,2.450162729708522,2.507812991014465
0.9695347999999999,2.44828952787378,2.509684546194813
0.96985216,2.447352926956408,2.512491878965336
0.97016952,2.445479725121666,2.514363434145684
0.9704868799999999,2.443606523286924,2.519042322096555
0.97080424,2.442669922369553,2.520913877276904
0.9711215999999999,2.440796720534811,2.523721210047427
0.97143896,2.438923518700069,2.52652854281795
0.97175632,2.437050316865327,2.529335875588473
0.9720736799999999,2.436113715947956,2.532143208358995
0.97239104,2.434240514113213,2.535886318719692
0.9727083999999999,2.432367312278471,2.538693651490215
0.97302576,2.432367312278471,2.543372539441086
0.97334312,2.428620908608987,2.546179872211609
0.9736604799999999,2.427684307691616,2.549922982572306
0.97397784,2.427684307691616,2.554601870523177
0.9742951999999999,2.426747706774245,2.558344980883875
0.97461256,2.425811105856874,2.562088091244571
0.97492992,2.423937904022131,2.566766979195442
0.9752472799999999,2.423001303104761,2.570510089556139
0.97556464,2.422064702187389,2.576124755097185
0.9758819999999999,2.422064702187389,2.580803643048056
0.97619936,2.422064702187389,2.585482530998927
0.97651672,2.421128101270019,2.590161418949799
0.9768340799999999,2.422064702187389,2.59484030690067
0.97715144,2.423001303104761,2.600454972441716
0.9774687999999999,2.422064702187389,2.605133860392587
0.97778616,2.422064702187389,2.610748525933632
0.97810352,2.423001303104761,2.616363191474678
0.9784208799999999,2.425811105856874,2.621042079425549
0.97873824,2.426747706774245,2.626656744966595
0.9790555999999999,2.428620908608987,2.63227141050764
0.97937296,2.4314307113611,2.637886076048686
0.97969032,2.433303913195842,2.643500741589731
0.9800076799999999,2.436113715947956,2.649115407130776
0.98032504,2.43986011961744,2.654730072671822
0.9806423999999999,2.442669922369553,2.660344738212867
0.98095976,2.446416326039038,2.665023626163738
0.98127712,2.451099330625893,2.670638291704784
0.9815944799999999,2.45671893613012,2.67625295724583
0.98191184,2.461401940716975,2.679996067606527
0.9822291999999999,2.467021546221202,2.685610733147572
0.98254656,2.473577752642799,2.689353843508269
0.98286392,2.480133959064396,2.693096953868967
0.9831812799999999,2.486690165485994,2.696840064229663
0.98349864,2.495119573742334,2.699647397000186
0.9838159999999999,2.504485582916045,2.703390507360883
0.98413336,2.512914991172384,2.705262062541231
0.98445072,2.521344399428724,2.70713361772158
0.9847680799999999,2.530710408602435,2.70713361772158
0.98508544,2.540076417776146,2.70713361772158
0.9854027999999999,2.549442426949856,2.70713361772158
0.98572016,2.558808436123567,2.706197840131406
0.98603752,2.568174445297278,2.703390507360883
0.9863548799999999,2.57847705538836,2.70058317459036
0.98667224,2.5869064636447,2.696840064229663
0.9869895999999999,2.597209073735782,2.693096953868967
0.98730696,2.605638481992121,2.689353843508269
0.98762432,2.615004491165832,2.68280340037705
0.9879416799999999,2.625307101256914,2.677188734836004
0.98825904,2.632799908595883,2.66970251411461
0.9885763999999999,2.641229316852222,2.662216293393216
0.98889376,2.648722124191191,2.654730072671822
0.98921112,2.655278330612789,2.646308074360253
0.9895284799999999,2.659961335199644,2.63882185363886
0.98984584,2.665580940703871,2.630399855327291
0.9901631999999999,2.670263945290726,2.621977857015724
0.99048056,2.674010348960211,2.612620081113981
0.99079792,2.677756752629695,2.603262305212239
0.9911152799999999,2.680566555381808,2.59484030690067
0.99143264,2.68243975721655,2.585482530998927
0.9917499999999999,2.684312959051292,2.576124755097185
0.99206736,2.685249559968663,2.566766979195442
0.99238472,2.686186160886034,2.558344980883875
0.9927020799999999,2.685249559968663,2.549922982572306
0.99301944,2.684312959051292,2.541500984260738
0.9933367999999999,2.684312959051292,2.534014763539344
0.99365416,2.681503156299179,2.525592765227775
0.99397152,2.679629954464437,2.519042322096555
0.9942888799999999,2.677756752629695,2.512491878965336
0.99460624,2.674010348960211,2.505005658243942
0.9949235999999999,2.670263945290726,2.498455215112722
0.99524096,2.666517541621241,2.492840549571676
0.99555832,2.661834537034386,2.486290106440457
0.9958756799999999,2.659024734282273,2.480675440899411
0.99619304,2.655278330612789,2.47599655294854
0.9965103999999999,2.651531926943304,2.471317664997668
0.99682776,2.64778552327382,2.467574554636972
0.99714512,2.643102518686965,2.462895666686101
0.9974624799999999,2.63935611501748,2.460088333915578
0.99777984,2.634673110430625,2.457281001145055
0.9980971999999999,2.63092670676114,2.453537890784358
0.99841456,2.626243702174285,2.450730558013835
0.99873192,2.62156069758743,2.448859002833487
0.9990492799999999,2.616877693000574,2.446051670062964
0.99936664,2.61313128933109,2.445115892472789
0.9996839999999999,2.607511683826864,2.442308559702267
1.00000136,2.60470188107475,2.440437004521918
1.00031872,2.600018876487895,2.439501226931744
1.00063608,2.596272472818411,2.437629671751396
1.00095344,2.592526069148926,2.436693894161222
1.0012708,2.588779665479442,2.434822338980873
1.00158816,2.584096660892587,2.433886561390699
1.00190552,2.580350257223102,2.432950783800525
1.00222288,2.577540454470989,2.43201500621035
1.00254024,2.574730651718875,2.43201500621035
1.0028576,2.570984248049391,2.430143451030002
1.00317496,2.567237844379907,2.430143451030002
1.00349232,2.563491440710423,2.428271895849654
1.00380968,2.559745037040938,2.428271895849654
1.00412704,2.556935234288825,2.427336118259479
1.0044444,2.553188830619341,2.426400340669304
1.00476176,2.548505826032486,2.425464563079131
1.00507912,2.544759422363001,2.425464563079131
1.00539648,2.541013018693517,2.424528785488956
1.00571384,2.537266615024032,2.424528785488956
1.0060312,2.533520211354548,2.424528785488956
1.00634856,2.528837206767693,2.424528785488956
1.00666592,2.525090803098208,2.423593007898782
1.00698328,2.521344399428724,2.424528785488956
1.00730064,2.516661394841869,2.424528785488956
1.007618,2.511041789337642,2.425464563079131
1.00793536,2.508231986585529,2.425464563079131
1.00825272,2.502612381081303,2.425464563079131
1.00857008,2.497929376494447,2.427336118259479
1.00888744,2.492309770990221,2.428271895849654
1.0092048,2.487626766403365,2.431079228620176
1.00952216,2.482007160899139,2.432950783800525
1.00983952,2.477324156312283,2.434822338980873
1.01015688,2.472641151725428,2.437629671751396
1.01047424,2.46608494530383,2.439501226931744
1.0107916,2.462338541634346,2.442308559702267
1.01110896,2.45671893613012,2.446987447653139
1.01142632,2.452972532460635,2.449794780423661
1.01174368,2.447352926956408,2.453537890784358
1.01206104,2.441733321452182,2.457281001145055
1.0123784,2.437050316865327,2.462895666686101
1.01269576,2.433303913195842,2.468510332227146
1.01301312,2.429557509526358,2.473189220178018
1.01333048,2.424874504939503,2.478803885719063
1.01364784,2.421128101270019,2.485354328850282
1.0139652,2.417381697600534,2.491904771981503
1.01428256,2.414571894848421,2.499390992702897
1.01459992,2.412698693013679,2.505941435834116
1.01491728,2.410825491178937,2.51342765655551
1.01523464,2.408952289344194,2.521849654867078
1.015552,2.408015688426823,2.530271653178646
1.01586936,2.407079087509452,2.53775787390004
1.01618672,2.407079087509452,2.546179872211609
1.01650408,2.407079087509452,2.554601870523177
1.01682144,2.408952289344194,2.563023868834746
1.0171388,2.410825491178937,2.571445867146314
1.01745616,2.413635293931049,2.580803643048056
1.01777352,2.417381697600534,2.58828986376945
1.01809088,2.422064702187389,2.596711862081018
1.01840824,2.427684307691616,2.605133860392587
1.0187256,2.434240514113213,2.611684303523806
1.01904296,2.43986011961744,2.617298969064852
1.01936032,2.447352926956408,2.621977857015724
1.01967768,2.454845734295377,2.62572096737642
1.01999504,2.464211743469088,2.629464077737117
1.0203124,2.471704550808057,2.63227141050764
1.02062976,2.480133959064396,2.634142965687989
1.02094712,2.489499968238107,2.633207188097814
1.02126448,2.498865977411818,2.634142965687989
1.02158184,2.507295385668158,2.633207188097814
1.0218992,2.516661394841869,2.631335632917466
1.02221656,2.525090803098208,2.628528300146943
1.02253392,2.533520211354548,2.62572096737642
1.02285128,2.541949619610888,2.622913634605897
1.02316864,2.549442426949856,2.618234746655026
1.023486,2.555062032454083,2.612620081113981
1.02380336,2.561618238875681,2.607005415572935
1.02412072,2.568174445297278,2.600454972441716
1.02443808,2.573794050801505,2.593904529310496
1.02475544,2.57847705538836,2.587354086179276
1.0250728,2.581286858140473,2.579867865457881
1.02539016,2.585033261809957,2.572381644736488
1.02570752,2.588779665479442,2.564895424015094
1.02602488,2.590652867314184,2.5574092032937
1.02634224,2.591589468231555,2.55085876016248
1.0266596,2.593462670066297,2.544308317031261
1.02697696,2.592526069148926,2.536822096309867
1.02729432,2.592526069148926,2.530271653178646
1.02761168,2.591589468231555,2.523721210047427
1.02792904,2.589716266396813,2.518106544506382
1.0282464,2.587843064562071,2.51342765655551
1.02856376,2.585033261809957,2.507812991014465
1.02888112,2.582223459057844,2.503134103063593
1.02919848,2.579413656305731,2.498455215112722
1.02951584,2.575667252636247,2.494712104752025
1.0298332,2.572857449884133,2.491904771981503
1.03015056,2.569111046214649,2.48909743921098
1.03046792,2.565364642545165,2.485354328850282
1.03078528,2.562554839793052,2.483482773669934
1.03110264,2.559745037040938,2.481611218489586
1.03142,2.557871835206196,2.478803885719063
1.03173736,2.553188830619341,2.477868108128889
1.03205472,2.551315628784599,2.476932330538714
1.03237208,2.547569225115114,2.47599655294854
1.03268944,2.545696023280372,2.475060775358366
1.0330068,2.54382282144563,2.474124997768191
1.03332416,2.541013018693517,2.472253442587843
1.03364152,2.540076417776146,2.471317664997668
1.03395888,2.537266615024032,2.470381887407495
1.03427624,2.53539341318929,2.46944610981732
1.0345936,2.533520211354548,2.468510332227146
1.03491096,2.531647009519806,2.466638777046797
1.03522832,2.528837206767693,2.464767221866449
1.03554568,2.526027404015579,2.463831444276275
1.03586304,2.524154202180837,2.462895666686101
1.0361804,2.519471197593982,2.460088333915578
1.03649776,2.515724793924498,2.459152556325404
1.03681512,2.511978390255013,2.458216778735229
1.03713248,2.508231986585529,2.457281001145055
1.03744984,2.502612381081303,2.455409445964706
1.0377672,2.497929376494447,2.455409445964706
1.03808456,2.492309770990221,2.456345223554881
1.03840192,2.485753564568623,2.455409445964706
1.03871928,2.479197358147025,2.457281001145055
1.03903664,2.473577752642799,2.460088333915578
1.039354,2.467958147138572,2.462895666686101
1.03967136,2.460465339799604,2.466638777046797
1.03998872,2.453909133378006,2.471317664997668
1.04030608,2.447352926956408,2.477868108128889
1.04062344,2.440796720534811,2.484418551260108
1.0409408,2.436113715947956,2.492840549571676
1.04125816,2.4314307113611,2.502198325473419
1.04157552,2.426747706774245,2.511556101375161
1.04189288,2.423937904022131,2.521849654867078
1.04221024,2.422064702187389,2.533078985949169
1.0425276,2.422064702187389,2.545244094621435
1.04284496,2.423937904022131,2.556473425703525
1.04316232,2.426747706774245,2.568638534375791
1.04347968,2.432367312278471,2.579867865457881
1.04379704,2.43986011961744,2.592032974130147
1.0441144,2.44828952787378,2.601390750031889
1.04443176,2.458592137964862,2.609812748343458
1.04474912,2.469831348973314,2.616363191474678
1.04506648,2.482007160899139,2.620106301835374
1.04538384,2.495119573742334,2.622913634605897
1.0457012,2.5091685875029,2.622913634605897
1.04601856,2.522281000346095,2.621042079425549
1.04633592,2.53539341318929,2.618234746655026
1.04665328,2.546632624197743,2.612620081113981
1.04697064,2.558808436123567,2.607005415572935
1.047288,2.568174445297278,2.599519194851541
1.04760536,2.577540454470989,2.590161418949799
1.04792272,2.585969862727329,2.580803643048056
1.04824008,2.594399270983669,2.571445867146314
1.04855744,2.600018876487895,2.559280758474048
1.0488748,2.602828679240008,2.548051427391957
1.04919216,2.606575082909492,2.536822096309867
1.04950952,2.608448284744235,2.52652854281795
1.04982688,2.608448284744235,2.517170766916207
1.05014424,2.606575082909492,2.50687721342429
1.0504616,2.60470188107475,2.497519437522548
1.05077896,2.601892078322637,2.488161661620805
1.05109632,2.598145674653153,2.479739663309237
1.05141368,2.592526069148926,2.472253442587843
1.05173104,2.5869064636447,2.464767221866449
1.0520484,2.580350257223102,2.459152556325404
1.05236576,2.574730651718875,2.453537890784358
1.05268312,2.568174445297278,2.449794780423661
1.05300048,2.561618238875681,2.446051670062964
1.05331784,2.555062032454083,2.443244337292441
1.0536352,2.549442426949856,2.441372782112093
1.05395256,2.542886220528259,2.439501226931744
1.05426992,2.536330014106661,2.437629671751396
1.05458728,2.530710408602435,2.437629671751396
1.05490464,2.524154202180837,2.436693894161222
1.055222,2.519471197593982,2.436693894161222
1.05553936,2.513851592089755,2.435758116571047
1.05585672,2.508231986585529,2.435758116571047
1.05617408,2.502612381081303,2.436693894161222
1.05649144,2.497929376494447,2.437629671751396
1.0568088,2.492309770990221,2.437629671751396
1.05712616,2.485753564568623,2.437629671751396
1.05744352,2.480133959064396,2.43856544934157
1.05776088,2.47451435356017,2.439501226931744
1.05807824,2.467958147138572,2.441372782112093
1.0583956,2.460465339799604,2.442308559702267
1.05871296,2.453909133378006,2.444180114882616
1.05903032,2.447352926956408,2.446987447653139
1.05934768,2.43986011961744,2.45166633560401
1.05966504,2.4314307113611,2.455409445964706
1.0599824,2.424874504939503,2.460088333915578
1.06029976,2.416445096683163,2.467574554636972
1.06061712,2.408952289344194,2.474124997768191
1.06093448,2.402396082922597,2.483482773669934
1.06125184,2.39677647741837,2.491904771981503
1.0615692,2.391156871914144,2.503134103063593
1.06188656,2.38741046824466,2.514363434145684
1.06220392,2.383664064575175,2.52652854281795
1.06252128,2.381790862740433,2.53775787390004
1.06283864,2.380854261823062,2.551794537752654
1.063156,2.381790862740433,2.565831201605268
1.06347336,2.384600665492546,2.579867865457881
1.06379072,2.389283670079402,2.592968751720321
1.06410808,2.395839876500999,2.605133860392587
1.06442544,2.402396082922597,2.616363191474678
1.0647428,2.412698693013679,2.626656744966595
1.06506016,2.423937904022131,2.635078743278163
1.06537752,2.437050316865327,2.641629186409382
1.06569488,2.449226128791151,2.648179629540603
1.06601224,2.463275142551717,2.650986962311125
1.0663296,2.477324156312283,2.652858517491474
1.06664696,2.491373170072849,2.652858517491474
1.06696432,2.504485582916045,2.650986962311125
1.06728168,2.519471197593982,2.648179629540603
1.06759904,2.531647009519806,2.644436519179905
1.0679164,2.542886220528259,2.63882185363886
1.06823376,2.555062032454083,2.63227141050764
1.06855112,2.566301243462536,2.624785189786246
1.06886848,2.574730651718875,2.616363191474678
1.06918584,2.583160059975215,2.607005415572935
1.0695032,2.591589468231555,2.598583417261367
1.06982056,2.598145674653153,2.58828986376945
1.07013792,2.603765280157379,2.577996310277533
1.07045528,2.609384885661606,2.566766979195442
1.07077264,2.61313128933109,2.5574092032937
1.07109,2.615941092083203,2.547115649801783
1.07140736,2.617814293917946,2.536822096309867
1.07172472,2.617814293917946,2.527464320408124
1.07204208,2.617814293917946,2.519042322096555
1.07235944,2.616877693000574,2.509684546194813
1.0726768,2.615004491165832,2.502198325473419
1.07299416,2.61313128933109,2.493776327161851
1.07331152,2.610321486578977,2.486290106440457
1.07362888,2.606575082909492,2.478803885719063
1.07394624,2.602828679240008,2.472253442587843
1.0742636,2.599082275570524,2.466638777046797
1.07458096,2.594399270983669,2.461024111505752
1.07489832,2.588779665479442,2.455409445964706
1.07521568,2.585033261809957,2.449794780423661
1.07553304,2.579413656305731,2.445115892472789
1.0758504,2.574730651718875,2.441372782112093
1.07616776,2.569111046214649,2.437629671751396
1.07648512,2.564428041627794,2.433886561390699
1.07680248,2.558808436123567,2.431079228620176
1.07711984,2.55225222970197,2.428271895849654
1.0774372,2.546632624197743,2.426400340669304
1.07775456,2.541013018693517,2.422657230308608
1.07807192,2.53539341318929,2.420785675128259
1.07838928,2.528837206767693,2.419849897538085
1.07870664,2.521344399428724,2.418914119947911
1.079024,2.514788193007127,2.417978342357737
1.07934136,2.507295385668158,2.417042564767562
1.07965872,2.498865977411818,2.417042564767562
1.07997608,2.491373170072849,2.417978342357737
1.08029344,2.48294376181651,2.418914119947911
1.0806108,2.47451435356017,2.420785675128259
1.08092816,2.467021546221202,2.423593007898782
1.08124552,2.458592137964862,2.427336118259479
1.08156288,2.450162729708522,2.43201500621035
1.08188024,2.442669922369553,2.436693894161222
1.0821976,2.434240514113213,2.442308559702267
1.08251496,2.425811105856874,2.449794780423661
1.08283232,2.418318298517905,2.456345223554881
1.08314968,2.411762092096307,2.465702999456624
1.08346704,2.406142486592081,2.475060775358366
1.0837844,2.401459482005226,2.486290106440457
1.08410176,2.397713078335741,2.496583659932374
1.08441912,2.394903275583628,2.508748768604639
1.08473648,2.393030073748886,2.51997809968673
1.08505384,2.392093472831515,2.530271653178646
1.0853712,2.393030073748886,2.543372539441086
1.08568856,2.395839876500999,2.554601870523177
1.08600592,2.398649679253112,2.565831201605268
1.08632328,2.403332683839968,2.576124755097185
1.08664064,2.408015688426823,2.586418308589102
1.086958,2.416445096683163,2.595776084490844
1.08727536,2.424874504939503,2.602326527622064
1.08759272,2.434240514113213,2.609812748343458
1.08791008,2.443606523286924,2.615427413884503
1.08822744,2.454845734295377,2.619170524245201
1.0885448,2.46608494530383,2.621042079425549
1.08886216,2.475450954477541,2.622913634605897
1.08917952,2.486690165485994,2.622913634605897
1.08949688,2.497929376494447,2.621042079425549
1.08981424,2.508231986585529,2.619170524245201
1.0901316,2.519471197593982,2.616363191474678
1.09044896,2.527900605850322,2.611684303523806
1.09076632,2.537266615024032,2.60794119316311
1.09108368,2.545696023280372,2.601390750031889
1.09140104,2.553188830619341,2.595776084490844
1.0917184,2.559745037040938,2.58828986376945
1.09203576,2.566301243462536,2.580803643048056
1.09235312,2.571920848966763,2.573317422326662
1.09267048,2.575667252636247,2.565831201605268
1.09298784,2.579413656305731,2.5574092032937
1.0933052,2.582223459057844,2.548987204982132
1.09362256,2.585033261809957,2.540565206670563
1.09393992,2.5869064636447,2.533078985949169
1.09425728,2.5869064636447,2.525592765227775
1.09457464,2.5869064636447,2.519042322096555
1.094892,2.585033261809957,2.510620323784988
1.09520936,2.584096660892587,2.504069880653768
1.09552672,2.582223459057844,2.498455215112722
1.09584408,2.580350257223102,2.492840549571676
1.09616144,2.576603853553618,2.486290106440457
1.0964788,2.574730651718875,2.479739663309237
1.09679616,2.570984248049391,2.475060775358366
1.09711352,2.567237844379907,2.470381887407495
1.09743088,2.563491440710423,2.465702999456624
1.09774824,2.558808436123567,2.461024111505752
1.0980656,2.554125431536712,2.457281001145055
1.09838296,2.550379027867228,2.455409445964706
1.09870032,2.544759422363001,2.452602113194184
1.09901768,2.541013018693517,2.449794780423661
1.09933504,2.536330014106661,2.446987447653139
1.0996524,2.530710408602435,2.446051670062964
1.09996976,2.526027404015579,2.444180114882616
1.10028712,2.520407798511353,2.443244337292441
1.10060448,2.514788193007127,2.441372782112093
1.10092184,2.508231986585529,2.440437004521918
1.1012392,2.502612381081303,2.440437004521918
1.10155656,2.496992775577076,2.441372782112093
1.10187392,2.489499968238107,2.441372782112093
1.10219128,2.48294376181651,2.443244337292441
1.10250864,2.477324156312283,2.445115892472789
1.102826,2.469831348973314,2.446051670062964
1.10314336,2.463275142551717,2.448859002833487
1.10346072,2.45671893613012,2.452602113194184
1.10377808,2.451099330625893,2.456345223554881
1.10409544,2.443606523286924,2.461959889095926
1.1044128,2.437050316865327,2.467574554636972
1.10473016,2.4314307113611,2.474124997768191
1.10504752,2.425811105856874,2.481611218489586
1.10536488,2.420191500352647,2.48909743921098
1.10568224,2.416445096683163,2.497519437522548
1.1059996,2.413635293931049,2.505941435834116
1.10631696,2.410825491178937,2.514363434145684
1.10663432,2.409888890261565,2.523721210047427
1.10695168,2.408952289344194,2.534014763539344
1.10726904,2.409888890261565,2.543372539441086
1.1075864,2.411762092096307,2.552730315342829
1.10790376,2.414571894848421,2.561152313654397
1.10822112,2.417381697600534,2.570510089556139
1.10853848,2.422064702187389,2.579867865457881
1.10885584,2.427684307691616,2.587354086179276
1.1091732,2.435177115030585,2.593904529310496
1.10949056,2.443606523286924,2.600454972441716
1.10980792,2.452035931543264,2.605133860392587
1.11012528,2.460465339799604,2.609812748343458
1.11044264,2.469831348973314,2.612620081113981
1.11076,2.478260757229654,2.613555858704155
1.11107736,2.487626766403365,2.614491636294329
1.11139472,2.497929376494447,2.614491636294329
1.11171208,2.507295385668158,2.612620081113981
1.11202944,2.516661394841869,2.610748525933632
1.1123468,2.526027404015579,2.60794119316311
1.11266416,2.533520211354548,2.604198082802412
1.11298152,2.542886220528259,2.600454972441716
1.11329888,2.550379027867228,2.59484030690067
1.11361624,2.556935234288825,2.590161418949799
1.1139336,2.563491440710423,2.583610975818579
1.11425096,2.569111046214649,2.577060532687359
1.11456832,2.574730651718875,2.571445867146314
1.11488568,2.580350257223102,2.563959646424919
1.11520304,2.584096660892587,2.556473425703525
1.1155204,2.588779665479442,2.548987204982132
1.11583776,2.591589468231555,2.541500984260738
1.11615512,2.593462670066297,2.534014763539344
1.11647248,2.596272472818411,2.52652854281795
1.11678984,2.596272472818411,2.519042322096555
1.1171072,2.596272472818411,2.510620323784988
1.11742456,2.595335871901039,2.504069880653768
1.11774192,2.595335871901039,2.496583659932374
1.11805928,2.593462670066297,2.490033216801153
1.11837664,2.590652867314184,2.48254699607976
1.118694,2.587843064562071,2.475060775358366
1.11901136,2.584096660892587,2.470381887407495
1.11932872,2.580350257223102,2.463831444276275
1.11964608,2.576603853553618,2.459152556325404
1.11996344,2.570984248049391,2.453537890784358
1.1202808,2.566301243462536,2.448859002833487
1.12059816,2.561618238875681,2.446051670062964
1.12091552,2.555998633371454,2.442308559702267
1.12123288,2.550379027867228,2.43856544934157
1.12155024,2.544759422363001,2.436693894161222
1.1218676,2.538203215941404,2.433886561390699
1.12218496,2.531647009519806,2.43201500621035
1.12250232,2.525090803098208,2.431079228620176
1.12281968,2.51759799575924,2.429207673439827
1.12313704,2.511041789337642,2.430143451030002
1.1234544,2.504485582916045,2.430143451030002
1.12377176,2.496992775577076,2.431079228620176
1.12408912,2.489499968238107,2.43201500621035
1.12440648,2.48294376181651,2.433886561390699
1.12472384,2.477324156312283,2.435758116571047
1.1250412,2.470767949890686,2.43856544934157
1.12535856,2.464211743469088,2.442308559702267
1.12567592,2.45765553704749,2.446051670062964
1.12599328,2.452035931543264,2.449794780423661
1.12631064,2.445479725121666,2.454473668374533
1.126628,2.43986011961744,2.459152556325404
1.12694536,2.434240514113213,2.463831444276275
1.12726272,2.428620908608987,2.470381887407495
1.12758008,2.423001303104761,2.476932330538714
1.12789744,2.419254899435276,2.483482773669934
1.1282148,2.415508495765792,2.490968994391328
1.12853216,2.412698693013679,2.499390992702897
1.12884952,2.409888890261565,2.50687721342429
1.12916688,2.408015688426823,2.515299211735859
1.12948424,2.407079087509452,2.523721210047427
1.1298016,2.406142486592081,2.532143208358995
1.13011896,2.407079087509452,2.539629429080389
1.13043632,2.408015688426823,2.547115649801783
1.13075368,2.410825491178937,2.556473425703525
1.13107104,2.413635293931049,2.563023868834746
1.1313884,2.416445096683163,2.572381644736488
1.13170576,2.421128101270019,2.579867865457881
1.13202312,2.426747706774245,2.585482530998927
1.13234048,2.432367312278471,2.591097196539973
1.13265784,2.438923518700069,2.596711862081018
1.1329752,2.446416326039038,2.601390750031889
1.13329256,2.452972532460635,2.605133860392587
1.13360992,2.461401940716975,2.608876970753284
1.13392728,2.468894748055944,2.609812748343458
1.13424464,2.477324156312283,2.611684303523806
1.134562,2.485753564568623,2.612620081113981
1.13487936,2.495119573742334,2.611684303523806
1.13519672,2.502612381081303,2.610748525933632
1.13551408,2.510105188420271,2.609812748343458
1.13583144,2.51759799575924,2.607005415572935
1.1361488,2.526027404015579,2.605133860392587
1.13646616,2.532583610437177,2.602326527622064
1.13678352,2.540076417776146,2.597647639671193
1.13710088,2.546632624197743,2.593904529310496
1.13741824,2.55225222970197,2.58828986376945
1.1377356,2.558808436123567,2.583610975818579
1.13805296,2.564428041627794,2.577996310277533
1.13837032,2.57004764713202,2.572381644736488
1.13868768,2.574730651718875,2.565831201605268
1.13900504,2.580350257223102,2.559280758474048
1.1393224,2.583160059975215,2.551794537752654
1.13963976,2.5869064636447,2.546179872211609
1.13995712,2.589716266396813,2.538693651490215
1.14027448,2.591589468231555,2.531207430768821
1.14059184,2.593462670066297,2.524656987637601
1.1409092,2.594399270983669,2.517170766916207
1.14122656,2.594399270983669,2.510620323784988
1.14154392,2.593462670066297,2.503134103063593
1.14186128,2.591589468231555,2.497519437522548
1.14217864,2.590652867314184,2.490968994391328
1.142496,2.588779665479442,2.483482773669934
1.14281336,2.585969862727329,2.476932330538714
1.14313072,2.582223459057844,2.471317664997668
1.14344808,2.57847705538836,2.465702999456624
1.14376544,2.574730651718875,2.460088333915578
1.1440828,2.57004764713202,2.455409445964706
1.14440016,2.565364642545165,2.450730558013835
1.14471752,2.560681637958309,2.446987447653139
1.14503488,2.555998633371454,2.442308559702267
1.14535224,2.550379027867228,2.439501226931744
1.1456696,2.544759422363001,2.437629671751396
1.14598696,2.538203215941404,2.434822338980873
1.14630432,2.530710408602435,2.433886561390699
1.14662168,2.525090803098208,2.432950783800525
1.14693904,2.51759799575924,2.43201500621035
1.1472564,2.511978390255013,2.43201500621035
1.14757376,2.503548981998673,2.43201500621035
1.14789112,2.496992775577076,2.43201500621035
1.14820848,2.490436569155478,2.433886561390699
1.14852584,2.483880362733881,2.435758116571047
1.1488432,2.476387555394912,2.43856544934157
1.14916056,2.468894748055944,2.441372782112093
1.14947792,2.463275142551717,2.445115892472789
1.14979528,2.455782335212748,2.448859002833487
1.15011264,2.449226128791151,2.453537890784358
1.15043,2.443606523286924,2.460088333915578
1.15074736,2.437050316865327,2.464767221866449
1.15106472,2.432367312278471,2.470381887407495
1.15138208,2.427684307691616,2.477868108128889
1.15169944,2.423937904022131,2.484418551260108
1.1520168,2.421128101270019,2.491904771981503
1.15233416,2.418318298517905,2.499390992702897
1.15265152,2.416445096683163,2.50687721342429
1.15296888,2.415508495765792,2.514363434145684
1.15328624,2.415508495765792,2.522785432457253
1.1536036,2.414571894848421,2.529335875588473
1.15392096,2.415508495765792,2.53775787390004
1.15423832,2.418318298517905,2.545244094621435
1.15455568,2.419254899435276,2.552730315342829
1.15487304,2.422064702187389,2.558344980883875
1.1551904,2.425811105856874,2.565831201605268
1.15550776,2.430494110443729,2.571445867146314
1.15582512,2.435177115030585,2.577996310277533
1.15614248,2.440796720534811,2.582675198228404
1.15645984,2.446416326039038,2.587354086179276
1.1567772,2.452035931543264,2.592968751720321
1.15709456,2.45765553704749,2.59484030690067
1.15741192,2.465148344386459,2.597647639671193
1.15772928,2.471704550808057,2.599519194851541
1.15804664,2.479197358147025,2.601390750031889
1.158364,2.485753564568623,2.601390750031889
1.15868136,2.493246371907591,2.601390750031889
1.15899872,2.50073917924656,2.600454972441716
1.15931608,2.508231986585529,2.598583417261367
1.15963344,2.514788193007127,2.597647639671193
1.1599508,2.522281000346095,2.59484030690067
1.16026816,2.528837206767693,2.592968751720321
1.16058552,2.53539341318929,2.589225641359625
1.16090288,2.541949619610888,2.586418308589102
1.16122024,2.548505826032486,2.581739420638231
1.1615376,2.554125431536712,2.576124755097185
1.16185496,2.559745037040938,2.571445867146314
1.16217232,2.564428041627794,2.565831201605268
1.16248968,2.569111046214649,2.560216536064223
1.16280704,2.572857449884133,2.553666092933003
1.1631244,2.576603853553618,2.548051427391957
1.16344176,2.579413656305731,2.541500984260738
1.16375912,2.582223459057844,2.534950541129517
1.16407648,2.584096660892587,2.527464320408124
1.16439384,2.585969862727329,2.521849654867078
1.1647112,2.585969862727329,2.515299211735859
1.16502856,2.5869064636447,2.508748768604639
1.16534592,2.5869064636447,2.502198325473419
1.16566328,2.585033261809957,2.495647882342199
1.16598064,2.583160059975215,2.488161661620805
1.166298,2.582223459057844,2.483482773669934
1.16661536,2.579413656305731,2.476932330538714
1.16693272,2.577540454470989,2.471317664997668
1.16725008,2.573794050801505,2.466638777046797
1.16756744,2.57004764713202,2.461024111505752
1.1678848,2.566301243462536,2.456345223554881
1.16820216,2.561618238875681,2.45166633560401
1.16851952,2.556935234288825,2.446987447653139
1.16883688,2.55225222970197,2.444180114882616
1.16915424,2.545696023280372,2.441372782112093
1.1694716,2.540076417776146,2.43856544934157
1.16978896,2.532583610437177,2.436693894161222
1.17010632,2.526027404015579,2.434822338980873
1.17042368,2.520407798511353,2.433886561390699
1.17074104,2.513851592089755,2.432950783800525
1.1710584,2.506358784750787,2.433886561390699
1.17137576,2.499802578329189,2.434822338980873
1.17169312,2.492309770990221,2.435758116571047
1.17201048,2.485753564568623,2.437629671751396
1.17232784,2.478260757229654,2.440437004521918
1.1726452,2.472641151725428,2.443244337292441
1.17296256,2.46608494530383,2.446987447653139
1.17327992,2.459528738882233,2.450730558013835
1.17359728,2.452972532460635,2.455409445964706
1.17391464,2.447352926956408,2.460088333915578
1.174232,2.442669922369553,2.466638777046797
1.17454936,2.437050316865327,2.472253442587843
1.17486672,2.432367312278471,2.478803885719063
1.17518408,2.428620908608987,2.486290106440457
1.17550144,2.424874504939503,2.492840549571676
1.1758188,2.422064702187389,2.50032677029307
1.17613616,2.420191500352647,2.50687721342429
1.17645352,2.420191500352647,2.514363434145684
1.17677088,2.418318298517905,2.520913877276904
1.17708824,2.418318298517905,2.528400097998298
1.1774056,2.420191500352647,2.535886318719692
1.17772296,2.421128101270019,2.542436761850912
1.17804032,2.422064702187389,2.548987204982132
1.17835768,2.425811105856874,2.5574092032937
1.17867504,2.428620908608987,2.563959646424919
1.1789924,2.4314307113611,2.568638534375791
1.17930976,2.437050316865327,2.57518897750701
1.17962712,2.441733321452182,2.579867865457881
1.17994448,2.446416326039038,2.584546753408753
1.18026184,2.452972532460635,2.58828986376945
1.1805792,2.458592137964862,2.591097196539973
1.18089656,2.465148344386459,2.593904529310496
1.18121392,2.471704550808057,2.596711862081018
1.18153128,2.477324156312283,2.598583417261367
1.18184864,2.484816963651252,2.599519194851541
1.182166,2.491373170072849,2.599519194851541
1.18248336,2.498865977411818,2.598583417261367
1.18280072,2.506358784750787,2.597647639671193
1.18311808,2.512914991172384,2.596711862081018
1.18343544,2.520407798511353,2.593904529310496
1.1837528,2.52696400493295,2.592032974130147
1.18407016,2.533520211354548,2.589225641359625
1.18438752,2.540076417776146,2.585482530998927
1.18470488,2.545696023280372,2.581739420638231
1.18502224,2.55225222970197,2.577996310277533
1.1853396,2.557871835206196,2.572381644736488
1.18565696,2.562554839793052,2.567702756785617
1.18597432,2.567237844379907,2.561152313654397
1.18629168,2.571920848966763,2.555537648113352
1.18660904,2.575667252636247,2.548987204982132
1.1869264,2.579413656305731,2.542436761850912
1.18724376,2.581286858140473,2.535886318719692
1.18756112,2.583160059975215,2.529335875588473
1.18787848,2.585033261809957,2.522785432457253
1.18819584,2.585969862727329,2.516234989326033
1.1885132,2.585969862727329,2.509684546194813
1.18883056,2.584096660892587,2.502198325473419
1.18914792,2.584096660892587,2.496583659932374
1.18946528,2.582223459057844,2.48909743921098
1.18978264,2.579413656305731,2.483482773669934
1.1901,2.577540454470989,2.476932330538714
1.19041736,2.573794050801505,2.470381887407495
1.19073472,2.57004764713202,2.465702999456624
1.19105208,2.566301243462536,2.461024111505752
1.19136944,2.559745037040938,2.455409445964706
1.1916868,2.555998633371454,2.45166633560401
1.19200416,2.551315628784599,2.447923225243312
1.19232152,2.544759422363001,2.446051670062964
1.19263888,2.538203215941404,2.443244337292441
1.19295624,2.531647009519806,2.441372782112093
1.1932736,2.525090803098208,2.439501226931744
1.19359096,2.518534596676611,2.439501226931744
1.19390832,2.511978390255013,2.440437004521918
1.19422568,2.504485582916045,2.440437004521918
1.19454304,2.497929376494447,2.443244337292441
1.1948604,2.491373170072849,2.445115892472789
1.19517776,2.484816963651252,2.447923225243312
1.19549512,2.478260757229654,2.45166633560401
1.19581248,2.471704550808057,2.455409445964706
1.19612984,2.46608494530383,2.460088333915578
1.1964472,2.461401940716975,2.463831444276275
1.19676456,2.455782335212748,2.46944610981732
1.19708192,2.452035931543264,2.47599655294854
1.19739928,2.44828952787378,2.481611218489586
1.19771664,2.445479725121666,2.487225884030631
1.198034,2.442669922369553,2.492840549571676
1.19835136,2.440796720534811,2.499390992702897
1.19866872,2.438923518700069,2.505941435834116
1.19898608,2.437050316865327,2.511556101375161
1.19930344,2.437050316865327,2.517170766916207
1.1996208,2.437986917782698,2.524656987637601
1.19993816,2.43986011961744,2.529335875588473
1.20025552,2.441733321452182,2.534950541129517
1.20057288,2.443606523286924,2.541500984260738
1.20089024,2.445479725121666,2.545244094621435
1.2012076,2.44828952787378,2.55085876016248
1.20152496,2.452035931543264,2.555537648113352
1.20184232,2.455782335212748,2.559280758474048
1.20215968,2.460465339799604,2.563023868834746
1.20247704,2.463275142551717,2.565831201605268
1.2027944,2.467958147138572,2.568638534375791
1.20311176,2.472641151725428,2.570510089556139
1.20342912,2.477324156312283,2.573317422326662
1.20374648,2.48294376181651,2.574253199916837
1.20406384,2.488563367320736,2.57518897750701
1.2043812,2.495119573742334,2.57518897750701
1.20469856,2.50073917924656,2.574253199916837
1.20501592,2.506358784750787,2.574253199916837
1.20533328,2.511978390255013,2.572381644736488
1.20565064,2.516661394841869,2.570510089556139
1.205968,2.523217601263466,2.568638534375791
1.20628536,2.527900605850322,2.565831201605268
1.20660272,2.533520211354548,2.563023868834746
1.20692008,2.537266615024032,2.559280758474048
1.20723744,2.541949619610888,2.555537648113352
1.2075548,2.545696023280372,2.55085876016248
1.20787216,2.549442426949856,2.546179872211609
1.20818952,2.55225222970197,2.541500984260738
1.20850688,2.554125431536712,2.535886318719692
1.20882424,2.555998633371454,2.531207430768821
1.2091416,2.557871835206196,2.525592765227775
1.20945896,2.559745037040938,2.520913877276904
1.20977632,2.560681637958309,2.515299211735859
1.21009368,2.559745037040938,2.509684546194813
1.21041104,2.558808436123567,2.504069880653768
1.2107284,2.557871835206196,2.499390992702897
1.21104576,2.555998633371454,2.493776327161851
1.21136312,2.554125431536712,2.488161661620805
1.21168048,2.55225222970197,2.484418551260108
1.21199784,2.549442426949856,2.479739663309237
1.2123152,2.545696023280372,2.476932330538714
1.21263256,2.542886220528259,2.473189220178018
1.21294992,2.538203215941404,2.46944610981732
1.21326728,2.533520211354548,2.466638777046797
1.21358464,2.529773807685064,2.465702999456624
1.213902,2.524154202180837,2.463831444276275
1.21421936,2.519471197593982,2.462895666686101
1.21453672,2.513851592089755,2.462895666686101
1.21485408,2.508231986585529,2.462895666686101
1.21517144,2.502612381081303,2.463831444276275
1.2154888,2.496992775577076,2.465702999456624
1.21580616,2.490436569155478,2.466638777046797
1.21612352,2.486690165485994,2.46944610981732
1.21644088,2.482007160899139,2.472253442587843
1.21675824,2.478260757229654,2.475060775358366
1.2170756,2.47451435356017,2.479739663309237
1.21739296,2.470767949890686,2.48254699607976
1.21771032,2.467021546221202,2.487225884030631
1.21802768,2.463275142551717,2.490968994391328
1.21834504,2.461401940716975,2.494712104752025
1.2186624,2.459528738882233,2.50032677029307
1.21897976,2.458592137964862,2.505005658243942
1.21929712,2.45765553704749,2.508748768604639
1.21961448,2.45671893613012,2.51342765655551
1.21993184,2.45671893613012,2.517170766916207
1.2202492,2.45671893613012,2.522785432457253
1.22056656,2.45671893613012,2.527464320408124
1.22088392,2.45765553704749,2.530271653178646
1.22120128,2.458592137964862,2.534014763539344
1.22151864,2.460465339799604,2.53775787390004
1.221836,2.462338541634346,2.540565206670563
1.22215336,2.465148344386459,2.544308317031261
1.22247072,2.467958147138572,2.548051427391957
1.22278808,2.470767949890686,2.551794537752654
1.22310544,2.47451435356017,2.553666092933003
1.2234228,2.477324156312283,2.556473425703525
1.22374016,2.481070559981768,2.558344980883875
1.22405752,2.483880362733881,2.559280758474048
1.22437488,2.488563367320736,2.560216536064223
1.22469224,2.494182972824963,2.560216536064223
1.2250096,2.497929376494447,2.559280758474048
1.22532696,2.502612381081303,2.559280758474048
1.22564432,2.507295385668158,2.558344980883875
1.22596168,2.511978390255013,2.5574092032937
1.22627904,2.515724793924498,2.555537648113352
1.2265964,2.519471197593982,2.553666092933003
1.22691376,2.523217601263466,2.551794537752654
1.22723112,2.527900605850322,2.548987204982132
1.22754848,2.530710408602435,2.545244094621435
1.22786584,2.533520211354548,2.542436761850912
1.2281832,2.536330014106661,2.539629429080389
1.22850056,2.539139816858774,2.536822096309867
1.22881792,2.541013018693517,2.533078985949169
1.22913528,2.541949619610888,2.529335875588473
1.22945264,2.542886220528259,2.524656987637601
1.22977,2.54382282144563,2.520913877276904
1.23008736,2.544759422363001,2.518106544506382
1.23040472,2.544759422363001,2.514363434145684
1.23072208,2.54382282144563,2.511556101375161
1.23103944,2.542886220528259,2.50687721342429
1.2313568,2.541949619610888,2.504069880653768
1.23167416,2.541013018693517,2.501262547883245
1.23199152,2.539139816858774,2.497519437522548
1.23230888,2.537266615024032,2.493776327161851
1.23262624,2.534456812271919,2.492840549571676
1.2329436,2.531647009519806,2.490033216801153
1.23326096,2.528837206767693,2.487225884030631
1.23357832,2.526027404015579,2.485354328850282
1.23389568,2.523217601263466,2.484418551260108
1.23421304,2.520407798511353,2.483482773669934
1.2345304,2.51759799575924,2.48254699607976
1.23484776,2.513851592089755,2.48254699607976
1.23516512,2.510105188420271,2.483482773669934
1.23548248,2.507295385668158,2.483482773669934
1.23579984,2.503548981998673,2.483482773669934
1.2361172,2.50073917924656,2.484418551260108
1.23643456,2.496992775577076,2.484418551260108
1.23675192,2.493246371907591,2.486290106440457
1.23706928,2.490436569155478,2.488161661620805
1.23738664,2.487626766403365,2.490968994391328
1.237704,2.484816963651252,2.491904771981503
1.23802136,2.48294376181651,2.493776327161851
1.23833872,2.480133959064396,2.496583659932374
1.23865608,2.478260757229654,2.499390992702897
1.23897344,2.476387555394912,2.501262547883245
1.2392908,2.475450954477541,2.505005658243942
1.23960816,2.47451435356017,2.508748768604639
1.23992552,2.473577752642799,2.511556101375161
1.24024288,2.472641151725428,2.514363434145684
1.24056024,2.472641151725428,2.517170766916207
1.2408776,2.472641151725428,2.51997809968673
1.24119496,2.473577752642799,2.522785432457253
1.24151232,2.47451435356017,2.52652854281795
1.24182968,2.475450954477541,2.528400097998298
1.24214704,2.477324156312283,2.531207430768821
1.2424644,2.478260757229654,2.533078985949169
1.24278176,2.480133959064396,2.534950541129517
1.24309912,2.48294376181651,2.536822096309867
1.24341648,2.484816963651252,2.538693651490215
1.24373384,2.487626766403365,2.539629429080389
1.2440512,2.491373170072849,2.540565206670563
1.24436856,2.494182972824963,2.541500984260738
1.24468592,2.496992775577076,2.541500984260738
1.24500328,2.499802578329189,2.541500984260738
1.24532064,2.502612381081303,2.540565206670563
1.245638,2.506358784750787,2.540565206670563
1.24595536,2.5091685875029,2.539629429080389
1.24627272,2.511041789337642,2.538693651490215
1.24659008,2.513851592089755,2.536822096309867
1.24690744,2.516661394841869,2.535886318719692
1.2472248,2.518534596676611,2.534014763539344
1.24754216,2.521344399428724,2.533078985949169
1.24785952,2.522281000346095,2.530271653178646
1.24817688,2.524154202180837,2.529335875588473
1.24849424,2.525090803098208,2.52652854281795
1.2488116,2.526027404015579,2.524656987637601
1.24912896,2.52696400493295,2.521849654867078
1.24944632,2.527900605850322,2.519042322096555
1.24976368,2.527900605850322,2.518106544506382
1.25008104,2.527900605850322,2.515299211735859
1.2503984,2.528837206767693,2.51342765655551
1.25071576,2.528837206767693,2.511556101375161
1.25103312,2.528837206767693,2.509684546194813
1.25135048,2.52696400493295,2.507812991014465
1.25166784,2.52696400493295,2.505941435834116
1.2519852,2.526027404015579,2.504069880653768
1.25230256,2.525090803098208,2.503134103063593
1.25261992,2.523217601263466,2.50032677029307
1.25293728,2.522281000346095,2.499390992702897
1.25325464,2.520407798511353,2.497519437522548
1.253572,2.518534596676611,2.496583659932374
1.25388936,2.516661394841869,2.495647882342199
1.25420672,2.514788193007127,2.494712104752025
1.25452408,2.512914991172384,2.494712104752025
1.25484144,2.510105188420271,2.493776327161851
1.2551588,2.507295385668158,2.493776327161851
1.25547616,2.504485582916045,2.493776327161851
1.25579352,2.503548981998673,2.492840549571676
1.25611088,2.499802578329189,2.493776327161851
1.25642824,2.496992775577076,2.494712104752025
1.2567456,2.494182972824963,2.494712104752025
1.25706296,2.491373170072849,2.496583659932374
1.25738032,2.488563367320736,2.498455215112722
1.25769768,2.487626766403365,2.50032677029307
1.25801504,2.484816963651252,2.502198325473419
1.2583324,2.483880362733881,2.504069880653768
1.25864976,2.481070559981768,2.505941435834116
1.25896712,2.481070559981768,2.508748768604639
1.25928448,2.480133959064396,2.511556101375161
1.25960184,2.478260757229654,2.51342765655551
1.2599192,2.479197358147025,2.515299211735859
1.26023656,2.478260757229654,2.519042322096555
1.26055392,2.479197358147025,2.520913877276904
1.26087128,2.480133959064396,2.523721210047427
1.26118864,2.480133959064396,2.52652854281795
1.261506,2.481070559981768,2.528400097998298
1.26182336,2.48294376181651,2.529335875588473
1.26214072,2.484816963651252,2.532143208358995
1.26245808,2.486690165485994,2.533078985949169
1.26277544,2.489499968238107,2.534014763539344
1.2630928,2.490436569155478,2.535886318719692
1.26341016,2.493246371907591,2.535886318719692
1.26372752,2.496056174659705,2.53775787390004
1.26404488,2.497929376494447,2.53775787390004
1.26436224,2.499802578329189,2.53775787390004
1.2646796,2.501675780163931,2.53775787390004
1.26499696,2.504485582916045,2.53775787390004
1.26531432,2.507295385668158,2.53775787390004
1.26563168,2.5091685875029,2.536822096309867
1.26594904,2.511041789337642,2.535886318719692
1.2662664,2.513851592089755,2.534950541129517
1.26658376,2.514788193007127,2.533078985949169
1.26690112,2.51759799575924,2.532143208358995
1.26721848,2.518534596676611,2.531207430768821
1.26753584,2.521344399428724,2.530271653178646
1.2678532,2.522281000346095,2.528400097998298
1.26817056,2.524154202180837,2.527464320408124
1.26848792,2.525090803098208,2.524656987637601
1.26880528,2.526027404015579,2.523721210047427
1.26912264,2.52696400493295,2.521849654867078
1.26944,2.527900605850322,2.51997809968673
1.26975736,2.528837206767693,2.519042322096555
1.27007472,2.528837206767693,2.516234989326033
1.27039208,2.529773807685064,2.515299211735859
1.27070944,2.529773807685064,2.51342765655551
1.2710268,2.529773807685064,2.511556101375161
1.27134416,2.528837206767693,2.508748768604639
1.27166152,2.528837206767693,2.50687721342429
1.27197888,2.527900605850322,2.505005658243942
1.27229624,2.526027404015579,2.503134103063593
1.2726136,2.525090803098208,2.501262547883245
1.27293096,2.523217601263466,2.499390992702897
1.27324832,2.521344399428724,2.497519437522548
1.27356568,2.520407798511353,2.496583659932374
1.27388304,2.518534596676611,2.494712104752025
1.2742004,2.516661394841869,2.493776327161851
1.27451776,2.513851592089755,2.492840549571676
1.27483512,2.510105188420271,2.491904771981503
1.27515248,2.507295385668158,2.491904771981503
1.27546984,2.503548981998673,2.490968994391328
1.2757872,2.501675780163931,2.490968994391328
1.27610456,2.499802578329189,2.491904771981503
1.27642192,2.496992775577076,2.493776327161851
1.27673928,2.494182972824963,2.493776327161851
1.27705664,2.491373170072849,2.494712104752025
1.277374,2.489499968238107,2.497519437522548
1.27769136,2.486690165485994,2.498455215112722
1.27800872,2.484816963651252,2.50032677029307
1.27832608,2.48294376181651,2.502198325473419
1.27864344,2.482007160899139,2.505005658243942
1.2789608,2.481070559981768,2.507812991014465
1.27927816,2.479197358147025,2.508748768604639
1.27959552,2.479197358147025,2.512491878965336
1.27991288,2.479197358147025,2.514363434145684
1.28023024,2.479197358147025,2.517170766916207
1.2805476,2.480133959064396,2.51997809968673
1.28086496,2.481070559981768,2.521849654867078
1.28118232,2.481070559981768,2.523721210047427
1.28149968,2.48294376181651,2.525592765227775
1.28181704,2.48294376181651,2.527464320408124
1.2821344,2.483880362733881,2.528400097998298
1.28245176,2.485753564568623,2.530271653178646
1.28276912,2.486690165485994,2.532143208358995
1.28308648,2.488563367320736,2.532143208358995
1.28340384,2.490436569155478,2.533078985949169
1.2837212,2.493246371907591,2.534014763539344
1.28403856,2.495119573742334,2.534014763539344
1.28435592,2.496992775577076,2.534950541129517
1.28467328,2.499802578329189,2.534950541129517
1.28499064,2.501675780163931,2.535886318719692
1.285308,2.502612381081303,2.534950541129517
1.28562536,2.505422183833416,2.535886318719692
1.28594272,2.506358784750787,2.534950541129517
1.28626008,2.5091685875029,2.534950541129517
1.28657744,2.511978390255013,2.534950541129517
1.2868948,2.512914991172384,2.533078985949169
1.28721216,2.515724793924498,2.532143208358995
1.28752952,2.516661394841869,2.531207430768821
1.28784688,2.518534596676611,2.529335875588473
1.28816424,2.520407798511353,2.529335875588473
1.2884816,2.521344399428724,2.527464320408124
1.28879896,2.523217601263466,2.52652854281795
1.28911632,2.524154202180837,2.525592765227775
1.28943368,2.525090803098208,2.522785432457253
1.28975104,2.526027404015579,2.520913877276904
1.2900684,2.527900605850322,2.518106544506382
1.29038576,2.52696400493295,2.516234989326033
1.29070312,2.527900605850322,2.51342765655551
1.29102048,2.527900605850322,2.512491878965336
1.29133784,2.527900605850322,2.509684546194813
1.2916552,2.52696400493295,2.507812991014465
1.29197256,2.526027404015579,2.505941435834116
1.29228992,2.526027404015579,2.504069880653768
1.29260728,2.523217601263466,2.501262547883245
1.29292464,2.522281000346095,2.50032677029307
1.293242,2.520407798511353,2.498455215112722
1.29355936,2.518534596676611,2.497519437522548
1.29387672,2.516661394841869,2.496583659932374
1.29419408,2.513851592089755,2.494712104752025
1.29451144,2.511041789337642,2.493776327161851
1.2948288,2.508231986585529,2.494712104752025
1.29514616,2.506358784750787,2.494712104752025
1.29546352,2.503548981998673,2.494712104752025
1.29578088,2.501675780163931,2.494712104752025
1.29609824,2.498865977411818,2.496583659932374
1.2964156,2.496056174659705,2.497519437522548
1.29673296,2.494182972824963,2.498455215112722
1.29705032,2.491373170072849,2.50032677029307
1.29736768,2.490436569155478,2.502198325473419
1.29768504,2.488563367320736,2.504069880653768
1.2980024,2.487626766403365,2.505005658243942
1.29831976,2.486690165485994,2.50687721342429
1.29863712,2.486690165485994,2.509684546194813
1.29895448,2.485753564568623,2.511556101375161
1.29927184,2.486690165485994,2.51342765655551
1.2995892,2.485753564568623,2.514363434145684
1.29990656,2.486690165485994,2.516234989326033
1.30022392,2.487626766403365,2.518106544506382
1.30054128,2.487626766403365,2.51997809968673
1.30085864,2.487626766403365,2.521849654867078
1.301176,2.488563367320736,2.522785432457253
1.30149336,2.490436569155478,2.523721210047427
1.30181072,2.491373170072849,2.524656987637601
1.30212808,2.492309770990221,2.525592765227775
1.30244544,2.493246371907591,2.52652854281795
1.3027628,2.494182972824963,2.527464320408124
1.30308016,2.496056174659705,2.527464320408124
1.30339752,2.496992775577076,2.528400097998298
1.30371488,2.497929376494447,2.529335875588473
1.30403224,2.499802578329189,2.529335875588473
1.3043496,2.50073917924656,2.529335875588473
1.30466696,2.501675780163931,2.529335875588473
1.30498432,2.502612381081303,2.529335875588473
1.30530168,2.503548981998673,2.529335875588473
1.30561904,2.505422183833416,2.529335875588473
1.3059364,2.507295385668158,2.529335875588473
1.30625376,2.508231986585529,2.528400097998298
1.30657112,2.510105188420271,2.528400097998298
1.30688848,2.511978390255013,2.527464320408124
1.30720584,2.511978390255013,2.52652854281795
1.3075232,2.513851592089755,2.525592765227775
1.30784056,2.514788193007127,2.524656987637601
1.30815792,2.515724793924498,2.523721210047427
1.30847528,2.51759799575924,2.522785432457253
1.30879264,2.51759799575924,2.521849654867078
1.30911,2.518534596676611,2.521849654867078
1.30942736,2.519471197593982,2.51997809968673
1.30974472,2.519471197593982,2.519042322096555
1.31006208,2.520407798511353,2.516234989326033
1.31037944,2.520407798511353,2.515299211735859
1.3106968,2.521344399428724,2.51342765655551
1.31101416,2.520407798511353,2.511556101375161
1.31133152,2.520407798511353,2.510620323784988
1.31164888,2.520407798511353,2.507812991014465
1.31196624,2.518534596676611,2.50687721342429
1.3122836,2.51759799575924,2.505005658243942
1.31260096,2.516661394841869,2.505005658243942
1.31291832,2.515724793924498,2.504069880653768
1.31323568,2.513851592089755,2.502198325473419
1.31355304,2.511978390255013,2.501262547883245
1.3138704,2.510105188420271,2.501262547883245
1.31418776,2.508231986585529,2.50032677029307
1.31450512,2.506358784750787,2.50032677029307
1.31482248,2.504485582916045,2.501262547883245
1.31513984,2.502612381081303,2.501262547883245
1.3154572,2.50073917924656,2.502198325473419
1.31577456,2.50073917924656,2.503134103063593
1.31609192,2.498865977411818,2.504069880653768
1.31640928,2.496992775577076,2.505005658243942
1.31672664,2.495119573742334,2.505941435834116
1.317044,2.493246371907591,2.50687721342429
1.31736136,2.492309770990221,2.508748768604639
1.31767872,2.492309770990221,2.508748768604639
1.31799608,2.492309770990221,2.510620323784988
1.31831344,2.491373170072849,2.512491878965336
1.3186308,2.491373170072849,2.514363434145684
1.31894816,2.491373170072849,2.515299211735859
1.31926552,2.491373170072849,2.516234989326033
1.31958288,2.491373170072849,2.517170766916207
1.31990024,2.491373170072849,2.519042322096555
1.3202176,2.491373170072849,2.520913877276904
1.32053496,2.493246371907591,2.521849654867078
1.32085232,2.493246371907591,2.522785432457253
1.32116968,2.495119573742334,2.524656987637601
1.32148704,2.495119573742334,2.524656987637601
1.3218044,2.496056174659705,2.525592765227775
1.32212176,2.496992775577076,2.525592765227775
1.32243912,2.497929376494447,2.52652854281795
1.32275648,2.498865977411818,2.527464320408124
1.32307384,2.50073917924656,2.527464320408124
1.3233912,2.501675780163931,2.528400097998298
1.32370856,2.504485582916045,2.529335875588473
1.32402592,2.504485582916045,2.527464320408124
1.32434328,2.507295385668158,2.528400097998298
1.32466064,2.507295385668158,2.528400097998298
1.324978,2.5091685875029,2.528400097998298
1.32529536,2.5091685875029,2.52652854281795
1.32561272,2.511041789337642,2.527464320408124
1.32593008,2.512914991172384,2.525592765227775
1.32624744,2.513851592089755,2.524656987637601
1.3265648,2.515724793924498,2.524656987637601
1.32688216,2.516661394841869,2.522785432457253
1.32719952,2.516661394841869,2.522785432457253
1.32751688,2.518534596676611,2.520913877276904
1.32783424,2.518534596676611,2.51997809968673
1.3281516,2.518534596676611,2.519042322096555
1.32846896,2.519471197593982,2.517170766916207
1.32878632,2.520407798511353,2.516234989326033
1.32910368,2.520407798511353,2.515299211735859
1.32942104,2.519471197593982,2.51342765655551
1.3297384,2.519471197593982,2.512491878965336
1.33005576,2.518534596676611,2.510620323784988
1.33037312,2.518534596676611,2.508748768604639
1.33069048,2.516661394841869,2.507812991014465
1.33100784,2.515724793924498,2.505941435834116
1.3313252,2.514788193007127,2.505005658243942
1.33164256,2.512914991172384,2.504069880653768
1.33195992,2.512914991172384,2.503134103063593
1.33227728,2.511041789337642,2.502198325473419
1.33259464,2.508231986585529,2.502198325473419
1.332912,2.507295385668158,2.502198325473419
1.33322936,2.506358784750787,2.501262547883245
1.33354672,2.504485582916045,2.502198325473419
1.33386408,2.502612381081303,2.502198325473419
1.33418144,2.50073917924656,2.502198325473419
1.3344988,2.499802578329189,2.502198325473419
1.33481616,2.498865977411818,2.503134103063593
1.33513352,2.496992775577076,2.504069880653768
1.33545088,2.496056174659705,2.505005658243942
1.33576824,2.494182972824963,2.505941435834116
1.3360856,2.493246371907591,2.50687721342429
1.33640296,2.493246371907591,2.508748768604639
1.33672032,2.493246371907591,2.508748768604639
1.33703768,2.491373170072849,2.509684546194813
1.33735504,2.491373170072849,2.511556101375161
1.3376724,2.490436569155478,2.512491878965336
1.33798976,2.490436569155478,2.514363434145684
1.33830712,2.490436569155478,2.515299211735859
1.33862448,2.490436569155478,2.516234989326033
1.33894184,2.489499968238107,2.518106544506382
1.3392592,2.490436569155478,2.519042322096555
1.33957656,2.490436569155478,2.520913877276904
1.33989392,2.492309770990221,2.521849654867078
1.34021128,2.492309770990221,2.522785432457253
1.34052864,2.492309770990221,2.523721210047427
1.340846,2.494182972824963,2.523721210047427
1.34116336,2.494182972824963,2.524656987637601
1.34148072,2.495119573742334,2.52652854281795
1.34179808,2.496992775577076,2.527464320408124
1.34211544,2.496992775577076,2.527464320408124
1.3424328,2.498865977411818,2.528400097998298
1.34275016,2.50073917924656,2.528400097998298
1.34306752,2.501675780163931,2.529335875588473
1.34338488,2.504485582916045,2.529335875588473
1.34370224,2.505422183833416,2.529335875588473
1.3440196,2.506358784750787,2.530271653178646
1.34433696,2.508231986585529,2.529335875588473
1.34465432,2.5091685875029,2.529335875588473
1.34497168,2.511041789337642,2.528400097998298
1.34528904,2.512914991172384,2.527464320408124
1.3456064,2.513851592089755,2.527464320408124
1.34592376,2.515724793924498,2.527464320408124
1.34624112,2.516661394841869,2.525592765227775
1.34655848,2.516661394841869,2.524656987637601
1.34687584,2.518534596676611,2.523721210047427
1.3471932,2.519471197593982,2.521849654867078
1.34751056,2.521344399428724,2.520913877276904
1.34782792,2.521344399428724,2.51997809968673
1.34814528,2.521344399428724,2.518106544506382
1.34846264,2.523217601263466,2.517170766916207
1.34878,2.522281000346095,2.514363434145684
1.34909736,2.523217601263466,2.514363434145684
1.34941472,2.522281000346095,2.512491878965336
1.34973208,2.522281000346095,2.510620323784988
1.35004944,2.522281000346095,2.508748768604639
1.3503668,2.520407798511353,2.50687721342429
1.35068416,2.520407798511353,2.505941435834116
1.35100152,2.519471197593982,2.505005658243942
1.35131888,2.51759799575924,2.504069880653768
1.35163624,2.516661394841869,2.502198325473419
1.3519536,2.514788193007127,2.502198325473419
1.35227096,2.513851592089755,2.502198325473419
1.35258832,2.511978390255013,2.50032677029307
1.35290568,2.510105188420271,2.501262547883245
1.35322304,2.5091685875029,2.501262547883245
1.3535404,2.506358784750787,2.50032677029307
1.35385776,2.503548981998673,2.50032677029307
1.35417512,2.502612381081303,2.50032677029307
1.35449248,2.50073917924656,2.501262547883245
1.35480984,2.498865977411818,2.502198325473419
1.3551272,2.496992775577076,2.502198325473419
1.35544456,2.496056174659705,2.503134103063593
1.35576192,2.495119573742334,2.504069880653768
1.35607928,2.493246371907591,2.505941435834116
1.35639664,2.492309770990221,2.50687721342429
1.356714,2.491373170072849,2.507812991014465
1.35703136,2.490436569155478,2.508748768604639
1.35734872,2.489499968238107,2.510620323784988
1.35766608,2.489499968238107,2.512491878965336
1.35798344,2.488563367320736,2.514363434145684
1.3583008,2.489499968238107,2.516234989326033
1.35861816,2.488563367320736,2.518106544506382
1.35893552,2.489499968238107,2.519042322096555
1.35925288,2.488563367320736,2.51997809968673
1.35957024,2.489499968238107,2.521849654867078
1.3598876,2.490436569155478,2.523721210047427
1.36020496,2.490436569155478,2.524656987637601
1.36052232,2.492309770990221,2.52652854281795
1.36083968,2.492309770990221,2.527464320408124
1.36115704,2.493246371907591,2.528400097998298
1.3614744,2.494182972824963,2.528400097998298
1.36179176,2.494182972824963,2.529335875588473
1.36210912,2.496056174659705,2.530271653178646
1.36242648,2.497929376494447,2.530271653178646
1.36274384,2.498865977411818,2.530271653178646
1.3630612,2.499802578329189,2.531207430768821
1.36337856,2.501675780163931,2.531207430768821
1.36369592,2.504485582916045,2.532143208358995
1.36401328,2.504485582916045,2.531207430768821
1.36433064,2.506358784750787,2.531207430768821
1.364648,2.508231986585529,2.531207430768821
1.36496536,2.5091685875029,2.531207430768821
1.36528272,2.510105188420271,2.530271653178646
1.36560008,2.511041789337642,2.529335875588473
1.36591744,2.512914991172384,2.528400097998298
1.3662348,2.514788193007127,2.528400097998298
1.36655216,2.516661394841869,2.52652854281795
1.36686952,2.516661394841869,2.525592765227775
1.36718688,2.51759799575924,2.524656987637601
1.36750424,2.518534596676611,2.523721210047427
1.3678216,2.520407798511353,2.522785432457253
1.36813896,2.520407798511353,2.520913877276904
1.36845632,2.521344399428724,2.51997809968673
1.36877368,2.522281000346095,2.518106544506382
1.36909104,2.521344399428724,2.516234989326033
1.3694084,2.521344399428724,2.514363434145684
1.36972576,2.521344399428724,2.51342765655551
1.37004312,2.521344399428724,2.512491878965336
1.37036048,2.520407798511353,2.509684546194813
1.37067784,2.518534596676611,2.508748768604639
1.3709952,2.518534596676611,2.50687721342429
1.37131256,2.518534596676611,2.505941435834116
1.37162992,2.516661394841869,2.504069880653768
1.37194728,2.515724793924498,2.503134103063593
1.37226464,2.514788193007127,2.502198325473419
1.372582,2.513851592089755,2.502198325473419
1.37289936,2.511041789337642,2.50032677029307
1.37321672,2.510105188420271,2.50032677029307
1.37353408,2.508231986585529,2.50032677029307
1.37385144,2.507295385668158,2.50032677029307
1.3741688,2.505422183833416,2.50032677029307
1.37448616,2.503548981998673,2.50032677029307
1.37480352,2.503548981998673,2.50032677029307
1.37512088,2.501675780163931,2.50032677029307
1.37543824,2.499802578329189,2.501262547883245
1.3757556,2.498865977411818,2.502198325473419
1.37607296,2.496056174659705,2.502198325473419
1.37639032,2.496056174659705,2.504069880653768
1.37670768,2.495119573742334,2.504069880653768
1.37702504,2.493246371907591,2.505941435834116
1.3773424,2.492309770990221,2.507812991014465
1.37765976,2.492309770990221,2.508748768604639
1.37797712,2.491373170072849,2.509684546194813
1.37829448,2.490436569155478,2.510620323784988
1.37861184,2.489499968238107,2.511556101375161
1.3789292,2.489499968238107,2.512491878965336
1.37924656,2.489499968238107,2.514363434145684
1.37956392,2.489499968238107,2.515299211735859
1.37988128,2.488563367320736,2.516234989326033
1.38019864,2.489499968238107,2.518106544506382
1.380516,2.490436569155478,2.51997809968673
1.38083336,2.490436569155478,2.520913877276904
1.38115072,2.490436569155478,2.521849654867078
1.38146808,2.491373170072849,2.523721210047427
1.38178544,2.492309770990221,2.524656987637601
1.3821028,2.492309770990221,2.525592765227775
1.38242016,2.493246371907591,2.525592765227775
1.38273752,2.495119573742334,2.52652854281795
1.38305488,2.496056174659705,2.527464320408124
1.38337224,2.497929376494447,2.528400097998298
1.3836896,2.498865977411818,2.529335875588473
1.38400696,2.499802578329189,2.529335875588473
1.38432432,2.50073917924656,2.529335875588473
1.38464168,2.502612381081303,2.530271653178646
1.38495904,2.503548981998673,2.530271653178646
1.3852764,2.504485582916045,2.530271653178646
1.38559376,2.505422183833416,2.530271653178646
1.38591112,2.507295385668158,2.529335875588473
1.38622848,2.5091685875029,2.529335875588473
1.38654584,2.510105188420271,2.529335875588473
1.3868632,2.511978390255013,2.528400097998298
1.38718056,2.512914991172384,2.527464320408124
1.38749792,2.513851592089755,2.527464320408124
1.38781528,2.515724793924498,2.527464320408124
1.38813264,2.516661394841869,2.525592765227775
1.38845,2.51759799575924,2.524656987637601
1.38876736,2.518534596676611,2.524656987637601
1.38908472,2.518534596676611,2.521849654867078
1.38940208,2.518534596676611,2.520913877276904
1.38971944,2.519471197593982,2.519042322096555
1.3900368,2.520407798511353,2.518106544506382
1.39035416,2.521344399428724,2.517170766916207
1.39067152,2.520407798511353,2.514363434145684
1.39098888,2.520407798511353,2.51342765655551
1.39130624,2.520407798511353,2.512491878965336
1.3916236,2.518534596676611,2.511556101375161
1.39194096,2.51759799575924,2.509684546194813
1.39225832,2.51759799575924,2.507812991014465
1.39257568,2.516661394841869,2.507812991014465
1.39289304,2.515724793924498,2.50687721342429
1.3932104,2.514788193007127,2.505941435834116
1.39352776,2.513851592089755,2.505005658243942
1.39384512,2.513851592089755,2.504069880653768
1.39416248,2.511041789337642,2.503134103063593
1.39447984,2.511041789337642,2.504069880653768
1.3947972,2.5091685875029,2.502198325473419
1.39511456,2.507295385668158,2.501262547883245
1.39543192,2.507295385668158,2.502198325473419
1.39574928,2.505422183833416,2.502198325473419
1.39606664,2.503548981998673,2.501262547883245
1.396384,2.502612381081303,2.502198325473419
1.39670136,2.50073917924656,2.502198325473419
1.39701872,2.499802578329189,2.503134103063593
1.39733608,2.497929376494447,2.504069880653768
1.39765344,2.497929376494447,2.504069880653768
1.3979708,2.496056174659705,2.505941435834116
1.39828816,2.495119573742334,2.50687721342429
1.39860552,2.494182972824963,2.507812991014465
1.39892288,2.493246371907591,2.509684546194813
1.39924024,2.492309770990221,2.509684546194813
1.3995576,2.492309770990221,2.510620323784988
1.39987496,2.492309770990221,2.512491878965336
1.40019232,2.492309770990221,2.512491878965336
1.40050968,2.491373170072849,2.514363434145684
1.40082704,2.492309770990221,2.515299211735859
1.4011444,2.492309770990221,2.517170766916207
1.40146176,2.492309770990221,2.518106544506382
1.40177912,2.492309770990221,2.518106544506382
1.40209648,2.492309770990221,2.51997809968673
1.40241384,2.493246371907591,2.520913877276904
1.4027312,2.493246371907591,2.521849654867078
1.40304856,2.493246371907591,2.522785432457253
1.40336592,2.495119573742334,2.524656987637601
1.40368328,2.496056174659705,2.525592765227775
1.40400064,2.496056174659705,2.525592765227775
1.404318,2.496992775577076,2.52652854281795
1.40463536,2.497929376494447,2.527464320408124
1.40495272,2.499802578329189,2.527464320408124
1.40527008,2.50073917924656,2.527464320408124
1.40558744,2.501675780163931,2.528400097998298
1.4059048,2.503548981998673,2.528400097998298
1.40622216,2.503548981998673,2.528400097998298
1.40653952,2.505422183833416,2.528400097998298
1.40685688,2.506358784750787,2.527464320408124
1.40717424,2.508231986585529,2.528400097998298
1.4074916,2.5091685875029,2.527464320408124
1.40780896,2.510105188420271,2.527464320408124
1.40812632,2.510105188420271,2.527464320408124
1.40844368,2.511041789337642,2.527464320408124
1.40876104,2.512914991172384,2.52652854281795
1.4090784,2.513851592089755,2.524656987637601
1.40939576,2.514788193007127,2.524656987637601
1.40971312,2.514788193007127,2.523721210047427
1.41003048,2.515724793924498,2.522785432457253
1.41034784,2.515724793924498,2.520913877276904
1.4106652,2.516661394841869,2.520913877276904
1.41098256,2.516661394841869,2.51997809968673
1.41129992,2.516661394841869,2.519042322096555
1.41161728,2.51759799575924,2.518106544506382
1.41193464,2.516661394841869,2.516234989326033
1.412252,2.518534596676611,2.516234989326033
1.41256936,2.51759799575924,2.515299211735859
1.41288672,2.51759799575924,2.514363434145684
1.41320408,2.516661394841869,2.512491878965336
1.41352144,2.516661394841869,2.511556101375161
1.4138388,2.515724793924498,2.511556101375161
1.41415616,2.516661394841869,2.510620323784988
1.41447352,2.515724793924498,2.508748768604639
1.41479088,2.514788193007127,2.507812991014465
1.41510824,2.513851592089755,2.507812991014465
1.4154256,2.512914991172384,2.50687721342429
1.41574296,2.511978390255013,2.505941435834116
1.41606032,2.511041789337642,2.505941435834116
1.41637768,2.510105188420271,2.505005658243942
1.41669504,2.5091685875029,2.505005658243942
1.4170124,2.508231986585529,2.504069880653768
1.41732976,2.506358784750787,2.504069880653768
1.41764712,2.505422183833416,2.504069880653768
1.41796448,2.504485582916045,2.504069880653768
1.41828184,2.503548981998673,2.504069880653768
1.4185992,2.503548981998673,2.504069880653768
1.41891656,2.501675780163931,2.504069880653768
1.41923392,2.50073917924656,2.504069880653768
1.41955128,2.498865977411818,2.505005658243942
1.41986864,2.497929376494447,2.505005658243942
1.420186,2.496056174659705,2.505941435834116
1.42050336,2.496056174659705,2.50687721342429
1.42082072,2.496056174659705,2.507812991014465
1.42113808,2.496056174659705,2.508748768604639
1.42145544,2.494182972824963,2.508748768604639
1.4217728,2.493246371907591,2.509684546194813
1.42209016,2.493246371907591,2.510620323784988
1.42240752,2.492309770990221,2.511556101375161
1.42272488,2.492309770990221,2.512491878965336
1.42304224,2.492309770990221,2.51342765655551
1.4233596,2.492309770990221,2.514363434145684
1.42367696,2.492309770990221,2.515299211735859
1.42399432,2.492309770990221,2.516234989326033
1.42431168,2.493246371907591,2.518106544506382
1.42462904,2.493246371907591,2.519042322096555
1.4249464,2.493246371907591,2.51997809968673
1.42526376,2.494182972824963,2.520913877276904
1.42558112,2.494182972824963,2.520913877276904
1.42589848,2.495119573742334,2.521849654867078
1.42621584,2.495119573742334,2.522785432457253
1.4265332,2.496056174659705,2.523721210047427
1.42685056,2.496992775577076,2.523721210047427
1.42716792,2.497929376494447,2.524656987637601
1.42748528,2.499802578329189,2.525592765227775
1.42780264,2.50073917924656,2.525592765227775
1.42812,2.50073917924656,2.525592765227775
1.42843736,2.501675780163931,2.52652854281795
1.42875472,2.502612381081303,2.52652854281795
1.42907208,2.502612381081303,2.52652854281795
1.42938944,2.505422183833416,2.52652854281795
1.4297068,2.506358784750787,2.52652854281795
1.43002416,2.506358784750787,2.52652854281795
1.43034152,2.508231986585529,2.52652854281795
1.43065888,2.5091685875029,2.525592765227775
1.43097624,2.5091685875029,2.525592765227775
1.4312936,2.510105188420271,2.524656987637601
1.43161096,2.511041789337642,2.524656987637601
1.43192832,2.512914991172384,2.523721210047427
1.43224568,2.512914991172384,2.522785432457253
1.43256304,2.512914991172384,2.522785432457253
1.4328804,2.514788193007127,2.521849654867078
1.43319776,2.514788193007127,2.521849654867078
1.43351512,2.515724793924498,2.520913877276904
1.43383248,2.515724793924498,2.520913877276904
1.43414984,2.515724793924498,2.519042322096555
1.4344672,2.515724793924498,2.518106544506382
1.43478456,2.516661394841869,2.517170766916207
1.43510192,2.516661394841869,2.516234989326033
1.43541928,2.516661394841869,2.516234989326033
1.43573664,2.515724793924498,2.516234989326033
1.436054,2.515724793924498,2.514363434145684
1.43637136,2.515724793924498,2.514363434145684
1.43668872,2.514788193007127,2.51342765655551
1.43700608,2.513851592089755,2.512491878965336
1.43732344,2.513851592089755,2.510620323784988
1.4376408,2.513851592089755,2.509684546194813
1.43795816,2.512914991172384,2.508748768604639
1.43827552,2.511978390255013,2.508748768604639
1.43859288,2.512914991172384,2.508748768604639
1.43891024,2.511041789337642,2.507812991014465
1.4392276,2.510105188420271,2.507812991014465
1.43954496,2.5091685875029,2.50687721342429
1.43986232,2.5091685875029,2.50687721342429
1.44017968,2.508231986585529,2.50687721342429
1.44049704,2.508231986585529,2.50687721342429
1.4408144,2.506358784750787,2.50687721342429
1.44113176,2.506358784750787,2.50687721342429
1.44144912,2.506358784750787,2.50687721342429
1.44176648,2.505422183833416,2.50687721342429
1.44208384,2.503548981998673,2.507812991014465
1.4424012,2.502612381081303,2.50687721342429
1.44271856,2.501675780163931,2.50687721342429
1.44303592,2.501675780163931,2.507812991014465
1.44335328,2.499802578329189,2.507812991014465
1.44367064,2.498865977411818,2.508748768604639
1.443988,2.498865977411818,2.508748768604639
1.44430536,2.497929376494447,2.508748768604639
1.44462272,2.497929376494447,2.509684546194813
1.44494008,2.497929376494447,2.510620323784988
1.44525744,2.496992775577076,2.509684546194813
1.4455748,2.496056174659705,2.511556101375161
1.44589216,2.496056174659705,2.512491878965336
1.44620952,2.496056174659705,2.512491878965336
1.44652688,2.495119573742334,2.512491878965336
1.44684424,2.495119573742334,2.51342765655551
1.4471616,2.495119573742334,2.514363434145684
1.44747896,2.495119573742334,2.515299211735859
1.44779632,2.495119573742334,2.516234989326033
1.44811368,2.495119573742334,2.516234989326033
1.44843104,2.495119573742334,2.517170766916207
1.4487484,2.495119573742334,2.519042322096555
1.44906576,2.495119573742334,2.51997809968673
1.44938312,2.495119573742334,2.520913877276904
1.44970048,2.496056174659705,2.520913877276904
1.45001784,2.495119573742334,2.521849654867078
1.4503352,2.496056174659705,2.522785432457253
1.45065256,2.496992775577076,2.523721210047427
1.45096992,2.497929376494447,2.522785432457253
1.45128728,2.498865977411818,2.523721210047427
1.45160464,2.499802578329189,2.524656987637601
1.451922,2.499802578329189,2.524656987637601
1.45223936,2.501675780163931,2.524656987637601
1.45255672,2.502612381081303,2.525592765227775
1.45287408,2.502612381081303,2.525592765227775
1.45319144,2.503548981998673,2.525592765227775
1.4535088,2.504485582916045,2.525592765227775
1.45382616,2.505422183833416,2.525592765227775
1.45414352,2.507295385668158,2.524656987637601
1.45446088,2.507295385668158,2.524656987637601
1.45477824,2.508231986585529,2.524656987637601
1.4550956,2.5091685875029,2.524656987637601
1.45541296,2.510105188420271,2.524656987637601
1.45573032,2.511041789337642,2.524656987637601
1.45604768,2.512914991172384,2.523721210047427
1.45636504,2.512914991172384,2.522785432457253
1.4566824,2.513851592089755,2.522785432457253
1.45699976,2.514788193007127,2.521849654867078
1.45731712,2.513851592089755,2.520913877276904
1.45763448,2.513851592089755,2.51997809968673
1.45795184,2.514788193007127,2.51997809968673
1.4582692,2.514788193007127,2.518106544506382
1.45858656,2.515724793924498,2.518106544506382
1.45890392,2.516661394841869,2.518106544506382
1.45922128,2.516661394841869,2.517170766916207
1.45953864,2.514788193007127,2.515299211735859
1.459856,2.515724793924498,2.514363434145684
1.46017336,2.515724793924498,2.514363434145684
1.46049072,2.514788193007127,2.51342765655551
1.46080808,2.514788193007127,2.512491878965336
1.46112544,2.514788193007127,2.512491878965336
1.4614428,2.513851592089755,2.510620323784988
1.46176016,2.513851592089755,2.510620323784988
1.46207752,2.512914991172384,2.509684546194813
1.46239488,2.512914991172384,2.508748768604639
1.46271224,2.511978390255013,2.508748768604639
1.4630296,2.511041789337642,2.507812991014465
1.46334696,2.511041789337642,2.507812991014465
1.46366432,2.510105188420271,2.507812991014465
1.46398168,2.5091685875029,2.50687721342429
1.46429904,2.508231986585529,2.50687721342429
1.4646164,2.508231986585529,2.50687721342429
1.46493376,2.506358784750787,2.505941435834116
1.46525112,2.505422183833416,2.505941435834116
1.46556848,2.505422183833416,2.50687721342429
1.46588584,2.503548981998673,2.50687721342429
1.4662032,2.503548981998673,2.50687721342429
1.46652056,2.502612381081303,2.507812991014465
1.46683792,2.502612381081303,2.507812991014465
1.46715528,2.501675780163931,2.507812991014465
1.46747264,2.50073917924656,2.508748768604639
1.46779,2.50073917924656,2.508748768604639
1.46810736,2.499802578329189,2.508748768604639
1.46842472,2.498865977411818,2.509684546194813
1.46874208,2.497929376494447,2.509684546194813
1.46905944,2.496992775577076,2.510620323784988
1.4693768,2.497929376494447,2.511556101375161
1.46969416,2.496992775577076,2.511556101375161
1.47001152,2.496056174659705,2.512491878965336
1.47032888,2.496056174659705,2.51342765655551
1.47064624,2.496056174659705,2.514363434145684
1.4709636,2.495119573742334,2.514363434145684
1.47128096,2.495119573742334,2.515299211735859
1.47159832,2.496056174659705,2.516234989326033
1.47191568,2.495119573742334,2.517170766916207
1.47223304,2.496056174659705,2.517170766916207
1.4725504,2.496056174659705,2.518106544506382
1.47286776,2.495119573742334,2.519042322096555
1.47318512,2.495119573742334,2.520913877276904
1.47350248,2.496056174659705,2.520913877276904
1.47381984,2.496056174659705,2.520913877276904
1.4741372,2.496992775577076,2.521849654867078
1.47445456,2.497929376494447,2.520913877276904
1.47477192,2.497929376494447,2.520913877276904
1.47508928,2.498865977411818,2.522785432457253
1.47540664,2.499802578329189,2.522785432457253
1.475724,2.499802578329189,2.523721210047427
1.47604136,2.50073917924656,2.522785432457253
1.47635872,2.501675780163931,2.524656987637601
1.47667608,2.501675780163931,2.524656987637601
1.47699344,2.502612381081303,2.523721210047427
1.4773108,2.502612381081303,2.523721210047427
1.47762816,2.504485582916045,2.524656987637601
1.47794552,2.505422183833416,2.524656987637601
1.47826288,2.506358784750787,2.524656987637601
1.47858024,2.5091685875029,2.524656987637601
1.4788976,2.5091685875029,2.524656987637601
1.47921496,2.510105188420271,2.523721210047427
1.47953232,2.510105188420271,2.522785432457253
1.47984968,2.510105188420271,2.522785432457253
1.48016704,2.511041789337642,2.521849654867078
1.4804844,2.511041789337642,2.521849654867078
1.48080176,2.511041789337642,2.521849654867078
1.48111912,2.511978390255013,2.520913877276904
1.48143648,2.512914991172384,2.51997809968673
1.48175384,2.513851592089755,2.51997809968673
1.4820712,2.513851592089755,2.519042322096555
1.48238856,2.512914991172384,2.518106544506382
1.48270592,2.513851592089755,2.517170766916207
1.48302328,2.513851592089755,2.516234989326033
1.48334064,2.513851592089755,2.516234989326033
1.483658,2.512914991172384,2.515299211735859
1.48397536,2.512914991172384,2.514363434145684
1.48429272,2.513851592089755,2.51342765655551
1.48461008,2.512914991172384,2.512491878965336
1.48492744,2.512914991172384,2.512491878965336
1.4852448,2.512914991172384,2.512491878965336
1.48556216,2.511978390255013,2.511556101375161
1.48587952,2.511978390255013,2.510620323784988
1.48619688,2.511041789337642,2.509684546194813
1.48651424,2.510105188420271,2.509684546194813
1.4868316,2.5091685875029,2.509684546194813
1.48714896,2.5091685875029,2.509684546194813
1.48746632,2.5091685875029,2.509684546194813
1.48778368,2.508231986585529,2.508748768604639
1.48810104,2.508231986585529,2.508748768604639
1.4884184,2.507295385668158,2.507812991014465
1.48873576,2.506358784750787,2.507812991014465
1.48905312,2.506358784750787,2.507812991014465
1.48937048,2.505422183833416,2.508748768604639
1.48968784,2.504485582916045,2.507812991014465
1.4900052,2.504485582916045,2.507812991014465
1.49032256,2.503548981998673,2.507812991014465
1.49063992,2.502612381081303,2.508748768604639
1.49095728,2.501675780163931,2.508748768604639
1.49127464,2.501675780163931,2.508748768604639
1.491592,2.50073917924656,2.508748768604639
1.49190936,2.499802578329189,2.508748768604639
1.49222672,2.499802578329189,2.510620323784988
1.49254408,2.499802578329189,2.510620323784988
1.49286144,2.499802578329189,2.511556101375161
1.4931788,2.499802578329189,2.512491878965336
1.49349616,2.499802578329189,2.512491878965336
1.49381352,2.499802578329189,2.512491878965336
1.49413088,2.498865977411818,2.51342765655551
1.49444824,2.497929376494447,2.514363434145684
1.4947656,2.498865977411818,2.515299211735859
1.49508296,2.498865977411818,2.515299211735859
1.49540032,2.497929376494447,2.516234989326033
1.49571768,2.497929376494447,2.516234989326033
1.49603504,2.497929376494447,2.517170766916207
1.4963524,2.497929376494447,2.518106544506382
1.49666976,2.497929376494447,2.517170766916207
1.49698712,2.497929376494447,2.517170766916207
1.49730448,2.497929376494447,2.518106544506382
1.49762184,2.498865977411818,2.51997809968673
1.4979392,2.498865977411818,2.51997809968673
1.49825656,2.499802578329189,2.520913877276904
1.49857392,2.499802578329189,2.520913877276904
1.49889128,2.50073917924656,2.521849654867078
1.49920864,2.50073917924656,2.521849654867078
1.499526,2.50073917924656,2.521849654867078
1.49984336,2.502612381081303,2.522785432457253
1.50016072,2.502612381081303,2.522785432457253
1.50047808,2.502612381081303,2.521849654867078
1.50079544,2.503548981998673,2.521849654867078
1.5011128,2.503548981998673,2.522785432457253
1.50143016,2.505422183833416,2.522785432457253
1.50174752,2.505422183833416,2.521849654867078
1.50206488,2.506358784750787,2.522785432457253
1.50238224,2.507295385668158,2.522785432457253
1.5026996,2.507295385668158,2.523721210047427
1.50301696,2.508231986585529,2.521849654867078
1.50333432,2.508231986585529,2.521849654867078
1.50365168,2.5091685875029,2.521849654867078
1.50396904,2.5091685875029,2.520913877276904
1.5042864,2.5091685875029,2.51997809968673
1.50460376,2.510105188420271,2.520913877276904
1.50492112,2.511041789337642,2.519042322096555
1.50523848,2.511041789337642,2.519042322096555
1.50555584,2.511978390255013,2.519042322096555
1.5058732,2.512914991172384,2.519042322096555
1.50619056,2.512914991172384,2.517170766916207
1.50650792,2.512914991172384,2.517170766916207
1.50682528,2.513851592089755,2.517170766916207
1.50714264,2.512914991172384,2.516234989326033
1.50746,2.512914991172384,2.515299211735859
1.50777736,2.513851592089755,2.514363434145684
1.50809472,2.513851592089755,2.514363434145684
1.50841208,2.512914991172384,2.51342765655551
1.50872944,2.511978390255013,2.512491878965336
1.5090468,2.511978390255013,2.51342765655551
1.50936416,2.511978390255013,2.51342765655551
1.50968152,2.511041789337642,2.511556101375161
1.50999888,2.510105188420271,2.511556101375161
1.51031624,2.510105188420271,2.511556101375161
1.5106336,2.5091685875029,2.510620323784988
1.51095096,2.508231986585529,2.509684546194813
1.51126832,2.508231986585529,2.509684546194813
1.51158568,2.506358784750787,2.509684546194813
1.51190304,2.507295385668158,2.509684546194813
1.5122204,2.506358784750787,2.510620323784988
1.51253776,2.506358784750787,2.510620323784988
1.51285512,2.505422183833416,2.510620323784988
1.51317248,2.506358784750787,2.511556101375161
1.51348984,2.504485582916045,2.510620323784988
1.5138072,2.504485582916045,2.511556101375161
1.51412456,2.503548981998673,2.511556101375161
1.51444192,2.504485582916045,2.512491878965336
1.51475928,2.503548981998673,2.512491878965336
1.51507664,2.502612381081303,2.512491878965336
1.515394,2.501675780163931,2.512491878965336
1.51571136,2.501675780163931,2.51342765655551
1.51602872,2.50073917924656,2.51342765655551
1.51634608,2.50073917924656,2.51342765655551
1.51666344,2.50073917924656,2.514363434145684
1.5169808,2.50073917924656,2.514363434145684
1.51729816,2.50073917924656,2.514363434145684
1.51761552,2.50073917924656,2.515299211735859
1.51793288,2.499802578329189,2.516234989326033
1.51825024,2.499802578329189,2.515299211735859
1.5185676,2.499802578329189,2.516234989326033
1.51888496,2.499802578329189,2.517170766916207
1.51920232,2.499802578329189,2.517170766916207
1.51951968,2.50073917924656,2.517170766916207
1.51983704,2.499802578329189,2.517170766916207
1.5201544,2.50073917924656,2.519042322096555
1.52047176,2.501675780163931,2.519042322096555
1.52078912,2.50073917924656,2.51997809968673
1.52110648,2.50073917924656,2.51997809968673
1.52142384,2.501675780163931,2.51997809968673
1.5217412,2.501675780163931,2.51997809968673
1.52205856,2.501675780163931,2.520913877276904
1.52237592,2.501675780163931,2.520913877276904
1.52269328,2.502612381081303,2.520913877276904
1.52301064,2.502612381081303,2.520913877276904
1.523328,2.503548981998673,2.521849654867078
1.52364536,2.504485582916045,2.521849654867078
1.52396272,2.505422183833416,2.521849654867078
1.52428008,2.505422183833416,2.521849654867078
1.52459744,2.506358784750787,2.521849654867078
1.5249148,2.507295385668158,2.521849654867078
1.52523216,2.507295385668158,2.521849654867078
1.52554952,2.507295385668158,2.521849654867078
1.52586688,2.508231986585529,2.520913877276904
1.52618424,2.508231986585529,2.51997809968673
1.5265016,2.5091685875029,2.520913877276904
1.52681896,2.510105188420271,2.520913877276904
1.52713632,2.510105188420271,2.520913877276904
1.52745368,2.511041789337642,2.520913877276904
1.52777104,2.511041789337642,2.520913877276904
1.5280884,2.511978390255013,2.51997809968673
1.52840576,2.511041789337642,2.519042322096555
1.52872312,2.511041789337642,2.519042322096555
1.52904048,2.511041789337642,2.519042322096555
1.52935784,2.511041789337642,2.518106544506382
1.5296752,2.511041789337642,2.517170766916207
1.52999256,2.511978390255013,2.516234989326033
1.53030992,2.511978390255013,2.515299211735859
1.53062728,2.511978390255013,2.514363434145684
1.53094464,2.511041789337642,2.514363434145684
1.531262,2.510105188420271,2.51342765655551
1.53157936,2.511041789337642,2.51342765655551
1.53189672,2.510105188420271,2.512491878965336
1.53221408,2.510105188420271,2.512491878965336
1.53253144,2.5091685875029,2.511556101375161
1.5328488,2.5091685875029,2.510620323784988
1.53316616,2.508231986585529,2.509684546194813
1.53348352,2.507295385668158,2.509684546194813
1.53380088,2.508231986585529,2.510620323784988
1.53411824,2.506358784750787,2.509684546194813
1.5344356,2.506358784750787,2.508748768604639
1.53475296,2.505422183833416,2.509684546194813
1.53507032,2.505422183833416,2.509684546194813
1.53538768,2.504485582916045,2.509684546194813
1.53570504,2.503548981998673,2.509684546194813
1.5360224,2.502612381081303,2.509684546194813
1.53633976,2.502612381081303,2.510620323784988
1.53665712,2.501675780163931,2.510620323784988
1.53697448,2.501675780163931,2.511556101375161
1.53729184,2.50073917924656,2.511556101375161
1.5376092,2.50073917924656,2.511556101375161
1.53792656,2.499802578329189,2.512491878965336
1.53824392,2.499802578329189,2.512491878965336
1.53856128,2.498865977411818,2.51342765655551
1.53887864,2.498865977411818,2.51342765655551
1.539196,2.498865977411818,2.515299211735859
1.53951336,2.498865977411818,2.515299211735859
1.53983072,2.497929376494447,2.515299211735859
1.54014808,2.498865977411818,2.516234989326033
1.54046544,2.498865977411818,2.516234989326033
1.5407828,2.498865977411818,2.517170766916207
1.54110016,2.499802578329189,2.518106544506382
1.54141752,2.498865977411818,2.519042322096555
1.54173488,2.498865977411818,2.519042322096555
1.54205224,2.498865977411818,2.51997809968673
1.5423696,2.498865977411818,2.519042322096555
1.54268696,2.499802578329189,2.51997809968673
1.54300432,2.50073917924656,2.520913877276904
1.54332168,2.50073917924656,2.520913877276904
1.54363904,2.501675780163931,2.521849654867078
1.5439564,2.502612381081303,2.521849654867078
1.54427376,2.502612381081303,2.521849654867078
1.54459112,2.503548981998673,2.521849654867078
1.54490848,2.503548981998673,2.520913877276904
1.54522584,2.505422183833416,2.521849654867078
1.5455432,2.505422183833416,2.521849654867078
1.54586056,2.506358784750787,2.521849654867078
1.54617792,2.507295385668158,2.521849654867078
1.54649528,2.507295385668158,2.520913877276904
1.54681264,2.507295385668158,2.520913877276904
1.54713,2.508231986585529,2.521849654867078
1.54744736,2.508231986585529,2.51997809968673
1.54776472,2.508231986585529,2.51997809968673
1.54808208,2.5091685875029,2.519042322096555
1.54839944,2.5091685875029,2.519042322096555
1.5487168,2.510105188420271,2.519042322096555
1.54903416,2.511041789337642,2.518106544506382
1.54935152,2.511041789337642,2.518106544506382
1.54966888,2.511041789337642,2.518106544506382
1.54998624,2.511041789337642,2.516234989326033
1.5503036,2.511041789337642,2.515299211735859
1.55062096,2.510105188420271,2.515299211735859
1.55093832,2.5091685875029,2.514363434145684
1.55125568,2.510105188420271,2.51342765655551
1.55157304,2.5091685875029,2.512491878965336
1.5518904,2.5091685875029,2.512491878965336
1.55220776,2.508231986585529,2.511556101375161
1.55252512,2.508231986585529,2.511556101375161
1.55284248,2.507295385668158,2.511556101375161
1.55315984,2.507295385668158,2.511556101375161
1.5534772,2.506358784750787,2.510620323784988
1.55379456,2.506358784750787,2.510620323784988
1.55411192,2.506358784750787,2.510620323784988
1.55442928,2.504485582916045,2.510620323784988
1.55474664,2.505422183833416,2.509684546194813
1.555064,2.504485582916045,2.509684546194813
1.55538136,2.503548981998673,2.510620323784988
1.55569872,2.503548981998673,2.510620323784988
1.55601608,2.502612381081303,2.510620323784988
1.55633344,2.502612381081303,2.511556101375161
1.5566508,2.501675780163931,2.510620323784988
1.55696816,2.501675780163931,2.511556101375161
1.55728552,2.50073917924656,2.511556101375161
1.55760288,2.50073917924656,2.512491878965336
1.55792024,2.50073917924656,2.512491878965336
1.5582376,2.498865977411818,2.512491878965336
1.55855496,2.499802578329189,2.51342765655551
1.55887232,2.499802578329189,2.51342765655551
1.55918968,2.499802578329189,2.514363434145684
1.55950704,2.499802578329189,2.515299211735859
1.5598244,2.499802578329189,2.516234989326033
1.56014176,2.498865977411818,2.516234989326033
1.56045912,2.498865977411818,2.516234989326033
1.56077648,2.498865977411818,2.516234989326033
1.56109384,2.499802578329189,2.518106544506382
1.5614112,2.50073917924656,2.518106544506382
1.56172856,2.50073917924656,2.518106544506382
1.56204592,2.501675780163931,2.519042322096555
1.56236328,2.501675780163931,2.519042322096555
1.56268064,2.50073917924656,2.519042322096555
1.562998,2.501675780163931,2.51997809968673
1.56331536,2.501675780163931,2.51997809968673
1.56363272,2.501675780163931,2.51997809968673
1.56395008,2.503548981998673,2.520913877276904
1.56426744,2.502612381081303,2.51997809968673
1.5645848,2.504485582916045,2.51997809968673
1.56490216,2.505422183833416,2.520913877276904
1.56521952,2.505422183833416,2.520913877276904
1.56553688,2.505422183833416,2.520913877276904
1.56585424,2.506358784750787,2.520913877276904
1.5661716,2.507295385668158,2.520913877276904
1.56648896,2.506358784750787,2.520913877276904
1.56680632,2.506358784750787,2.51997809968673
1.56712368,2.508231986585529,2.520913877276904
1.56744104,2.508231986585529,2.51997809968673
1.5677584,2.508231986585529,2.51997809968673
1.56807576,2.5091685875029,2.519042322096555
1.56839312,2.5091685875029,2.519042322096555
1.56871048,2.5091685875029,2.518106544506382
1.56902784,2.510105188420271,2.518106544506382
1.5693452,2.510105188420271,2.518106544506382
1.56966256,2.510105188420271,2.517170766916207
1.56997992,2.510105188420271,2.517170766916207
1.57029728,2.510105188420271,2.516234989326033
1.57061464,2.510105188420271,2.517170766916207
1.570932,2.5091685875029,2.515299211735859
1.57124936,2.510105188420271,2.515299211735859
1.57156672,2.510105188420271,2.515299211735859
1.57188408,2.510105188420271,2.514363434145684
1.57220144,2.5091685875029,2.514363434145684
1.5725188,2.5091685875029,2.51342765655551
1.57283616,2.5091685875029,2.51342765655551
1.57315352,2.5091685875029,2.51342765655551
1.57347088,2.508231986585529,2.51342765655551
1.57378824,2.508231986585529,2.51342765655551
1.5741056,2.507295385668158,2.512491878965336
1.57442296,2.508231986585529,2.51342765655551
1.57474032,2.507295385668158,2.51342765655551
1.57505768,2.506358784750787,2.51342765655551
1.57537504,2.506358784750787,2.512491878965336
1.5756924,2.506358784750787,2.51342765655551
1.57600976,2.505422183833416,2.51342765655551
1.57632712,2.504485582916045,2.51342765655551
1.57664448,2.505422183833416,2.514363434145684
1.57696184,2.504485582916045,2.514363434145684
1.5772792,2.503548981998673,2.514363434145684
1.57759656,2.502612381081303,2.514363434145684
1.57791392,2.503548981998673,2.514363434145684
1.57823128,2.502612381081303,2.514363434145684
1.57854864,2.502612381081303,2.514363434145684
1.578866,2.501675780163931,2.515299211735859
1.57918336,2.502612381081303,2.515299211735859
1.57950072,2.502612381081303,2.516234989326033
1.57981808,2.501675780163931,2.516234989326033
1.58013544,2.501675780163931,2.517170766916207
1.5804528,2.502612381081303,2.517170766916207
1.58077016,2.502612381081303,2.517170766916207
1.58108752,2.502612381081303,2.518106544506382
1.58140488,2.502612381081303,2.518106544506382
1.58172224,2.502612381081303,2.519042322096555
1.5820396,2.502612381081303,2.519042322096555
1.58235696,2.502612381081303,2.51997809968673
1.58267432,2.503548981998673,2.51997809968673
1.58299168,2.503548981998673,2.51997809968673
1.58330904,2.503548981998673,2.51997809968673
1.5836264,2.503548981998673,2.51997809968673
1.58394376,2.504485582916045,2.51997809968673
1.58426112,2.504485582916045,2.520913877276904
1.58457848,2.505422183833416,2.520913877276904
1.58489584,2.505422183833416,2.520913877276904
1.5852132,2.507295385668158,2.520913877276904
1.58553056,2.506358784750787,2.520913877276904
1.58584792,2.507295385668158,2.520913877276904
1.58616528,2.508231986585529,2.51997809968673
1.58648264,2.507295385668158,2.51997809968673
1.5868,2.508231986585529,2.51997809968673
1.58711736,2.508231986585529,2.51997809968673
1.58743472,2.5091685875029,2.51997809968673
1.58775208,2.508231986585529,2.519042322096555
1.58806944,2.508231986585529,2.518106544506382
1.5883868,2.5091685875029,2.518106544506382
1.58870416,2.5091685875029,2.517170766916207
1.58902152,2.5091685875029,2.517170766916207
1.58933888,2.5091685875029,2.517170766916207
1.58965624,2.510105188420271,2.516234989326033
1.5899736,2.510105188420271,2.516234989326033
1.59029096,2.510105188420271,2.516234989326033
1.59060832,2.510105188420271,2.516234989326033
1.59092568,2.510105188420271,2.515299211735859
1.59124304,2.5091685875029,2.515299211735859
1.5915604,2.5091685875029,2.514363434145684
1.59187776,2.508231986585529,2.51342765655551
1.59219512,2.508231986585529,2.51342765655551
1.59251248,2.507295385668158,2.512491878965336
1.59282984,2.508231986585529,2.51342765655551
1.5931472,2.508231986585529,2.51342765655551
1.59346456,2.507295385668158,2.51342765655551
1.59378192,2.506358784750787,2.51342765655551
1.59409928,2.506358784750787,2.512491878965336
1.59441664,2.506358784750787,2.512491878965336
1.594734,2.506358784750787,2.512491878965336
1.59505136,2.506358784750787,2.512491878965336
1.59536872,2.505422183833416,2.512491878965336
1.59568608,2.504485582916045,2.512491878965336
1.59600344,2.504485582916045,2.511556101375161
1.5963208,2.503548981998673,2.512491878965336
1.59663816,2.503548981998673,2.51342765655551
1.59695552,2.503548981998673,2.51342765655551
1.59727288,2.502612381081303,2.51342765655551
1.59759024,2.503548981998673,2.514363434145684
1.5979076,2.503548981998673,2.515299211735859
1.59822496,2.502612381081303,2.514363434145684
1.59854232,2.503548981998673,2.514363434145684
1.59885968,2.502612381081303,2.514363434145684
1.59917704,2.502612381081303,2.515299211735859
1.5994944,2.502612381081303,2.515299211735859
1.59981176,2.502612381081303,2.516234989326033
1.60012912,2.502612381081303,2.515299211735859
1.60044648,2.502612381081303,2.515299211735859
1.60076384,2.503548981998673,2.516234989326033
1.6010812,2.502612381081303,2.516234989326033
1.60139856,2.503548981998673,2.516234989326033
1.60171592,2.502612381081303,2.516234989326033
1.60203328,2.503548981998673,2.517170766916207
1.60235064,2.503548981998673,2.517170766916207
1.602668,2.504485582916045,2.518106544506382
1.60298536,2.504485582916045,2.519042322096555
1.60330272,2.503548981998673,2.518106544506382
1.60362008,2.504485582916045,2.518106544506382
1.60393744,2.504485582916045,2.519042322096555
1.6042548,2.505422183833416,2.519042322096555
1.60457216,2.504485582916045,2.519042322096555
1.60488952,2.504485582916045,2.518106544506382
1.60520688,2.505422183833416,2.518106544506382
1.60552424,2.506358784750787,2.517170766916207
1.6058416,2.506358784750787,2.518106544506382
1.60615896,2.506358784750787,2.518106544506382
1.60647632,2.506358784750787,2.517170766916207
1.60679368,2.507295385668158,2.517170766916207
1.60711104,2.506358784750787,2.517170766916207
1.6074284,2.507295385668158,2.517170766916207
1.60774576,2.507295385668158,2.517170766916207
1.60806312,2.507295385668158,2.517170766916207
1.60838048,2.507295385668158,2.517170766916207
1.60869784,2.507295385668158,2.517170766916207
1.6090152,2.507295385668158,2.517170766916207
1.60933256,2.507295385668158,2.516234989326033
1.60964992,2.508231986585529,2.516234989326033
1.60996728,2.507295385668158,2.515299211735859
1.61028464,2.508231986585529,2.515299211735859
1.610602,2.508231986585529,2.515299211735859
1.61091936,2.507295385668158,2.515299211735859
1.61123672,2.507295385668158,2.515299211735859
1.61155408,2.507295385668158,2.514363434145684
1.61187144,2.506358784750787,2.514363434145684
1.6121888,2.506358784750787,2.514363434145684
1.61250616,2.506358784750787,2.51342765655551
1.61282352,2.506358784750787,2.51342765655551
1.61314088,2.506358784750787,2.51342765655551
1.61345824,2.506358784750787,2.51342765655551
1.6137756,2.506358784750787,2.512491878965336
1.61409296,2.506358784750787,2.51342765655551
1.61441032,2.506358784750787,2.51342765655551
1.61472768,2.505422183833416,2.51342765655551
1.61504504,2.505422183833416,2.51342765655551
1.6153624,2.505422183833416,2.514363434145684
1.61567976,2.504485582916045,2.514363434145684
1.61599712,2.504485582916045,2.514363434145684
1.61631448,2.504485582916045,2.51342765655551
1.61663184,2.503548981998673,2.514363434145684
1.6169492,2.503548981998673,2.514363434145684
1.61726656,2.503548981998673,2.514363434145684
1.61758392,2.503548981998673,2.514363434145684
1.61790128,2.502612381081303,2.515299211735859
1.61821864,2.502612381081303,2.515299211735859
1.618536,2.502612381081303,2.515299211735859
1.61885336,2.501675780163931,2.515299211735859
1.61917072,2.502612381081303,2.516234989326033
1.61948808,2.502612381081303,2.516234989326033
1.61980544,2.503548981998673,2.517170766916207
1.6201228,2.503548981998673,2.517170766916207
1.62044016,2.503548981998673,2.518106544506382
1.62075752,2.502612381081303,2.518106544506382
1.62107488,2.502612381081303,2.518106544506382
1.62139224,2.503548981998673,2.519042322096555
1.6217096,2.503548981998673,2.519042322096555
1.62202696,2.503548981998673,2.519042322096555
1.62234432,2.502612381081303,2.519042322096555
1.62266168,2.503548981998673,2.519042322096555
1.62297904,2.503548981998673,2.519042322096555
1.6232964,2.504485582916045,2.519042322096555
1.62361376,2.504485582916045,2.519042322096555
1.62393112,2.503548981998673,2.519042322096555
1.62424848,2.504485582916045,2.51997809968673
1.62456584,2.505422183833416,2.519042322096555
1.6248832,2.505422183833416,2.51997809968673
1.62520056,2.505422183833416,2.519042322096555
1.62551792,2.505422183833416,2.519042322096555
1.62583528,2.505422183833416,2.519042322096555
1.62615264,2.505422183833416,2.519042322096555
1.62647,2.506358784750787,2.518106544506382
1.62678736,2.506358784750787,2.519042322096555
1.62710472,2.507295385668158,2.518106544506382
1.62742208,2.507295385668158,2.518106544506382
1.62773944,2.507295385668158,2.517170766916207
1.6280568,2.508231986585529,2.518106544506382
1.62837416,2.508231986585529,2.517170766916207
1.62869152,2.508231986585529,2.517170766916207
1.62900888,2.508231986585529,2.517170766916207
1.62932624,2.508231986585529,2.516234989326033
1.6296436,2.508231986585529,2.516234989326033
1.62996096,2.508231986585529,2.515299211735859
1.63027832,2.508231986585529,2.515299211735859
1.63059568,2.508231986585529,2.515299211735859
1.63091304,2.508231986585529,2.515299211735859
1.6312304,2.508231986585529,2.516234989326033
1.63154776,2.508231986585529,2.515299211735859
1.63186512,2.507295385668158,2.515299211735859
1.63218248,2.507295385668158,2.516234989326033
1.63249984,2.507295385668158,2.515299211735859
1.6328172,2.506358784750787,2.515299211735859
1.63313456,2.506358784750787,2.515299211735859
1.63345192,2.506358784750787,2.514363434145684
1.63376928,2.506358784750787,2.514363434145684
1.63408664,2.505422183833416,2.515299211735859
1.634404,2.505422183833416,2.515299211735859
1.63472136,2.505422183833416,2.514363434145684
1.63503872,2.505422183833416,2.514363434145684
1.63535608,2.505422183833416,2.515299211735859
1.63567344,2.505422183833416,2.515299211735859
1.6359908,2.505422183833416,2.515299211735859
1.63630816,2.505422183833416,2.515299211735859
1.63662552,2.505422183833416,2.516234989326033
1.63694288,2.505422183833416,2.516234989326033
1.63726024,2.506358784750787,2.516234989326033
1.6375776,2.504485582916045,2.516234989326033
1.63789496,2.504485582916045,2.516234989326033
1.63821232,2.504485582916045,2.516234989326033
1.63852968,2.505422183833416,2.516234989326033
1.63884704,2.505422183833416,2.516234989326033
1.6391644,2.505422183833416,2.516234989326033
1.63948176,2.505422183833416,2.516234989326033
1.63979912,2.504485582916045,2.516234989326033
1.64011648,2.505422183833416,2.517170766916207
1.64043384,2.505422183833416,2.516234989326033
1.6407512,2.504485582916045,2.517170766916207
1.64106856,2.505422183833416,2.517170766916207
1.64138592,2.505422183833416,2.516234989326033
1.64170328,2.505422183833416,2.517170766916207
1.64202064,2.504485582916045,2.516234989326033
1.642338,2.503548981998673,2.516234989326033
1.64265536,2.504485582916045,2.517170766916207
1.64297272,2.504485582916045,2.517170766916207
1.64329008,2.505422183833416,2.516234989326033
1.64360744,2.506358784750787,2.517170766916207
1.6439248,2.505422183833416,2.516234989326033
1.64424216,2.506358784750787,2.517170766916207
1.64455952,2.505422183833416,2.517170766916207
1.64487688,2.506358784750787,2.517170766916207
1.64519424,2.506358784750787,2.517170766916207
1.6455116,2.506358784750787,2.516234989326033
1.64582896,2.506358784750787,2.516234989326033
1.64614632,2.505422183833416,2.517170766916207
1.64646368,2.505422183833416,2.517170766916207
1.64678104,2.506358784750787,2.517170766916207
1.6470984,2.506358784750787,2.516234989326033
1.64741576,2.505422183833416,2.517170766916207
1.64773312,2.505422183833416,2.516234989326033
1.64805048,2.505422183833416,2.516234989326033
1.64836784,2.505422183833416,2.516234989326033
1.6486852,2.504485582916045,2.516234989326033
1.64900256,2.505422183833416,2.516234989326033
1.64931992,2.505422183833416,2.516234989326033
1.64963728,2.505422183833416,2.517170766916207
1.64995464,2.506358784750787,2.517170766916207
1.650272,2.505422183833416,2.516234989326033
1.65058936,2.505422183833416,2.515299211735859
1.65090672,2.506358784750787,2.516234989326033
1.65122408,2.506358784750787,2.516234989326033
1.65154144,2.505422183833416,2.517170766916207
1.6518588,2.504485582916045,2.516234989326033
1.65217616,2.504485582916045,2.516234989326033
1.65249352,2.504485582916045,2.516234989326033
1.65281088,2.505422183833416,2.516234989326033
1.65312824,2.505422183833416,2.516234989326033
1.6534456,2.505422183833416,2.516234989326033
1.65376296,2.504485582916045,2.516234989326033
1.65408032,2.505422183833416,2.517170766916207
1.65439768,2.505422183833416,2.517170766916207
1.65471504,2.505422183833416,2.517170766916207
1.6550324,2.506358784750787,2.517170766916207
1.65534976,2.505422183833416,2.517170766916207
1.65566712,2.506358784750787,2.517170766916207
1.65598448,2.507295385668158,2.517170766916207
1.65630184,2.506358784750787,2.516234989326033
1.6566192,2.506358784750787,2.517170766916207
1.65693656,2.506358784750787,2.516234989326033
1.65725392,2.507295385668158,2.516234989326033
1.65757128,2.507295385668158,2.516234989326033
1.65788864,2.508231986585529,2.517170766916207
1.658206,2.507295385668158,2.517170766916207
1.65852336,2.507295385668158,2.516234989326033
1.65884072,2.507295385668158,2.516234989326033
1.65915808,2.507295385668158,2.515299211735859
1.65947544,2.507295385668158,2.515299211735859
1.6597928,2.507295385668158,2.515299211735859
1.66011016,2.507295385668158,2.514363434145684
1.66042752,2.507295385668158,2.514363434145684
1.66074488,2.507295385668158,2.514363434145684
1.66106224,2.506358784750787,2.514363434145684
1.6613796,2.507295385668158,2.514363434145684
1.66169696,2.506358784750787,2.514363434145684
1.66201432,2.506358784750787,2.51342765655551
1.66233168,2.505422183833416,2.512491878965336
1.66264904,2.505422183833416,2.512491878965336
1.6629664,2.505422183833416,2.512491878965336
1.66328376,2.504485582916045,2.512491878965336
1.66360112,2.505422183833416,2.51342765655551
1.66391848,2.505422183833416,2.512491878965336
1.66423584,2.504485582916045,2.51342765655551
1.6645532,2.503548981998673,2.51342765655551
1.66487056,2.503548981998673,2.512491878965336
1.66518792,2.503548981998673,2.51342765655551
1.66550528,2.502612381081303,2.51342765655551
1.66582264,2.501675780163931,2.51342765655551
1.66614,2.502612381081303,2.51342765655551
1.66645736,2.502612381081303,2.514363434145684
1.66677472,2.502612381081303,2.515299211735859
1.66709208,2.502612381081303,2.515299211735859
1.66740944,2.501675780163931,2.515299211735859
1.6677268,2.501675780163931,2.515299211735859
1.66804416,2.501675780163931,2.515299211735859
1.66836152,2.501675780163931,2.515299211735859
1.66867888,2.502612381081303,2.516234989326033
1.66899624,2.502612381081303,2.516234989326033
1.6693136,2.501675780163931,2.516234989326033
1.66963096,2.501675780163931,2.517170766916207
1.66994832,2.501675780163931,2.517170766916207
1.67026568,2.50073917924656,2.516234989326033
1.67058304,2.50073917924656,2.517170766916207
1.6709004,2.501675780163931,2.517170766916207
1.67121776,2.501675780163931,2.518106544506382
1.67153512,2.502612381081303,2.518106544506382
1.67185248,2.502612381081303,2.519042322096555
1.67216984,2.503548981998673,2.519042322096555
1.6724872,2.503548981998673,2.51997809968673
1.67280456,2.504485582916045,2.51997809968673
1.67312192,2.503548981998673,2.51997809968673
1.67343928,2.504485582916045,2.51997809968673
1.67375664,2.504485582916045,2.51997809968673
1.674074,2.505422183833416,2.51997809968673
1.67439136,2.504485582916045,2.519042322096555
1.67470872,2.505422183833416,2.51997809968673
1.67502608,2.505422183833416,2.51997809968673
1.67534344,2.506358784750787,2.51997809968673
1.6756608,2.507295385668158,2.520913877276904
1.67597816,2.507295385668158,2.520913877276904
1.67629552,2.508231986585529,2.520913877276904
1.67661288,2.508231986585529,2.51997809968673
1.67693024,2.5091685875029,2.51997809968673
1.6772476,2.5091685875029,2.519042322096555
1.67756496,2.5091685875029,2.519042322096555
1.67788232,2.5091685875029,2.519042322096555
1.67819968,2.510105188420271,2.518106544506382
1.67851704,2.510105188420271,2.518106544506382
1.6788344,2.510105188420271,2.517170766916207
1.67915176,2.511041789337642,2.516234989326033
1.67946912,2.511041789337642,2.516234989326033
1.67978648,2.511041789337642,2.516234989326033
1.68010384,2.511041789337642,2.516234989326033
1.6804212,2.510105188420271,2.514363434145684
1.68073856,2.511041789337642,2.514363434145684
1.68105592,2.511041789337642,2.514363434145684
1.68137328,2.510105188420271,2.51342765655551
1.68169064,2.510105188420271,2.51342765655551
1.682008,2.5091685875029,2.512491878965336
1.68232536,2.5091685875029,2.512491878965336
1.68264272,2.5091685875029,2.511556101375161
1.68296008,2.508231986585529,2.511556101375161
1.68327744,2.507295385668158,2.511556101375161
1.6835948,2.507295385668158,2.511556101375161
1.68391216,2.507295385668158,2.510620323784988
1.68422952,2.506358784750787,2.510620323784988
1.68454688,2.504485582916045,2.510620323784988
1.68486424,2.505422183833416,2.510620323784988
1.6851816,2.504485582916045,2.509684546194813
1.68549896,2.503548981998673,2.509684546194813
1.68581632,2.502612381081303,2.510620323784988
1.68613368,2.502612381081303,2.510620323784988
1.68645104,2.501675780163931,2.511556101375161
1.6867684,2.501675780163931,2.511556101375161
1.68708576,2.501675780163931,2.512491878965336
1.68740312,2.50073917924656,2.512491878965336
1.68772048,2.499802578329189,2.51342765655551
1.68803784,2.498865977411818,2.51342765655551
1.6883552,2.498865977411818,2.51342765655551
1.68867256,2.498865977411818,2.514363434145684
1.68898992,2.498865977411818,2.515299211735859
1.68930728,2.498865977411818,2.516234989326033
1.68962464,2.498865977411818,2.517170766916207
1.689942,2.498865977411818,2.518106544506382
1.69025936,2.498865977411818,2.518106544506382
1.69057672,2.498865977411818,2.518106544506382
1.69089408,2.499802578329189,2.519042322096555
1.69121144,2.499802578329189,2.51997809968673
1.6915288,2.499802578329189,2.51997809968673
1.69184616,2.501675780163931,2.520913877276904
1.69216352,2.501675780163931,2.520913877276904
1.69248088,2.501675780163931,2.521849654867078
1.69279824,2.502612381081303,2.521849654867078
1.6931156,2.503548981998673,2.521849654867078
1.69343296,2.503548981998673,2.521849654867078
1.69375032,2.505422183833416,2.522785432457253
1.69406768,2.505422183833416,2.522785432457253
1.69438504,2.507295385668158,2.522785432457253
1.6947024,2.507295385668158,2.522785432457253
1.69501976,2.508231986585529,2.521849654867078
1.69533712,2.508231986585529,2.521849654867078
1.69565448,2.5091685875029,2.521849654867078
1.69597184,2.510105188420271,2.520913877276904
1.6962892,2.511041789337642,2.520913877276904
1.69660656,2.511041789337642,2.51997809968673
1.69692392,2.511978390255013,2.51997809968673
1.69724128,2.511041789337642,2.519042322096555
1.69755864,2.511978390255013,2.519042322096555
1.697876,2.511978390255013,2.517170766916207
1.69819336,2.511978390255013,2.517170766916207
1.69851072,2.511041789337642,2.516234989326033
1.69882808,2.511041789337642,2.515299211735859
1.69914544,2.511041789337642,2.514363434145684
1.6994628,2.511041789337642,2.51342765655551
1.69978016,2.510105188420271,2.51342765655551
1.70009752,2.511041789337642,2.51342765655551
1.70041488,2.511041789337642,2.512491878965336
1.70073224,2.511041789337642,2.511556101375161
1.7010496,2.510105188420271,2.511556101375161
1.70136696,2.510105188420271,2.510620323784988
1.70168432,2.5091685875029,2.510620323784988
1.70200168,2.5091685875029,2.509684546194813
1.70231904,2.5091685875029,2.509684546194813
1.7026364,2.508231986585529,2.509684546194813
1.70295376,2.506358784750787,2.508748768604639
1.70327112,2.506358784750787,2.509684546194813
1.70358848,2.505422183833416,2.508748768604639
1.70390584,2.505422183833416,2.508748768604639
1.7042232,2.503548981998673,2.508748768604639
1.70454056,2.503548981998673,2.508748768604639
1.70485792,2.502612381081303,2.509684546194813
1.70517528,2.501675780163931,2.509684546194813
1.70549264,2.50073917924656,2.510620323784988
1.70581,2.50073917924656,2.511556101375161
1.70612736,2.50073917924656,2.511556101375161
1.70644472,2.499802578329189,2.512491878965336
1.70676208,2.498865977411818,2.511556101375161
1.70707944,2.499802578329189,2.512491878965336
1.7073968,2.498865977411818,2.51342765655551
1.70771416,2.498865977411818,2.51342765655551
1.70803152,2.498865977411818,2.51342765655551
1.70834888,2.497929376494447,2.515299211735859
1.70866624,2.497929376494447,2.515299211735859
1.7089836,2.497929376494447,2.517170766916207
1.70930096,2.498865977411818,2.517170766916207
1.70961832,2.497929376494447,2.517170766916207
1.70993568,2.498865977411818,2.519042322096555
1.71025304,2.498865977411818,2.51997809968673
1.7105704,2.499802578329189,2.51997809968673
1.71088776,2.498865977411818,2.520913877276904
1.71120512,2.50073917924656,2.521849654867078
1.71152248,2.499802578329189,2.521849654867078
1.71183984,2.50073917924656,2.521849654867078
1.7121572,2.501675780163931,2.521849654867078
1.71247456,2.501675780163931,2.522785432457253
1.71279192,2.503548981998673,2.522785432457253
1.71310928,2.503548981998673,2.523721210047427
1.71342664,2.504485582916045,2.523721210047427
1.713744,2.506358784750787,2.524656987637601
1.71406136,2.506358784750787,2.523721210047427
1.71437872,2.507295385668158,2.523721210047427
1.71469608,2.508231986585529,2.523721210047427
1.71501344,2.5091685875029,2.522785432457253
1.7153308,2.5091685875029,2.522785432457253
1.71564816,2.510105188420271,2.521849654867078
1.71596552,2.511041789337642,2.521849654867078
1.71628288,2.511041789337642,2.521849654867078
1.71660024,2.511041789337642,2.521849654867078
1.7169176,2.511978390255013,2.519042322096555
1.71723496,2.512914991172384,2.519042322096555
1.71755232,2.512914991172384,2.518106544506382
1.71786968,2.511978390255013,2.518106544506382
1.71818704,2.511978390255013,2.516234989326033
1.7185044,2.511978390255013,2.515299211735859
1.71882176,2.511978390255013,2.514363434145684
1.71913912,2.511978390255013,2.514363434145684
1.71945648,2.512914991172384,2.514363434145684
1.71977384,2.511978390255013,2.512491878965336
1.7200912,2.511978390255013,2.511556101375161
1.72040856,2.511041789337642,2.510620323784988
1.72072592,2.511041789337642,2.509684546194813
1.72104328,2.510105188420271,2.509684546194813
1.72136064,2.510105188420271,2.509684546194813
1.721678,2.5091685875029,2.508748768604639
1.72199536,2.5091685875029,2.508748768604639
1.72231272,2.508231986585529,2.507812991014465
1.72263008,2.506358784750787,2.508748768604639
1.72294744,2.505422183833416,2.507812991014465
1.7232648,2.504485582916045,2.507812991014465
1.72358216,2.503548981998673,2.508748768604639
1.72389952,2.503548981998673,2.508748768604639
1.72421688,2.502612381081303,2.508748768604639
1.72453424,2.502612381081303,2.509684546194813
1.7248516,2.50073917924656,2.509684546194813
1.72516896,2.50073917924656,2.510620323784988
1.72548632,2.499802578329189,2.511556101375161
1.72580368,2.498865977411818,2.512491878965336
1.72612104,2.498865977411818,2.512491878965336
1.7264384,2.497929376494447,2.512491878965336
1.72675576,2.497929376494447,2.514363434145684
1.72707312,2.496992775577076,2.514363434145684
1.72739048,2.497929376494447,2.515299211735859
1.72770784,2.496992775577076,2.515299211735859
1.7280252,2.497929376494447,2.516234989326033
1.72834256,2.497929376494447,2.517170766916207
1.72865992,2.497929376494447,2.519042322096555
1.72897728,2.498865977411818,2.51997809968673
1.72929464,2.497929376494447,2.520913877276904
1.729612,2.499802578329189,2.520913877276904
1.72992936,2.499802578329189,2.521849654867078
1.73024672,2.50073917924656,2.521849654867078
1.73056408,2.501675780163931,2.522785432457253
1.73088144,2.502612381081303,2.522785432457253
1.7311988,2.502612381081303,2.523721210047427
1.73151616,2.502612381081303,2.523721210047427
1.73183352,2.503548981998673,2.523721210047427
1.73215088,2.505422183833416,2.524656987637601
1.73246824,2.505422183833416,2.523721210047427
1.7327856,2.507295385668158,2.523721210047427
1.73310296,2.508231986585529,2.524656987637601
1.73342032,2.508231986585529,2.522785432457253
1.73373768,2.5091685875029,2.522785432457253
1.73405504,2.510105188420271,2.522785432457253
1.7343724,2.5091685875029,2.521849654867078
1.73468976,2.511041789337642,2.521849654867078
1.73500712,2.511041789337642,2.521849654867078
1.73532448,2.511978390255013,2.520913877276904
1.73564184,2.512914991172384,2.51997809968673
1.7359592,2.513851592089755,2.51997809968673
1.73627656,2.512914991172384,2.519042322096555
1.73659392,2.513851592089755,2.519042322096555
1.73691128,2.513851592089755,2.518106544506382
1.73722864,2.513851592089755,2.517170766916207
1.737546,2.513851592089755,2.516234989326033
1.73786336,2.513851592089755,2.515299211735859
1.73818072,2.514788193007127,2.515299211735859
1.73849808,2.513851592089755,2.514363434145684
1.73881544,2.513851592089755,2.514363434145684
1.7391328,2.513851592089755,2.514363434145684
1.73945016,2.512914991172384,2.512491878965336
1.73976752,2.512914991172384,2.512491878965336
1.74008488,2.511978390255013,2.512491878965336
1.74040224,2.512914991172384,2.511556101375161
1.7407196,2.511041789337642,2.510620323784988
1.74103696,2.511041789337642,2.510620323784988
1.74135432,2.511041789337642,2.509684546194813
1.74167168,2.511041789337642,2.510620323784988
1.74198904,2.510105188420271,2.509684546194813
1.7423064,2.5091685875029,2.510620323784988
1.74262376,2.508231986585529,2.508748768604639
1.74294112,2.508231986585529,2.508748768604639
1.74325848,2.507295385668158,2.509684546194813
1.74357584,2.506358784750787,2.509684546194813
1.7438932,2.505422183833416,2.508748768604639
1.74421056,2.503548981998673,2.508748768604639
1.74452792,2.502612381081303,2.509684546194813
1.74484528,2.501675780163931,2.509684546194813
1.74516264,2.502612381081303,2.510620323784988
1.74548,2.501675780163931,2.510620323784988
1.74579736,2.50073917924656,2.510620323784988
1.74611472,2.50073917924656,2.510620323784988
1.74643208,2.499802578329189,2.510620323784988
1.74674944,2.498865977411818,2.510620323784988
1.7470668,2.497929376494447,2.512491878965336
1.74738416,2.497929376494447,2.512491878965336
1.74770152,2.497929376494447,2.51342765655551
1.74801888,2.497929376494447,2.514363434145684
1.74833624,2.496992775577076,2.515299211735859
1.7486536,2.496992775577076,2.515299211735859
1.74897096,2.497929376494447,2.517170766916207
1.74928832,2.497929376494447,2.517170766916207
1.74960568,2.496992775577076,2.518106544506382
1.74992304,2.497929376494447,2.519042322096555
1.7502404,2.498865977411818,2.51997809968673
1.75055776,2.498865977411818,2.520913877276904
1.75087512,2.498865977411818,2.520913877276904
1.75119248,2.498865977411818,2.521849654867078
1.75150984,2.499802578329189,2.521849654867078
1.7518272,2.50073917924656,2.522785432457253
1.75214456,2.501675780163931,2.523721210047427
1.75246192,2.501675780163931,2.523721210047427
1.75277928,2.502612381081303,2.524656987637601
1.75309664,2.504485582916045,2.523721210047427
1.753414,2.505422183833416,2.524656987637601
1.75373136,2.505422183833416,2.523721210047427
1.75404872,2.506358784750787,2.523721210047427
1.75436608,2.508231986585529,2.524656987637601
1.75468344,2.5091685875029,2.523721210047427
1.7550008,2.510105188420271,2.523721210047427
1.75531816,2.510105188420271,2.522785432457253
1.75563552,2.510105188420271,2.522785432457253
1.75595288,2.511041789337642,2.521849654867078
1.75627024,2.511978390255013,2.520913877276904
1.7565876,2.512914991172384,2.51997809968673
1.75690496,2.512914991172384,2.518106544506382
1.75722232,2.512914991172384,2.518106544506382
1.75753968,2.512914991172384,2.516234989326033
1.75785704,2.513851592089755,2.516234989326033
1.7581744,2.512914991172384,2.516234989326033
1.75849176,2.512914991172384,2.515299211735859
1.75880912,2.513851592089755,2.514363434145684
1.75912648,2.512914991172384,2.51342765655551
1.75944384,2.511978390255013,2.51342765655551
1.7597612,2.511978390255013,2.512491878965336
1.76007856,2.511978390255013,2.512491878965336
1.76039592,2.511041789337642,2.511556101375161
1.76071328,2.511041789337642,2.509684546194813
1.76103064,2.511041789337642,2.510620323784988
1.761348,2.510105188420271,2.509684546194813
1.76166536,2.5091685875029,2.509684546194813
1.76198272,2.508231986585529,2.509684546194813
1.76230008,2.508231986585529,2.509684546194813
1.76261744,2.507295385668158,2.509684546194813
1.7629348,2.508231986585529,2.509684546194813
1.76325216,2.506358784750787,2.509684546194813
1.76356952,2.506358784750787,2.509684546194813
1.76388688,2.505422183833416,2.509684546194813
1.76420424,2.504485582916045,2.509684546194813
1.7645216,2.503548981998673,2.509684546194813
1.76483896,2.502612381081303,2.510620323784988
1.76515632,2.502612381081303,2.510620323784988
1.76547368,2.502612381081303,2.511556101375161
1.76579104,2.501675780163931,2.511556101375161
1.7661084,2.50073917924656,2.511556101375161
1.76642576,2.50073917924656,2.512491878965336
1.76674312,2.50073917924656,2.51342765655551
1.76706048,2.499802578329189,2.51342765655551
1.76737784,2.498865977411818,2.51342765655551
1.7676952,2.498865977411818,2.51342765655551
1.76801256,2.499802578329189,2.514363434145684
1.76832992,2.498865977411818,2.515299211735859
1.76864728,2.498865977411818,2.516234989326033
1.76896464,2.498865977411818,2.516234989326033
1.769282,2.499802578329189,2.517170766916207
1.76959936,2.499802578329189,2.518106544506382
1.76991672,2.499802578329189,2.519042322096555
1.77023408,2.499802578329189,2.518106544506382
1.77055144,2.499802578329189,2.519042322096555
1.7708688,2.499802578329189,2.51997809968673
1.77118616,2.499802578329189,2.51997809968673
1.77150352,2.499802578329189,2.520913877276904
1.77182088,2.50073917924656,2.520913877276904
1.77213824,2.501675780163931,2.521849654867078
1.7724556,2.502612381081303,2.521849654867078
1.77277296,2.503548981998673,2.522785432457253
1.77309032,2.503548981998673,2.522785432457253
1.77340768,2.503548981998673,2.522785432457253
1.77372504,2.505422183833416,2.522785432457253
1.7740424,2.505422183833416,2.521849654867078
1.77435976,2.506358784750787,2.521849654867078
1.77467712,2.506358784750787,2.522785432457253
1.77499448,2.507295385668158,2.522785432457253
1.77531184,2.507295385668158,2.522785432457253
1.7756292,2.508231986585529,2.521849654867078
1.77594656,2.508231986585529,2.521849654867078
1.77626392,2.5091685875029,2.521849654867078
1.77658128,2.5091685875029,2.521849654867078
1.77689864,2.5091685875029,2.520913877276904
1.777216,2.5091685875029,2.51997809968673
1.77753336,2.511041789337642,2.51997809968673
1.77785072,2.511041789337642,2.51997809968673
1.77816808,2.511041789337642,2.519042322096555
1.77848544,2.511041789337642,2.519042322096555
1.7788028,2.511041789337642,2.518106544506382
1.77912016,2.511041789337642,2.518106544506382
1.77943752,2.511041789337642,2.517170766916207
1.77975488,2.510105188420271,2.516234989326033
1.78007224,2.511041789337642,2.516234989326033
1.7803896,2.511041789337642,2.516234989326033
1.78070696,2.511041789337642,2.516234989326033
1.78102432,2.511041789337642,2.514363434145684
1.78134168,2.511041789337642,2.51342765655551
1.78165904,2.511041789337642,2.51342765655551
1.7819764,2.511041789337642,2.51342765655551
1.78229376,2.511041789337642,2.51342765655551
1.78261112,2.510105188420271,2.51342765655551
1.78292848,2.510105188420271,2.512491878965336
1.78324584,2.5091685875029,2.511556101375161
1.7835632,2.5091685875029,2.512491878965336
1.78388056,2.508231986585529,2.512491878965336
1.78419792,2.510105188420271,2.512491878965336
1.78451528,2.508231986585529,2.511556101375161
1.78483264,2.508231986585529,2.511556101375161
1.78515,2.507295385668158,2.511556101375161
1.78546736,2.506358784750787,2.511556101375161
1.78578472,2.506358784750787,2.511556101375161
1.78610208,2.506358784750787,2.511556101375161
1.78641944,2.506358784750787,2.512491878965336
1.7867368,2.505422183833416,2.511556101375161
1.78705416,2.505422183833416,2.511556101375161
1.78737152,2.505422183833416,2.512491878965336
1.78768888,2.505422183833416,2.51342765655551
1.78800624,2.504485582916045,2.51342765655551
1.7883236,2.504485582916045,2.51342765655551
1.78864096,2.503548981998673,2.514363434145684
1.78895832,2.503548981998673,2.514363434145684
1.78927568,2.503548981998673,2.514363434145684
1.78959304,2.503548981998673,2.514363434145684
1.7899104,2.502612381081303,2.515299211735859
1.79022776,2.502612381081303,2.515299211735859
1.79054512,2.502612381081303,2.515299211735859
1.79086248,2.502612381081303,2.516234989326033
1.79117984,2.502612381081303,2.516234989326033
1.7914972,2.503548981998673,2.516234989326033
1.79181456,2.501675780163931,2.516234989326033
1.79213192,2.502612381081303,2.516234989326033
1.79244928,2.503548981998673,2.517170766916207
1.79276664,2.503548981998673,2.518106544506382
1.793084,2.503548981998673,2.519042322096555
1.79340136,2.503548981998673,2.519042322096555
1.79371872,2.503548981998673,2.519042322096555
1.79403608,2.503548981998673,2.519042322096555
1.79435344,2.504485582916045,2.51997809968673
1.7946708,2.505422183833416,2.51997809968673
1.79498816,2.504485582916045,2.519042322096555
1.79530552,2.505422183833416,2.519042322096555
1.79562288,2.505422183833416,2.519042322096555
1.79594024,2.505422183833416,2.519042322096555
1.7962576,2.505422183833416,2.519042322096555
1.79657496,2.505422183833416,2.519042322096555
1.79689232,2.506358784750787,2.518106544506382
1.79720968,2.506358784750787,2.517170766916207
1.79752704,2.507295385668158,2.518106544506382
1.7978444,2.507295385668158,2.519042322096555
1.79816176,2.506358784750787,2.518106544506382
1.79847912,2.506358784750787,2.517170766916207
1.79879648,2.507295385668158,2.517170766916207
1.79911384,2.507295385668158,2.517170766916207
1.7994312,2.507295385668158,2.517170766916207
1.79974856,2.507295385668158,2.517170766916207
1.80006592,2.507295385668158,2.517170766916207
1.80038328,2.508231986585529,2.517170766916207
1.80070064,2.507295385668158,2.517170766916207
1.801018,2.508231986585529,2.517170766916207
1.80133536,2.507295385668158,2.517170766916207
1.80165272,2.507295385668158,2.517170766916207
1.80197008,2.507295385668158,2.516234989326033
1.80228744,2.508231986585529,2.517170766916207
1.8026048,2.507295385668158,2.516234989326033
1.80292216,2.507295385668158,2.516234989326033
1.80323952,2.508231986585529,2.516234989326033
1.80355688,2.507295385668158,2.516234989326033
1.80387424,2.507295385668158,2.515299211735859
1.8041916,2.507295385668158,2.515299211735859
1.80450896,2.507295385668158,2.515299211735859
1.80482632,2.507295385668158,2.515299211735859
1.80514368,2.507295385668158,2.514363434145684
1.80546104,2.507295385668158,2.515299211735859
1.8057784,2.508231986585529,2.515299211735859
1.80609576,2.508231986585529,2.515299211735859
1.80641312,2.507295385668158,2.515299211735859
1.80673048,2.508231986585529,2.515299211735859
1.80704784,2.507295385668158,2.514363434145684
1.8073652,2.507295385668158,2.514363434145684
1.80768256,2.507295385668158,2.514363434145684
1.80799992,2.507295385668158,2.514363434145684
1.80831728,2.507295385668158,2.514363434145684
1.80863464,2.507295385668158,2.515299211735859
1.808952,2.507295385668158,2.514363434145684
1.80926936,2.508231986585529,2.515299211735859
1.80958672,2.507295385668158,2.514363434145684
1.80990408,2.507295385668158,2.514363434145684
1.81022144,2.506358784750787,2.51342765655551
1.8105388,2.506358784750787,2.514363434145684
1.81085616,2.505422183833416,2.51342765655551
1.81117352,2.505422183833416,2.51342765655551
1.81149088,2.505422183833416,2.51342765655551
1.81180824,2.505422183833416,2.51342765655551
1.8121256,2.505422183833416,2.51342765655551
1.81244296,2.505422183833416,2.51342765655551
1.81276032,2.505422183833416,2.51342765655551
1.81307768,2.504485582916045,2.51342765655551
1.81339504,2.504485582916045,2.51342765655551
1.8137124,2.505422183833416,2.51342765655551
1.81402976,2.505422183833416,2.514363434145684
1.81434712,2.505422183833416,2.514363434145684
1.81466448,2.504485582916045,2.514363434145684
1.81498184,2.504485582916045,2.514363434145684
1.8152992,2.505422183833416,2.514363434145684
1.81561656,2.504485582916045,2.514363434145684
1.81593392,2.504485582916045,2.515299211735859
1.81625128,2.505422183833416,2.515299211735859
1.81656864,2.503548981998673,2.515299211735859
1.816886,2.504485582916045,2.515299211735859
1.81720336,2.504485582916045,2.515299211735859
1.81752072,2.503548981998673,2.515299211735859
1.81783808,2.503548981998673,2.515299211735859
1.81815544,2.503548981998673,2.515299211735859
1.8184728,2.503548981998673,2.515299211735859
1.81879016,2.502612381081303,2.515299211735859
1.81910752,2.503548981998673,2.515299211735859
1.81942488,2.501675780163931,2.515299211735859
1.81974224,2.502612381081303,2.515299211735859
1.8200596,2.502612381081303,2.515299211735859
1.82037696,2.502612381081303,2.516234989326033
1.82069432,2.503548981998673,2.516234989326033
1.82101168,2.503548981998673,2.516234989326033
1.82132904,2.502612381081303,2.516234989326033
1.8216464,2.502612381081303,2.516234989326033
1.82196376,2.503548981998673,2.517170766916207
1.82228112,2.503548981998673,2.516234989326033
1.82259848,2.503548981998673,2.516234989326033
1.82291584,2.503548981998673,2.517170766916207
1.8232332,2.502612381081303,2.517170766916207
1.82355056,2.502612381081303,2.517170766916207
1.82386792,2.502612381081303,2.518106544506382
1.82418528,2.503548981998673,2.519042322096555
1.82450264,2.503548981998673,2.519042322096555
1.82482,2.503548981998673,2.519042322096555
1.82513736,2.504485582916045,2.519042322096555
1.82545472,2.505422183833416,2.51997809968673
1.82577208,2.504485582916045,2.51997809968673
1.82608944,2.504485582916045,2.51997809968673
1.8264068,2.504485582916045,2.51997809968673
1.82672416,2.505422183833416,2.51997809968673
1.82704152,2.505422183833416,2.51997809968673
1.82735888,2.505422183833416,2.51997809968673
1.82767624,2.506358784750787,2.51997809968673
1.8279936,2.506358784750787,2.520913877276904
1.82831096,2.507295385668158,2.51997809968673
1.82862832,2.507295385668158,2.520913877276904
1.82894568,2.507295385668158,2.520913877276904
1.82926304,2.507295385668158,2.51997809968673
1.8295804,2.507295385668158,2.51997809968673
1.82989776,2.508231986585529,2.520913877276904
1.83021512,2.5091685875029,2.520913877276904
1.83053248,2.5091685875029,2.520913877276904
1.83084984,2.510105188420271,2.51997809968673
1.8311672,2.5091685875029,2.51997809968673
1.83148456,2.510105188420271,2.519042322096555
1.83180192,2.510105188420271,2.519042322096555
1.83211928,2.510105188420271,2.517170766916207
1.83243664,2.510105188420271,2.517170766916207
1.832754,2.510105188420271,2.518106544506382
1.83307136,2.510105188420271,2.517170766916207
1.83338872,2.511041789337642,2.517170766916207
1.83370608,2.511041789337642,2.516234989326033
1.83402344,2.511041789337642,2.516234989326033
1.8343408,2.511041789337642,2.516234989326033
1.83465816,2.510105188420271,2.514363434145684
1.83497552,2.510105188420271,2.514363434145684
1.83529288,2.511041789337642,2.514363434145684
1.83561024,2.511041789337642,2.514363434145684
1.8359276,2.510105188420271,2.51342765655551
1.83624496,2.511041789337642,2.51342765655551
1.83656232,2.511041789337642,2.512491878965336
1.83687968,2.511041789337642,2.512491878965336
1.83719704,2.511041789337642,2.511556101375161
1.8375144,2.510105188420271,2.512491878965336
1.83783176,2.510105188420271,2.510620323784988
1.83814912,2.5091685875029,2.509684546194813
1.83846648,2.5091685875029,2.509684546194813
1.83878384,2.508231986585529,2.509684546194813
1.8391012,2.508231986585529,2.509684546194813
1.83941856,2.507295385668158,2.508748768604639
1.83973592,2.506358784750787,2.508748768604639
1.84005328,2.506358784750787,2.508748768604639
1.84037064,2.505422183833416,2.508748768604639
1.840688,2.505422183833416,2.508748768604639
1.84100536,2.504485582916045,2.507812991014465
1.84132272,2.503548981998673,2.507812991014465
1.84164008,2.503548981998673,2.507812991014465
1.84195744,2.503548981998673,2.508748768604639
1.8422748,2.502612381081303,2.508748768604639
1.84259216,2.502612381081303,2.509684546194813
1.84290952,2.50073917924656,2.508748768604639
1.84322688,2.50073917924656,2.509684546194813
1.84354424,2.50073917924656,2.509684546194813
1.8438616,2.499802578329189,2.510620323784988
1.84417896,2.498865977411818,2.510620323784988
1.84449632,2.498865977411818,2.511556101375161
1.84481368,2.497929376494447,2.511556101375161
1.84513104,2.497929376494447,2.511556101375161
1.8454484,2.496056174659705,2.512491878965336
1.84576576,2.496056174659705,2.512491878965336
1.84608312,2.496992775577076,2.51342765655551
1.84640048,2.496056174659705,2.514363434145684
1.84671784,2.496056174659705,2.514363434145684
1.8470352,2.496056174659705,2.515299211735859
1.84735256,2.496056174659705,2.516234989326033
1.84766992,2.496056174659705,2.517170766916207
1.84798728,2.496056174659705,2.518106544506382
1.84830464,2.496992775577076,2.519042322096555
1.848622,2.497929376494447,2.519042322096555
1.84893936,2.497929376494447,2.51997809968673
1.84925672,2.498865977411818,2.51997809968673
1.84957408,2.498865977411818,2.51997809968673
1.84989144,2.498865977411818,2.520913877276904
1.8502088,2.498865977411818,2.521849654867078
1.85052616,2.499802578329189,2.521849654867078
1.85084352,2.50073917924656,2.521849654867078
1.85116088,2.50073917924656,2.522785432457253
1.85147824,2.50073917924656,2.522785432457253
1.8517956,2.50073917924656,2.522785432457253
1.85211296,2.501675780163931,2.523721210047427
1.85243032,2.502612381081303,2.523721210047427
1.85274768,2.503548981998673,2.523721210047427
1.85306504,2.505422183833416,2.524656987637601
1.8533824,2.504485582916045,2.523721210047427
1.85369976,2.505422183833416,2.524656987637601
1.85401712,2.506358784750787,2.524656987637601
1.85433448,2.507295385668158,2.524656987637601
1.85465184,2.506358784750787,2.523721210047427
1.8549692,2.508231986585529,2.523721210047427
1.85528656,2.5091685875029,2.522785432457253
1.85560392,2.5091685875029,2.522785432457253
1.85592128,2.510105188420271,2.522785432457253
1.85623864,2.511041789337642,2.523721210047427
1.856556,2.511041789337642,2.522785432457253
1.85687336,2.511978390255013,2.522785432457253
1.85719072,2.511978390255013,2.521849654867078
1.85750808,2.511978390255013,2.521849654867078
1.85782544,2.512914991172384,2.520913877276904
1.8581428,2.512914991172384,2.520913877276904
1.85846016,2.512914991172384,2.51997809968673
1.85877752,2.513851592089755,2.51997809968673
1.85909488,2.513851592089755,2.519042322096555
1.85941224,2.513851592089755,2.518106544506382
1.8597296,2.513851592089755,2.517170766916207
1.86004696,2.513851592089755,2.517170766916207
1.86036432,2.513851592089755,2.516234989326033
1.86068168,2.513851592089755,2.515299211735859
1.86099904,2.514788193007127,2.515299211735859
1.8613164,2.513851592089755,2.514363434145684
1.86163376,2.514788193007127,2.514363434145684
1.86195112,2.513851592089755,2.514363434145684
1.86226848,2.514788193007127,2.51342765655551
1.86258584,2.513851592089755,2.51342765655551
1.8629032,2.513851592089755,2.51342765655551
1.86322056,2.513851592089755,2.512491878965336
1.86353792,2.513851592089755,2.511556101375161
1.86385528,2.512914991172384,2.511556101375161
1.86417264,2.512914991172384,2.511556101375161
1.86449,2.511041789337642,2.510620323784988
1.86480736,2.511978390255013,2.510620323784988
1.86512472,2.511041789337642,2.509684546194813
1.86544208,2.510105188420271,2.509684546194813
1.86575944,2.5091685875029,2.509684546194813
1.8660768,2.5091685875029,2.509684546194813
1.86639416,2.5091685875029,2.508748768604639
1.86671152,2.5091685875029,2.508748768604639
1.86702888,2.508231986585529,2.508748768604639
1.86734624,2.507295385668158,2.507812991014465
1.8676636,2.507295385668158,2.507812991014465
1.86798096,2.507295385668158,2.508748768604639
1.86829832,2.505422183833416,2.508748768604639
1.86861568,2.505422183833416,2.507812991014465
1.86893304,2.504485582916045,2.507812991014465
1.8692504,2.504485582916045,2.507812991014465
1.86956776,2.503548981998673,2.507812991014465
1.86988512,2.502612381081303,2.508748768604639
1.87020248,2.501675780163931,2.508748768604639
1.87051984,2.502612381081303,2.508748768604639
1.8708372,2.50073917924656,2.508748768604639
1.87115456,2.50073917924656,2.508748768604639
1.87147192,2.499802578329189,2.508748768604639
1.87178928,2.499802578329189,2.509684546194813
1.87210664,2.499802578329189,2.509684546194813
1.872424,2.497929376494447,2.509684546194813
1.87274136,2.498865977411818,2.510620323784988
1.87305872,2.498865977411818,2.510620323784988
1.87337608,2.497929376494447,2.511556101375161
1.87369344,2.497929376494447,2.511556101375161
1.8740108,2.497929376494447,2.511556101375161
1.87432816,2.497929376494447,2.512491878965336
1.87464552,2.496992775577076,2.51342765655551
1.87496288,2.496992775577076,2.51342765655551
1.87528024,2.496056174659705,2.514363434145684
1.8755976,2.496992775577076,2.514363434145684
1.87591496,2.497929376494447,2.515299211735859
1.87623232,2.496992775577076,2.515299211735859
1.87654968,2.496056174659705,2.515299211735859
1.87686704,2.496992775577076,2.516234989326033
1.8771844,2.495119573742334,2.517170766916207
1.87750176,2.495119573742334,2.517170766916207
1.87781912,2.496056174659705,2.518106544506382
1.87813648,2.496056174659705,2.519042322096555
1.87845384,2.496056174659705,2.51997809968673
1.8787712,2.496056174659705,2.51997809968673
1.87908856,2.496992775577076,2.520913877276904
1.87940592,2.496056174659705,2.51997809968673
1.87972328,2.496056174659705,2.51997809968673
1.88004064,2.496992775577076,2.520913877276904
1.880358,2.496992775577076,2.521849654867078
1.88067536,2.496056174659705,2.521849654867078
1.88099272,2.496056174659705,2.521849654867078
1.88131008,2.497929376494447,2.521849654867078
1.88162744,2.497929376494447,2.521849654867078
1.8819448,2.498865977411818,2.522785432457253
1.88226216,2.499802578329189,2.523721210047427
1.88257952,2.499802578329189,2.523721210047427
1.88289688,2.499802578329189,2.523721210047427
1.88321424,2.499802578329189,2.523721210047427
1.8835316,2.50073917924656,2.524656987637601
1.88384896,2.501675780163931,2.524656987637601
1.88416632,2.502612381081303,2.525592765227775
1.88448368,2.502612381081303,2.524656987637601
1.88480104,2.502612381081303,2.523721210047427
1.8851184,2.502612381081303,2.524656987637601
1.88543576,2.503548981998673,2.524656987637601
1.88575312,2.504485582916045,2.525592765227775
1.88607048,2.504485582916045,2.524656987637601
1.88638784,2.504485582916045,2.524656987637601
1.8867052,2.505422183833416,2.524656987637601
1.88702256,2.506358784750787,2.524656987637601
1.88733992,2.506358784750787,2.524656987637601
1.88765728,2.506358784750787,2.523721210047427
1.88797464,2.507295385668158,2.523721210047427
1.888292,2.508231986585529,2.523721210047427
1.88860936,2.508231986585529,2.523721210047427
1.88892672,2.508231986585529,2.522785432457253
1.88924408,2.5091685875029,2.523721210047427
1.88956144,2.5091685875029,2.522785432457253
1.8898788,2.510105188420271,2.522785432457253
1.89019616,2.5091685875029,2.521849654867078
1.89051352,2.511041789337642,2.522785432457253
1.89083088,2.511041789337642,2.522785432457253
1.89114824,2.511041789337642,2.521849654867078
1.8914656,2.512914991172384,2.521849654867078
1.89178296,2.512914991172384,2.521849654867078
1.89210032,2.512914991172384,2.520913877276904
1.89241768,2.512914991172384,2.51997809968673
1.89273504,2.512914991172384,2.51997809968673
1.8930524,2.512914991172384,2.51997809968673
1.89336976,2.513851592089755,2.51997809968673
1.89368712,2.513851592089755,2.519042322096555
1.89400448,2.514788193007127,2.519042322096555
1.89432184,2.513851592089755,2.518106544506382
1.8946392,2.513851592089755,2.518106544506382
1.89495656,2.513851592089755,2.517170766916207
1.89527392,2.512914991172384,2.517170766916207
1.89559128,2.512914991172384,2.517170766916207
1.89590864,2.513851592089755,2.517170766916207
1.896226,2.513851592089755,2.516234989326033
1.89654336,2.512914991172384,2.516234989326033
1.89686072,2.512914991172384,2.515299211735859
1.89717808,2.512914991172384,2.515299211735859
1.89749544,2.513851592089755,2.514363434145684
1.8978128,2.512914991172384,2.51342765655551
1.89813016,2.513851592089755,2.514363434145684
1.89844752,2.512914991172384,2.51342765655551
1.89876488,2.512914991172384,2.51342765655551
1.89908224,2.512914991172384,2.514363434145684
1.8993996,2.511978390255013,2.512491878965336
1.89971696,2.511041789337642,2.512491878965336
1.90003432,2.511978390255013,2.512491878965336
1.90035168,2.511978390255013,2.512491878965336
1.90066904,2.511041789337642,2.511556101375161
1.9009864,2.511041789337642,2.511556101375161
1.90130376,2.511041789337642,2.511556101375161
1.90162112,2.511041789337642,2.510620323784988
1.90193848,2.510105188420271,2.509684546194813
1.90225584,2.510105188420271,2.509684546194813
1.9025732,2.510105188420271,2.509684546194813
1.90289056,2.5091685875029,2.509684546194813
1.90320792,2.5091685875029,2.509684546194813
1.90352528,2.5091685875029,2.509684546194813
1.90384264,2.5091685875029,2.509684546194813
1.90416,2.5091685875029,2.509684546194813
1.90447736,2.508231986585529,2.509684546194813
1.90479472,2.508231986585529,2.508748768604639
1.90511208,2.508231986585529,2.508748768604639
1.90542944,2.508231986585529,2.508748768604639
1.9057468,2.507295385668158,2.508748768604639
1.90606416,2.507295385668158,2.508748768604639
1.90638152,2.507295385668158,2.508748768604639
1.90669888,2.506358784750787,2.508748768604639
1.90701624,2.507295385668158,2.509684546194813
1.9073336,2.506358784750787,2.508748768604639
1.90765096,2.505422183833416,2.509684546194813
1.90796832,2.505422183833416,2.509684546194813
1.90828568,2.504485582916045,2.509684546194813
1.90860304,2.504485582916045,2.508748768604639
1.9089204,2.504485582916045,2.509684546194813
1.90923776,2.503548981998673,2.508748768604639
1.90955512,2.504485582916045,2.509684546194813
1.90987248,2.503548981998673,2.508748768604639
1.91018984,2.503548981998673,2.508748768604639
1.9105072,2.502612381081303,2.508748768604639
1.91082456,2.502612381081303,2.508748768604639
1.91114192,2.502612381081303,2.508748768604639
1.91145928,2.502612381081303,2.508748768604639
1.91177664,2.502612381081303,2.508748768604639
1.912094,2.501675780163931,2.508748768604639
1.91241136,2.501675780163931,2.509684546194813
1.91272872,2.50073917924656,2.509684546194813
1.91304608,2.50073917924656,2.508748768604639
1.91336344,2.499802578329189,2.508748768604639
1.9136808,2.50073917924656,2.509684546194813
1.91399816,2.498865977411818,2.509684546194813
1.91431552,2.499802578329189,2.511556101375161
1.91463288,2.499802578329189,2.511556101375161
1.91495024,2.498865977411818,2.511556101375161
1.9152676,2.497929376494447,2.511556101375161
1.91558496,2.497929376494447,2.511556101375161
1.91590232,2.498865977411818,2.511556101375161
1.91621968,2.498865977411818,2.511556101375161
1.91653704,2.498865977411818,2.512491878965336
1.9168544,2.497929376494447,2.512491878965336
1.91717176,2.497929376494447,2.511556101375161
1.91748912,2.497929376494447,2.511556101375161
1.91780648,2.496992775577076,2.512491878965336
1.91812384,2.496992775577076,2.512491878965336
1.9184412,2.496992775577076,2.512491878965336
1.91875856,2.496992775577076,2.512491878965336
1.91907592,2.496056174659705,2.51342765655551
1.91939328,2.496992775577076,2.51342765655551
1.91971064,2.496992775577076,2.51342765655551
1.920028,2.497929376494447,2.514363434145684
1.92034536,2.496992775577076,2.514363434145684
1.92066272,2.496992775577076,2.51342765655551
1.92098008,2.496056174659705,2.514363434145684
1.92129744,2.496056174659705,2.515299211735859
1.9216148,2.496056174659705,2.514363434145684
1.92193216,2.496056174659705,2.515299211735859
1.92224952,2.496056174659705,2.515299211735859
1.92256688,2.496056174659705,2.516234989326033
1.92288424,2.496056174659705,2.515299211735859
1.9232016,2.496056174659705,2.515299211735859
1.92351896,2.496056174659705,2.516234989326033
1.92383632,2.496056174659705,2.517170766916207
1.92415368,2.496056174659705,2.516234989326033
1.92447104,2.496056174659705,2.516234989326033
1.9247884,2.496056174659705,2.517170766916207
1.92510576,2.495119573742334,2.517170766916207
1.92542312,2.496056174659705,2.517170766916207
1.92574048,2.495119573742334,2.518106544506382
1.92605784,2.495119573742334,2.518106544506382
1.9263752,2.496056174659705,2.518106544506382
1.92669256,2.496992775577076,2.518106544506382
1.92700992,2.496992775577076,2.519042322096555
1.92732728,2.497929376494447,2.519042322096555
1.92764464,2.497929376494447,2.51997809968673
1.927962,2.497929376494447,2.51997809968673
1.92827936,2.497929376494447,2.520913877276904
1.92859672,2.497929376494447,2.51997809968673
1.92891408,2.497929376494447,2.51997809968673
1.92923144,2.497929376494447,2.520913877276904
1.9295488,2.498865977411818,2.520913877276904
1.92986616,2.498865977411818,2.520913877276904
1.93018352,2.499802578329189,2.520913877276904
1.93050088,2.499802578329189,2.520913877276904
1.93081824,2.498865977411818,2.520913877276904
1.9311356,2.498865977411818,2.521849654867078
1.93145296,2.498865977411818,2.521849654867078
1.93177032,2.498865977411818,2.520913877276904
1.93208768,2.498865977411818,2.520913877276904
1.93240504,2.498865977411818,2.521849654867078
1.9327224,2.498865977411818,2.521849654867078
1.93303976,2.499802578329189,2.520913877276904
1.93335712,2.498865977411818,2.521849654867078
1.93367448,2.50073917924656,2.521849654867078
1.93399184,2.50073917924656,2.522785432457253
1.9343092,2.50073917924656,2.522785432457253
1.93462656,2.499802578329189,2.522785432457253
1.93494392,2.50073917924656,2.522785432457253
1.93526128,2.501675780163931,2.521849654867078
1.93557864,2.50073917924656,2.521849654867078
1.935896,2.50073917924656,2.521849654867078
1.93621336,2.501675780163931,2.522785432457253
1.93653072,2.501675780163931,2.522785432457253
1.93684808,2.501675780163931,2.521849654867078
1.93716544,2.501675780163931,2.522785432457253
1.9374828,2.501675780163931,2.522785432457253
1.93780016,2.501675780163931,2.522785432457253
1.93811752,2.502612381081303,2.523721210047427
1.93843488,2.502612381081303,2.522785432457253
1.93875224,2.502612381081303,2.522785432457253
1.9390696,2.501675780163931,2.522785432457253
1.93938696,2.501675780163931,2.522785432457253
1.93970432,2.501675780163931,2.522785432457253
1.94002168,2.502612381081303,2.521849654867078
1.94033904,2.502612381081303,2.522785432457253
1.9406564,2.501675780163931,2.521849654867078
1.94097376,2.501675780163931,2.521849654867078
1.94129112,2.502612381081303,2.522785432457253
1.94160848,2.502612381081303,2.522785432457253
1.94192584,2.502612381081303,2.522785432457253
1.9422432,2.503548981998673,2.522785432457253
1.94256056,2.503548981998673,2.522785432457253
1.94287792,2.504485582916045,2.523721210047427
1.94319528,2.504485582916045,2.523721210047427
1.94351264,2.504485582916045,2.523721210047427
1.94383,2.504485582916045,2.523721210047427
1.94414736,2.505422183833416,2.523721210047427
1.94446472,2.505422183833416,2.523721210047427
1.94478208,2.505422183833416,2.523721210047427
1.94509944,2.506358784750787,2.524656987637601
1.9454168,2.505422183833416,2.523721210047427
1.94573416,2.505422183833416,2.523721210047427
1.94605152,2.506358784750787,2.523721210047427
1.94636888,2.507295385668158,2.523721210047427
1.94668624,2.506358784750787,2.523721210047427
1.9470036,2.506358784750787,2.523721210047427
1.94732096,2.506358784750787,2.523721210047427
1.94763832,2.507295385668158,2.523721210047427
1.94795568,2.506358784750787,2.523721210047427
1.94827304,2.506358784750787,2.523721210047427
1.9485904,2.506358784750787,2.523721210047427
1.94890776,2.507295385668158,2.523721210047427
1.94922512,2.507295385668158,2.523721210047427
1.94954248,2.507295385668158,2.522785432457253
1.94985984,2.507295385668158,2.523721210047427
1.9501772,2.507295385668158,2.522785432457253
1.95049456,2.506358784750787,2.522785432457253
1.95081192,2.506358784750787,2.522785432457253
1.95112928,2.507295385668158,2.522785432457253
1.95144664,2.507295385668158,2.522785432457253
1.951764,2.507295385668158,2.522785432457253
1.95208136,2.508231986585529,2.521849654867078
1.95239872,2.507295385668158,2.521849654867078
1.95271608,2.508231986585529,2.522785432457253
1.95303344,2.507295385668158,2.522785432457253
1.9533508,2.508231986585529,2.522785432457253
1.95366816,2.508231986585529,2.522785432457253
1.95398552,2.508231986585529,2.522785432457253
1.95430288,2.5091685875029,2.522785432457253
1.95462024,2.508231986585529,2.522785432457253
1.9549376,2.508231986585529,2.521849654867078
1.95525496,2.508231986585529,2.521849654867078
1.95557232,2.507295385668158,2.521849654867078
1.95588968,2.508231986585529,2.521849654867078
1.95620704,2.508231986585529,2.521849654867078
1.9565244,2.5091685875029,2.521849654867078
1.95684176,2.508231986585529,2.522785432457253
1.95715912,2.5091685875029,2.521849654867078
1.95747648,2.508231986585529,2.521849654867078
1.95779384,2.508231986585529,2.521849654867078
1.9581112,2.508231986585529,2.521849654867078
1.95842856,2.508231986585529,2.520913877276904
1.95874592,2.508231986585529,2.521849654867078
1.95906328,2.508231986585529,2.521849654867078
1.95938064,2.508231986585529,2.520913877276904
1.959698,2.5091685875029,2.521849654867078
1.96001536,2.5091685875029,2.521849654867078
1.96033272,2.5091685875029,2.521849654867078
1.96065008,2.5091685875029,2.520913877276904
1.96096744,2.5091685875029,2.521849654867078
1.9612848,2.5091685875029,2.521849654867078
1.96160216,2.508231986585529,2.520913877276904
1.96191952,2.5091685875029,2.520913877276904
1.96223688,2.508231986585529,2.520913877276904
1.96255424,2.5091685875029,2.51997809968673
1.9628716,2.5091685875029,2.51997809968673
1.96318896,2.5091685875029,2.520913877276904
1.96350632,2.508231986585529,2.51997809968673
1.96382368,2.5091685875029,2.51997809968673
1.96414104,2.508231986585529,2.51997809968673
1.9644584,2.508231986585529,2.51997809968673
1.96477576,2.508231986585529,2.519042322096555
1.96509312,2.508231986585529,2.519042322096555
1.96541048,2.5091685875029,2.51997809968673
1.96572784,2.5091685875029,2.51997809968673
1.9660452,2.5091685875029,2.51997809968673
1.96636256,2.5091685875029,2.51997809968673
1.96667992,2.5091685875029,2.51997809968673
1.96699728,2.510105188420271,2.51997809968673
1.96731464,2.5091685875029,2.51997809968673
1.967632,2.510105188420271,2.51997809968673
1.96794936,2.5091685875029,2.519042322096555
1.96826672,2.5091685875029,2.519042322096555
1.96858408,2.5091685875029,2.51997809968673
1.96890144,2.5091685875029,2.51997809968673
1.9692188,2.5091685875029,2.519042322096555
1.96953616,2.510105188420271,2.519042322096555
1.96985352,2.5091685875029,2.51997809968673
1.97017088,2.508231986585529,2.519042322096555
1.97048824,2.5091685875029,2.519042322096555
1.9708056,2.5091685875029,2.518106544506382
1.97112296,2.5091685875029,2.518106544506382
1.97144032,2.5091685875029,2.518106544506382
1.97175768,2.508231986585529,2.518106544506382
1.97207504,2.508231986585529,2.518106544506382
1.9723924,2.508231986585529,2.518106544506382
1.97270976,2.508231986585529,2.518106544506382
1.97302712,2.508231986585529,2.519042322096555
1.97334448,2.5091685875029,2.518106544506382
1.97366184,2.508231986585529,2.519042322096555
1.9739792,2.508231986585529,2.517170766916207
1.97429656,2.508231986585529,2.518106544506382
1.97461392,2.508231986585529,2.518106544506382
1.97493128,2.508231986585529,2.519042322096555
1.97524864,2.508231986585529,2.518106544506382
1.975566,2.5091685875029,2.518106544506382
1.97588336,2.5091685875029,2.518106544506382
1.97620072,2.5091685875029,2.517170766916207
1.97651808,2.5091685875029,2.519042322096555
1.97683544,2.5091685875029,2.518106544506382
1.9771528,2.508231986585529,2.518106544506382
1.97747016,2.508231986585529,2.517170766916207
1.97778752,2.508231986585529,2.518106544506382
1.97810488,2.508231986585529,2.517170766916207
1.97842224,2.5091685875029,2.518106544506382
1.9787396,2.508231986585529,2.517170766916207
1.97905696,2.508231986585529,2.518106544506382
1.97937432,2.5091685875029,2.518106544506382
1.97969168,2.508231986585529,2.518106544506382
1.98000904,2.508231986585529,2.518106544506382
1.9803264,2.508231986585529,2.518106544506382
1.98064376,2.5091685875029,2.519042322096555
1.98096112,2.508231986585529,2.518106544506382
1.98127848,2.5091685875029,2.517170766916207
1.98159584,2.508231986585529,2.517170766916207
1.9819132,2.508231986585529,2.516234989326033
1.98223056,2.5091685875029,2.516234989326033
1.98254792,2.508231986585529,2.517170766916207
1.98286528,2.508231986585529,2.517170766916207
1.98318264,2.507295385668158,2.516234989326033
1.9835,2.507295385668158,2.516234989326033
1.98381736,2.508231986585529,2.517170766916207
1.98413472,2.508231986585529,2.517170766916207
1.98445208,2.508231986585529,2.518106544506382
1.98476944,2.5091685875029,2.517170766916207
1.9850868,2.5091685875029,2.518106544506382
1.98540416,2.508231986585529,2.517170766916207
1.98572152,2.5091685875029,2.517170766916207
1.98603888,2.508231986585529,2.517170766916207
1.98635624,2.508231986585529,2.517170766916207
1.9866736,2.508231986585529,2.517170766916207
1.98699096,2.508231986585529,2.517170766916207
1.98730832,2.508231986585529,2.516234989326033
1.98762568,2.507295385668158,2.516234989326033
1.98794304,2.507295385668158,2.516234989326033
1.9882604,2.507295385668158,2.517170766916207
1.98857776,2.507295385668158,2.517170766916207
1.98889512,2.508231986585529,2.517170766916207
1.98921248,2.508231986585529,2.517170766916207
1.98952984,2.508231986585529,2.517170766916207
1.9898472,2.508231986585529,2.517170766916207
1.99016456,2.508231986585529,2.517170766916207
1.99048192,2.507295385668158,2.517170766916207
1.99079928,2.507295385668158,2.518106544506382
1.99111664,2.507295385668158,2.517170766916207
1.991434,2.506358784750787,2.516234989326033
1.99175136,2.508231986585529,2.517170766916207
1.99206872,2.508231986585529,2.517170766916207
1.99238608,2.508231986585529,2.517170766916207
1.99270344,2.508231986585529,2.517170766916207
1.9930208,2.507295385668158,2.517170766916207
1.99333816,2.507295385668158,2.517170766916207
1.99365552,2.507295385668158,2.518106544506382
1.99397288,2.507295385668158,2.517170766916207
1.99429024,2.506358784750787,2.517170766916207
1.9946076,2.505422183833416,2.517170766916207
1.99492496,2.506358784750787,2.516234989326033
1.99524232,2.506358784750787,2.517170766916207
1.99555968,2.506358784750787,2.517170766916207
1.99587704,2.505422183833416,2.516234989326033
1.9961944,2.506358784750787,2.516234989326033
1.99651176,2.506358784750787,2.517170766916207
1.99682912,2.506358784750787,2.517170766916207
1.99714648,2.507295385668158,2.517170766916207
1.99746384,2.507295385668158,2.517170766916207
1.9977812,2.506358784750787,2.516234989326033
1.99809856,2.505422183833416,2.516234989326033
1.99841592,2.505422183833416,2.516234989326033
1.99873328,2.505422183833416,2.516234989326033
1.99905064,2.505422183833416,2.517170766916207
1.999368,2.505422183833416,2.517170766916207
1.99968536,2.505422183833416,2.517170766916207
2.00000272,2.506358784750787,2.517170766916207
2.00032008,2.505422183833416,2.517170766916207
2.00063744,2.506358784750787,2.517170766916207
2.0009548,2.506358784750787,2.517170766916207
2.00127216,2.505422183833416,2.518106544506382
2.00158952,2.505422183833416,2.517170766916207
2.00190688,2.506358784750787,2.517170766916207
2.00222424,2.506358784750787,2.517170766916207
2.0025416,2.505422183833416,2.516234989326033
2.00285896,2.504485582916045,2.516234989326033
2.00317632,2.505422183833416,2.517170766916207
2.00349368,2.504485582916045,2.516234989326033
2.00381104,2.505422183833416,2.517170766916207
2.0041284,2.505422183833416,2.517170766916207
2.00444576,2.505422183833416,2.517170766916207
2.00476312,2.505422183833416,2.517170766916207
2.00508048,2.505422183833416,2.517170766916207
2.00539784,2.506358784750787,2.517170766916207
2.0057152,2.506358784750787,2.518106544506382
2.00603256,2.505422183833416,2.517170766916207
2.00634992,2.506358784750787,2.518106544506382
2.00666728,2.506358784750787,2.518106544506382
2.00698464,2.505422183833416,2.517170766916207
2.007302,2.506358784750787,2.518106544506382
2.00761936,2.505422183833416,2.517170766916207
2.00793672,2.505422183833416,2.518106544506382
2.00825408,2.505422183833416,2.517170766916207
2.00857144,2.505422183833416,2.517170766916207
2.0088888,2.505422183833416,2.517170766916207
2.00920616,2.506358784750787,2.518106544506382
2.00952352,2.506358784750787,2.518106544506382
2.00984088,2.505422183833416,2.517170766916207
2.01015824,2.505422183833416,2.517170766916207
2.0104756,2.504485582916045,2.518106544506382
2.01079296,2.505422183833416,2.518106544506382
2.01111032,2.505422183833416,2.517170766916207
2.01142768,2.506358784750787,2.517170766916207
2.01174504,2.505422183833416,2.517170766916207
2.0120624,2.505422183833416,2.517170766916207
2.01237976,2.505422183833416,2.517170766916207
2.01269712,2.504485582916045,2.516234989326033
2.01301448,2.504485582916045,2.516234989326033
2.01333184,2.504485582916045,2.517170766916207
2.0136492,2.503548981998673,2.516234989326033
2.01396656,2.504485582916045,2.517170766916207
2.01428392,2.504485582916045,2.516234989326033
2.01460128,2.503548981998673,2.516234989326033
2.01491864,2.503548981998673,2.517170766916207
2.015236,2.504485582916045,2.517170766916207
2.01555336,2.503548981998673,2.517170766916207
2.01587072,2.503548981998673,2.517170766916207
2.01618808,2.503548981998673,2.517170766916207
2.01650544,2.502612381081303,2.517170766916207
2.0168228,2.503548981998673,2.517170766916207
2.01714016,2.503548981998673,2.517170766916207
2.01745752,2.503548981998673,2.517170766916207
2.01777488,2.503548981998673,2.517170766916207
2.01809224,2.503548981998673,2.517170766916207
2.0184096,2.504485582916045,2.516234989326033
2.01872696,2.503548981998673,2.516234989326033
2.01904432,2.502612381081303,2.516234989326033
2.01936168,2.503548981998673,2.517170766916207
2.01967904,2.503548981998673,2.517170766916207
2.0199964,2.503548981998673,2.517170766916207
2.02031376,2.503548981998673,2.517170766916207
2.02063112,2.503548981998673,2.517170766916207
2.02094848,2.503548981998673,2.517170766916207
2.02126584,2.503548981998673,2.517170766916207
2.0215832,2.503548981998673,2.518106544506382
2.02190056,2.503548981998673,2.519042322096555
2.02221792,2.503548981998673,2.517170766916207
2.02253528,2.504485582916045,2.518106544506382
2.02285264,2.503548981998673,2.517170766916207
2.02317,2.504485582916045,2.517170766916207
2.02348736,2.503548981998673,2.517170766916207
2.02380472,2.504485582916045,2.519042322096555
2.02412208,2.503548981998673,2.519042322096555
2.02443944,2.503548981998673,2.519042322096555
2.0247568,2.504485582916045,2.518106544506382
2.02507416,2.503548981998673,2.518106544506382
2.02539152,2.503548981998673,2.519042322096555
2.02570888,2.503548981998673,2.518106544506382
2.02602624,2.503548981998673,2.518106544506382
2.0263436,2.503548981998673,2.519042322096555
2.02666096,2.503548981998673,2.517170766916207
2.02697832,2.503548981998673,2.518106544506382
2.02729568,2.504485582916045,2.518106544506382
2.02761304,2.503548981998673,2.517170766916207
2.0279304,2.502612381081303,2.517170766916207
2.02824776,2.503548981998673,2.518106544506382
2.02856512,2.503548981998673,2.518106544506382
2.02888248,2.502612381081303,2.517170766916207
2.02919984,2.502612381081303,2.517170766916207
2.0295172,2.501675780163931,2.517170766916207
2.02983456,2.502612381081303,2.517170766916207
2.03015192,2.501675780163931,2.517170766916207
2.03046928,2.501675780163931,2.517170766916207
2.03078664,2.501675780163931,2.517170766916207
2.031104,2.501675780163931,2.517170766916207
2.03142136,2.501675780163931,2.517170766916207
2.03173872,2.501675780163931,2.517170766916207
2.03205608,2.50073917924656,2.517170766916207
2.03237344,2.501675780163931,2.517170766916207
2.0326908,2.502612381081303,2.517170766916207
2.03300816,2.502612381081303,2.517170766916207
2.03332552,2.502612381081303,2.517170766916207
2.03364288,2.502612381081303,2.517170766916207
2.03396024,2.502612381081303,2.517170766916207
2.0342776,2.501675780163931,2.517170766916207
2.03459496,2.501675780163931,2.516234989326033
2.03491232,2.501675780163931,2.517170766916207
2.03522968,2.501675780163931,2.516234989326033
2.03554704,2.501675780163931,2.517170766916207
2.0358644,2.501675780163931,2.516234989326033
2.03618176,2.501675780163931,2.517170766916207
2.03649912,2.50073917924656,2.516234989326033
2.03681648,2.50073917924656,2.516234989326033
2.03713384,2.50073917924656,2.516234989326033
2.0374512,2.50073917924656,2.516234989326033
2.03776856,2.50073917924656,2.517170766916207
2.03808592,2.501675780163931,2.517170766916207
2.03840328,2.499802578329189,2.516234989326033
2.03872064,2.50073917924656,2.516234989326033
2.039038,2.50073917924656,2.516234989326033
2.03935536,2.501675780163931,2.517170766916207
2.03967272,2.499802578329189,2.516234989326033
2.03999008,2.50073917924656,2.516234989326033
2.04030744,2.50073917924656,2.515299211735859
2.0406248,2.50073917924656,2.516234989326033
2.04094216,2.499802578329189,2.516234989326033
2.04125952,2.501675780163931,2.517170766916207
2.04157688,2.50073917924656,2.516234989326033
2.04189424,2.50073917924656,2.517170766916207
2.0422116,2.50073917924656,2.517170766916207
2.04252896,2.50073917924656,2.516234989326033
2.04284632,2.50073917924656,2.516234989326033
2.04316368,2.50073917924656,2.516234989326033
2.04348104,2.50073917924656,2.516234989326033
2.0437984,2.50073917924656,2.516234989326033
2.04411576,2.50073917924656,2.516234989326033
2.04443312,2.50073917924656,2.516234989326033
2.04475048,2.50073917924656,2.516234989326033
2.04506784,2.50073917924656,2.516234989326033
2.0453852,2.50073917924656,2.516234989326033
2.04570256,2.499802578329189,2.516234989326033
2.04601992,2.50073917924656,2.516234989326033
2.04633728,2.50073917924656,2.516234989326033
2.04665464,2.50073917924656,2.516234989326033
2.046972,2.499802578329189,2.515299211735859
2.04728936,2.499802578329189,2.515299211735859
2.04760672,2.499802578329189,2.516234989326033
2.04792408,2.50073917924656,2.516234989326033
2.04824144,2.50073917924656,2.516234989326033
2.0485588,2.50073917924656,2.516234989326033
2.04887616,2.501675780163931,2.516234989326033
2.04919352,2.50073917924656,2.516234989326033
2.04951088,2.50073917924656,2.516234989326033
2.04982824,2.50073917924656,2.516234989326033
2.0501456,2.50073917924656,2.516234989326033
2.05046296,2.50073917924656,2.516234989326033
2.05078032,2.50073917924656,2.516234989326033
2.05109768,2.50073917924656,2.516234989326033
2.05141504,2.501675780163931,2.517170766916207
2.0517324,2.50073917924656,2.516234989326033
2.05204976,2.50073917924656,2.516234989326033
2.05236712,2.50073917924656,2.517170766916207
2.05268448,2.50073917924656,2.516234989326033
2.05300184,2.501675780163931,2.516234989326033
2.0533192,2.501675780163931,2.516234989326033
2.05363656,2.50073917924656,2.515299211735859
2.05395392,2.50073917924656,2.516234989326033
2.05427128,2.501675780163931,2.516234989326033
2.05458864,2.501675780163931,2.516234989326033
2.054906,2.501675780163931,2.516234989326033
2.05522336,2.50073917924656,2.515299211735859
2.05554072,2.50073917924656,2.516234989326033
2.05585808,2.50073917924656,2.516234989326033
2.05617544,2.50073917924656,2.516234989326033
2.0564928,2.501675780163931,2.515299211735859
2.05681016,2.50073917924656,2.516234989326033
2.05712752,2.501675780163931,2.515299211735859
2.05744488,2.501675780163931,2.516234989326033
2.05776224,2.50073917924656,2.516234989326033
2.0580796,2.50073917924656,2.516234989326033
2.05839696,2.501675780163931,2.516234989326033
2.05871432,2.50073917924656,2.516234989326033
2.05903168,2.501675780163931,2.516234989326033
2.05934904,2.501675780163931,2.517170766916207
2.0596664,2.501675780163931,2.516234989326033
2.05998376,2.501675780163931,2.516234989326033
2.06030112,2.501675780163931,2.516234989326033
2.06061848,2.501675780163931,2.516234989326033
2.06093584,2.50073917924656,2.516234989326033
2.0612532,2.501675780163931,2.516234989326033
2.06157056,2.501675780163931,2.516234989326033
2.06188792,2.501675780163931,2.516234989326033
2.06220528,2.501675780163931,2.516234989326033
2.06252264,2.501675780163931,2.516234989326033
2.06284,2.50073917924656,2.515299211735859
2.06315736,2.501675780163931,2.515299211735859
2.06347472,2.50073917924656,2.516234989326033
2.06379208,2.50073917924656,2.515299211735859
2.06410944,2.501675780163931,2.515299211735859
2.0644268,2.50073917924656,2.515299211735859
2.06474416,2.50073917924656,2.514363434145684
2.06506152,2.501675780163931,2.515299211735859
2.06537888,2.501675780163931,2.515299211735859
2.06569624,2.501675780163931,2.515299211735859
2.0660136,2.50073917924656,2.514363434145684
2.06633096,2.50073917924656,2.515299211735859
2.06664832,2.501675780163931,2.515299211735859
2.06696568,2.501675780163931,2.515299211735859
2.06728304,2.502612381081303,2.516234989326033
2.0676004,2.502612381081303,2.516234989326033
2.06791776,2.501675780163931,2.516234989326033
2.06823512,2.501675780163931,2.515299211735859
2.06855248,2.502612381081303,2.516234989326033
2.06886984,2.502612381081303,2.515299211735859
2.0691872,2.502612381081303,2.515299211735859
2.06950456,2.501675780163931,2.515299211735859
2.06982192,2.50073917924656,2.515299211735859
2.07013928,2.501675780163931,2.515299211735859
2.07045664,2.502612381081303,2.516234989326033
2.070774,2.501675780163931,2.516234989326033
2.07109136,2.501675780163931,2.516234989326033
2.07140872,2.501675780163931,2.515299211735859
2.07172608,2.501675780163931,2.515299211735859
2.07204344,2.501675780163931,2.515299211735859
2.0723608,2.502612381081303,2.516234989326033
2.07267816,2.502612381081303,2.516234989326033
2.07299552,2.502612381081303,2.516234989326033
2.07331288,2.501675780163931,2.516234989326033
2.07363024,2.502612381081303,2.516234989326033
2.0739476,2.502612381081303,2.516234989326033
2.07426496,2.502612381081303,2.516234989326033
2.07458232,2.501675780163931,2.515299211735859
2.07489968,2.502612381081303,2.516234989326033
2.07521704,2.502612381081303,2.515299211735859
2.0755344,2.501675780163931,2.515299211735859
2.07585176,2.501675780163931,2.515299211735859
2.07616912,2.501675780163931,2.515299211735859
2.07648648,2.501675780163931,2.515299211735859
2.07680384,2.501675780163931,2.515299211735859
2.0771212,2.501675780163931,2.514363434145684
2.07743856,2.50073917924656,2.514363434145684
2.07775592,2.501675780163931,2.515299211735859
2.07807328,2.501675780163931,2.515299211735859
2.07839064,2.501675780163931,2.515299211735859
2.078708,2.501675780163931,2.515299211735859
2.07902536,2.502612381081303,2.515299211735859
2.07934272,2.502612381081303,2.515299211735859
2.07966008,2.502612381081303,2.515299211735859
2.07997744,2.502612381081303,2.515299211735859
2.0802948,2.502612381081303,2.515299211735859
2.08061216,2.501675780163931,2.515299211735859
2.08092952,2.502612381081303,2.515299211735859
2.08124688,2.502612381081303,2.515299211735859
2.08156424,2.502612381081303,2.515299211735859
2.0818816,2.502612381081303,2.515299211735859
2.08219896,2.502612381081303,2.515299211735859
2.08251632,2.502612381081303,2.515299211735859
2.08283368,2.502612381081303,2.515299211735859
2.08315104,2.502612381081303,2.515299211735859
2.0834684,2.502612381081303,2.515299211735859
2.08378576,2.502612381081303,2.515299211735859
2.08410312,2.502612381081303,2.515299211735859
2.08442048,2.502612381081303,2.515299211735859
2.08473784,2.502612381081303,2.515299211735859
2.0850552,2.502612381081303,2.515299211735859
2.08537256,2.502612381081303,2.515299211735859
2.08568992,2.502612381081303,2.515299211735859
2.08600728,2.502612381081303,2.514363434145684
2.08632464,2.502612381081303,2.515299211735859
2.086642,2.502612381081303,2.514363434145684
2.08695936,2.502612381081303,2.514363434145684
2.08727672,2.502612381081303,2.514363434145684
2.08759408,2.502612381081303,2.515299211735859
2.08791144,2.503548981998673,2.515299211735859
2.0882288,2.502612381081303,2.515299211735859
2.08854616,2.502612381081303,2.515299211735859
2.08886352,2.502612381081303,2.515299211735859
2.08918088,2.502612381081303,2.514363434145684
2.08949824,2.502612381081303,2.515299211735859
2.0898156,2.502612381081303,2.515299211735859
2.09013296,2.502612381081303,2.514363434145684
2.09045032,2.502612381081303,2.515299211735859
2.09076768,2.502612381081303,2.515299211735859
2.09108504,2.503548981998673,2.515299211735859
2.0914024,2.503548981998673,2.515299211735859
2.09171976,2.504485582916045,2.515299211735859
2.09203712,2.503548981998673,2.515299211735859
2.09235448,2.503548981998673,2.515299211735859
2.09267184,2.503548981998673,2.516234989326033
2.0929892,2.503548981998673,2.516234989326033
2.09330656,2.503548981998673,2.516234989326033
2.09362392,2.503548981998673,2.515299211735859
2.09394128,2.503548981998673,2.516234989326033
2.09425864,2.503548981998673,2.516234989326033
2.094576,2.503548981998673,2.516234989326033
2.09489336,2.503548981998673,2.516234989326033
2.09521072,2.503548981998673,2.515299211735859
2.09552808,2.503548981998673,2.515299211735859
2.09584544,2.502612381081303,2.515299211735859
2.0961628,2.502612381081303,2.515299211735859
2.09648016,2.503548981998673,2.515299211735859
2.09679752,2.503548981998673,2.515299211735859
2.09711488,2.503548981998673,2.516234989326033
2.09743224,2.504485582916045,2.516234989326033
2.0977496,2.503548981998673,2.515299211735859
2.09806696,2.503548981998673,2.515299211735859
2.09838432,2.503548981998673,2.516234989326033
2.09870168,2.503548981998673,2.516234989326033
2.09901904,2.503548981998673,2.516234989326033
2.0993364,2.503548981998673,2.516234989326033
2.09965376,2.504485582916045,2.516234989326033
2.09997112,2.504485582916045,2.516234989326033
2.10028848,2.504485582916045,2.516234989326033
2.10060584,2.504485582916045,2.516234989326033
2.1009232,2.504485582916045,2.516234989326033
2.10124056,2.503548981998673,2.515299211735859
2.10155792,2.503548981998673,2.517170766916207
2.10187528,2.504485582916045,2.517170766916207
2.10219264,2.504485582916045,2.516234989326033
2.10251,2.503548981998673,2.516234989326033
2.10282736,2.503548981998673,2.516234989326033
2.10314472,2.505422183833416,2.516234989326033
2.10346208,2.505422183833416,2.517170766916207
2.10377944,2.503548981998673,2.516234989326033
2.1040968,2.504485582916045,2.517170766916207
2.10441416,2.504485582916045,2.516234989326033
2.10473152,2.505422183833416,2.516234989326033
2.10504888,2.504485582916045,2.516234989326033
2.10536624,2.505422183833416,2.516234989326033
2.1056836,2.504485582916045,2.517170766916207
2.10600096,2.504485582916045,2.516234989326033
2.10631832,2.504485582916045,2.516234989326033
2.10663568,2.504485582916045,2.516234989326033
2.10695304,2.504485582916045,2.516234989326033
2.1072704,2.504485582916045,2.515299211735859
2.10758776,2.503548981998673,2.516234989326033
2.10790512,2.505422183833416,2.517170766916207
2.10822248,2.505422183833416,2.517170766916207
2.10853984,2.503548981998673,2.516234989326033
2.1088572,2.504485582916045,2.516234989326033
2.10917456,2.504485582916045,2.516234989326033
2.10949192,2.505422183833416,2.517170766916207
2.10980928,2.505422183833416,2.516234989326033
2.11012664,2.506358784750787,2.516234989326033
2.110444,2.504485582916045,2.515299211735859
2.11076136,2.504485582916045,2.515299211735859
2.11107872,2.504485582916045,2.516234989326033
2.11139608,2.504485582916045,2.515299211735859
2.11171344,2.504485582916045,2.516234989326033
2.1120308,2.503548981998673,2.516234989326033
2.11234816,2.504485582916045,2.516234989326033
2.11266552,2.504485582916045,2.516234989326033
2.11298288,2.503548981998673,2.516234989326033
2.11330024,2.503548981998673,2.516234989326033
2.1136176,2.504485582916045,2.516234989326033
2.11393496,2.504485582916045,2.515299211735859
2.11425232,2.503548981998673,2.515299211735859
2.11456968,2.503548981998673,2.515299211735859
2.11488704,2.503548981998673,2.515299211735859
2.1152044,2.503548981998673,2.516234989326033
2.11552176,2.503548981998673,2.516234989326033
2.11583912,2.503548981998673,2.516234989326033
2.11615648,2.503548981998673,2.516234989326033
2.11647384,2.503548981998673,2.515299211735859
2.1167912,2.503548981998673,2.516234989326033
2.11710856,2.502612381081303,2.516234989326033
2.11742592,2.504485582916045,2.517170766916207
2.11774328,2.503548981998673,2.516234989326033
2.11806064,2.503548981998673,2.516234989326033
2.118378,2.503548981998673,2.516234989326033
2.11869536,2.503548981998673,2.517170766916207
2.11901272,2.502612381081303,2.516234989326033
2.11933008,2.503548981998673,2.516234989326033
2.11964744,2.502612381081303,2.516234989326033
2.1199648,2.502612381081303,2.516234989326033
2.12028216,2.502612381081303,2.515299211735859
2.12059952,2.502612381081303,2.515299211735859
2.12091688,2.503548981998673,2.516234989326033
2.12123424,2.503548981998673,2.516234989326033
2.1215516,2.502612381081303,2.516234989326033
2.12186896,2.502612381081303,2.515299211735859
2.12218632,2.503548981998673,2.516234989326033
2.12250368,2.503548981998673,2.516234989326033
2.12282104,2.502612381081303,2.516234989326033
2.1231384,2.503548981998673,2.516234989326033
2.12345576,2.502612381081303,2.516234989326033
2.12377312,2.502612381081303,2.516234989326033
2.12409048,2.502612381081303,2.516234989326033
2.12440784,2.502612381081303,2.516234989326033
2.1247252,2.503548981998673,2.516234989326033
2.12504256,2.503548981998673,2.516234989326033
2.12535992,2.503548981998673,2.517170766916207
2.12567728,2.502612381081303,2.517170766916207
2.12599464,2.502612381081303,2.517170766916207
2.126312,2.503548981998673,2.517170766916207
2.12662936,2.503548981998673,2.517170766916207
2.12694672,2.503548981998673,2.517170766916207
2.12726408,2.503548981998673,2.517170766916207
2.12758144,2.503548981998673,2.516234989326033
2.1278988,2.503548981998673,2.516234989326033
2.12821616,2.503548981998673,2.517170766916207
2.12853352,2.504485582916045,2.516234989326033
2.12885088,2.503548981998673,2.516234989326033
2.12916824,2.503548981998673,2.516234989326033
2.1294856,2.503548981998673,2.516234989326033
2.12980296,2.503548981998673,2.516234989326033
2.13012032,2.503548981998673,2.516234989326033
2.13043768,2.503548981998673,2.516234989326033
2.13075504,2.503548981998673,2.516234989326033
2.1310724,2.503548981998673,2.516234989326033
2.13138976,2.504485582916045,2.517170766916207
2.13170712,2.504485582916045,2.516234989326033
2.13202448,2.504485582916045,2.516234989326033
2.13234184,2.504485582916045,2.517170766916207
2.1326592,2.504485582916045,2.517170766916207
2.13297656,2.503548981998673,2.516234989326033
2.13329392,2.503548981998673,2.517170766916207
2.13361128,2.503548981998673,2.516234989326033
2.13392864,2.504485582916045,2.516234989326033
2.134246,2.503548981998673,2.516234989326033
2.13456336,2.503548981998673,2.516234989326033
2.13488072,2.503548981998673,2.515299211735859
2.13519808,2.503548981998673,2.516234989326033
2.13551544,2.503548981998673,2.516234989326033
2.1358328,2.503548981998673,2.516234989326033
2.13615016,2.503548981998673,2.515299211735859
2.13646752,2.502612381081303,2.515299211735859
2.13678488,2.503548981998673,2.516234989326033
2.13710224,2.503548981998673,2.515299211735859
2.1374196,2.503548981998673,2.515299211735859
2.13773696,2.503548981998673,2.515299211735859
2.13805432,2.503548981998673,2.515299211735859
2.13837168,2.503548981998673,2.515299211735859
2.13868904,2.503548981998673,2.516234989326033
2.1390064,2.503548981998673,2.516234989326033
2.13932376,2.502612381081303,2.516234989326033
2.13964112,2.504485582916045,2.515299211735859
2.13995848,2.504485582916045,2.516234989326033
2.14027584,2.504485582916045,2.516234989326033
2.1405932,2.505422183833416,2.515299211735859
2.14091056,2.504485582916045,2.515299211735859
2.14122792,2.504485582916045,2.515299211735859
2.14154528,2.503548981998673,2.515299211735859
2.14186264,2.504485582916045,2.515299211735859
2.14218,2.504485582916045,2.516234989326033
2.14249736,2.504485582916045,2.515299211735859
2.14281472,2.504485582916045,2.515299211735859
2.14313208,2.503548981998673,2.515299211735859
2.14344944,2.504485582916045,2.516234989326033
2.1437668,2.503548981998673,2.515299211735859
2.14408416,2.503548981998673,2.515299211735859
2.14440152,2.503548981998673,2.516234989326033
2.14471888,2.503548981998673,2.516234989326033
2.14503624,2.504485582916045,2.516234989326033
2.1453536,2.503548981998673,2.516234989326033
2.14567096,2.503548981998673,2.516234989326033
2.14598832,2.502612381081303,2.516234989326033
2.14630568,2.502612381081303,2.515299211735859
2.14662304,2.502612381081303,2.515299211735859
2.1469404,2.502612381081303,2.514363434145684
2.14725776,2.502612381081303,2.514363434145684
2.14757512,2.502612381081303,2.515299211735859
2.14789248,2.503548981998673,2.514363434145684
2.14820984,2.502612381081303,2.514363434145684
2.1485272,2.502612381081303,2.515299211735859
2.14884456,2.502612381081303,2.515299211735859
2.14916192,2.502612381081303,2.514363434145684
2.14947928,2.502612381081303,2.514363434145684
2.14979664,2.503548981998673,2.514363434145684
2.150114,2.502612381081303,2.515299211735859
2.15043136,2.503548981998673,2.515299211735859
2.15074872,2.503548981998673,2.515299211735859
2.15106608,2.502612381081303,2.514363434145684
2.15138344,2.503548981998673,2.515299211735859
2.1517008,2.503548981998673,2.515299211735859
2.15201816,2.503548981998673,2.515299211735859
2.15233552,2.503548981998673,2.515299211735859
2.15265288,2.503548981998673,2.515299211735859
2.15297024,2.503548981998673,2.515299211735859
2.1532876,2.504485582916045,2.516234989326033
2.15360496,2.503548981998673,2.515299211735859
2.15392232,2.503548981998673,2.515299211735859
2.15423968,2.503548981998673,2.515299211735859
2.15455704,2.503548981998673,2.515299211735859
2.1548744,2.503548981998673,2.515299211735859
2.15519176,2.503548981998673,2.515299211735859
2.15550912,2.503548981998673,2.515299211735859
2.15582648,2.503548981998673,2.515299211735859
2.15614384,2.504485582916045,2.515299211735859
2.1564612,2.503548981998673,2.515299211735859
2.15677856,2.502612381081303,2.515299211735859
2.15709592,2.502612381081303,2.515299211735859
2.15741328,2.503548981998673,2.514363434145684
2.15773064,2.504485582916045,2.515299211735859
2.158048,2.503548981998673,2.515299211735859
2.15836536,2.504485582916045,2.516234989326033
2.15868272,2.503548981998673,2.515299211735859
2.15900008,2.503548981998673,2.515299211735859
2.15931744,2.502612381081303,2.514363434145684
2.1596348,2.503548981998673,2.514363434145684
2.15995216,2.503548981998673,2.515299211735859
2.16026952,2.503548981998673,2.515299211735859
2.16058688,2.502612381081303,2.514363434145684
2.16090424,2.503548981998673,2.514363434145684
2.1612216,2.502612381081303,2.514363434145684
2.16153896,2.502612381081303,2.515299211735859
2.16185632,2.502612381081303,2.514363434145684
2.16217368,2.502612381081303,2.515299211735859
2.16249104,2.503548981998673,2.516234989326033
2.1628084,2.503548981998673,2.514363434145684
2.16312576,2.501675780163931,2.515299211735859
2.16344312,2.502612381081303,2.514363434145684
2.16376048,2.501675780163931,2.515299211735859
2.16407784,2.501675780163931,2.515299211735859
2.1643952,2.501675780163931,2.515299211735859
2.16471256,2.502612381081303,2.515299211735859
2.16502992,2.501675780163931,2.515299211735859
2.16534728,2.501675780163931,2.515299211735859
2.16566464,2.501675780163931,2.515299211735859
2.165982,2.502612381081303,2.515299211735859
2.16629936,2.502612381081303,2.515299211735859
2.16661672,2.502612381081303,2.515299211735859
2.16693408,2.502612381081303,2.515299211735859
2.16725144,2.502612381081303,2.515299211735859
2.1675688,2.503548981998673,2.515299211735859
2.16788616,2.502612381081303,2.515299211735859
2.16820352,2.503548981998673,2.515299211735859
2.16852088,2.503548981998673,2.515299211735859
2.16883824,2.503548981998673,2.516234989326033
2.1691556,2.503548981998673,2.516234989326033
2.16947296,2.503548981998673,2.515299211735859
2.16979032,2.503548981998673,2.515299211735859
2.17010768,2.503548981998673,2.516234989326033
2.17042504,2.502612381081303,2.515299211735859
2.1707424,2.502612381081303,2.515299211735859
2.17105976,2.502612381081303,2.515299211735859
2.17137712,2.503548981998673,2.514363434145684
2.17169448,2.503548981998673,2.515299211735859
2.17201184,2.503548981998673,2.514363434145684
2.1723292,2.503548981998673,2.515299211735859
2.17264656,2.502612381081303,2.514363434145684
2.17296392,2.503548981998673,2.515299211735859
2.17328128,2.503548981998673,2.514363434145684
2.17359864,2.502612381081303,2.514363434145684
2.173916,2.503548981998673,2.514363434145684
2.17423336,2.502612381081303,2.515299211735859
2.17455072,2.502612381081303,2.514363434145684
2.17486808,2.503548981998673,2.515299211735859
2.17518544,2.502612381081303,2.514363434145684
2.1755028,2.502612381081303,2.515299211735859
2.17582016,2.502612381081303,2.514363434145684
2.17613752,2.502612381081303,2.514363434145684
2.17645488,2.502612381081303,2.514363434145684
2.17677224,2.502612381081303,2.515299211735859
2.1770896,2.502612381081303,2.514363434145684
2.17740696,2.502612381081303,2.514363434145684
2.17772432,2.502612381081303,2.514363434145684
2.17804168,2.502612381081303,2.51342765655551
2.17835904,2.502612381081303,2.51342765655551
2.1786764,2.501675780163931,2.514363434145684
2.17899376,2.502612381081303,2.514363434145684
2.17931112,2.502612381081303,2.514363434145684
2.17962848,2.502612381081303,2.514363434145684
2.17994584,2.502612381081303,2.514363434145684
2.1802632,2.502612381081303,2.515299211735859
2.18058056,2.502612381081303,2.515299211735859
2.18089792,2.503548981998673,2.515299211735859
2.18121528,2.503548981998673,2.515299211735859
2.18153264,2.503548981998673,2.515299211735859
2.18185,2.502612381081303,2.514363434145684
2.18216736,2.503548981998673,2.514363434145684
2.18248472,2.503548981998673,2.515299211735859
2.18280208,2.503548981998673,2.515299211735859
2.18311944,2.503548981998673,2.515299211735859
2.1834368,2.503548981998673,2.515299211735859
2.18375416,2.503548981998673,2.515299211735859
2.18407152,2.503548981998673,2.515299211735859
2.18438888,2.503548981998673,2.515299211735859
2.18470624,2.503548981998673,2.514363434145684
2.1850236,2.503548981998673,2.514363434145684
2.18534096,2.503548981998673,2.514363434145684
2.18565832,2.502612381081303,2.514363434145684
2.18597568,2.504485582916045,2.514363434145684
2.18629304,2.503548981998673,2.514363434145684
2.1866104,2.503548981998673,2.514363434145684
2.18692776,2.503548981998673,2.514363434145684
2.18724512,2.503548981998673,2.51342765655551
2.18756248,2.502612381081303,2.514363434145684
2.18787984,2.503548981998673,2.514363434145684
2.1881972,2.503548981998673,2.515299211735859
2.18851456,2.503548981998673,2.514363434145684
2.18883192,2.504485582916045,2.515299211735859
2.18914928,2.503548981998673,2.515299211735859
2.18946664,2.502612381081303,2.514363434145684
2.189784,2.503548981998673,2.514363434145684
2.19010136,2.503548981998673,2.515299211735859
2.19041872,2.502612381081303,2.515299211735859
2.19073608,2.502612381081303,2.515299211735859
2.19105344,2.502612381081303,2.514363434145684
2.1913708,2.503548981998673,2.514363434145684
2.19168816,2.503548981998673,2.515299211735859
2.19200552,2.502612381081303,2.514363434145684
2.19232288,2.502612381081303,2.514363434145684
2.19264024,2.502612381081303,2.514363434145684
2.1929576,2.502612381081303,2.514363434145684
2.19327496,2.502612381081303,2.514363434145684
2.19359232,2.502612381081303,2.514363434145684
2.19390968,2.503548981998673,2.514363434145684
2.19422704,2.502612381081303,2.51342765655551
2.1945444,2.503548981998673,2.51342765655551
2.19486176,2.503548981998673,2.512491878965336
2.19517912,2.503548981998673,2.51342765655551
2.19549648,2.504485582916045,2.51342765655551
2.19581384,2.503548981998673,2.51342765655551
2.1961312,2.503548981998673,2.51342765655551
2.19644856,2.503548981998673,2.51342765655551
2.19676592,2.502612381081303,2.51342765655551
2.19708328,2.503548981998673,2.51342765655551
2.19740064,2.502612381081303,2.51342765655551
2.197718,2.502612381081303,2.51342765655551
2.19803536,2.502612381081303,2.51342765655551
2.19835272,2.502612381081303,2.51342765655551
2.19867008,2.502612381081303,2.51342765655551
2.19898744,2.503548981998673,2.514363434145684
2.1993048,2.502612381081303,2.51342765655551
2.19962216,2.503548981998673,2.51342765655551
2.19993952,2.503548981998673,2.51342765655551
2.20025688,2.502612381081303,2.51342765655551
2.20057424,2.502612381081303,2.512491878965336
2.2008916,2.502612381081303,2.512491878965336
2.20120896,2.502612381081303,2.512491878965336
2.20152632,2.502612381081303,2.512491878965336
2.20184368,2.503548981998673,2.51342765655551
2.20216104,2.502612381081303,2.51342765655551
2.2024784,2.502612381081303,2.514363434145684
2.20279576,2.502612381081303,2.514363434145684
2.20311312,2.503548981998673,2.512491878965336
2.20343048,2.503548981998673,2.514363434145684
2.20374784,2.503548981998673,2.514363434145684
2.2040652,2.503548981998673,2.514363434145684
2.20438256,2.503548981998673,2.514363434145684
2.20469992,2.502612381081303,2.514363434145684
2.20501728,2.503548981998673,2.514363434145684
2.20533464,2.503548981998673,2.514363434145684
2.205652,2.503548981998673,2.514363434145684
2.20596936,2.503548981998673,2.514363434145684
2.20628672,2.503548981998673,2.514363434145684
2.20660408,2.503548981998673,2.51342765655551
2.20692144,2.503548981998673,2.51342765655551
2.2072388,2.503548981998673,2.51342765655551
2.20755616,2.502612381081303,2.514363434145684
2.20787352,2.502612381081303,2.514363434145684
2.20819088,2.503548981998673,2.514363434145684
2.20850824,2.504485582916045,2.514363434145684
2.2088256,2.503548981998673,2.51342765655551
2.20914296,2.503548981998673,2.514363434145684
2.20946032,2.503548981998673,2.514363434145684
2.20977768,2.503548981998673,2.514363434145684
2.21009504,2.503548981998673,2.514363434145684
2.2104124,2.503548981998673,2.514363434145684
2.21072976,2.503548981998673,2.514363434145684
2.21104712,2.504485582916045,2.51342765655551
2.21136448,2.503548981998673,2.51342765655551
2.21168184,2.504485582916045,2.51342765655551
2.2119992,2.504485582916045,2.51342765655551
2.21231656,2.503548981998673,2.514363434145684
2.21263392,2.504485582916045,2.514363434145684
2.21295128,2.503548981998673,2.514363434145684
2.21326864,2.503548981998673,2.514363434145684
2.213586,2.503548981998673,2.51342765655551
2.21390336,2.503548981998673,2.51342765655551
2.21422072,2.503548981998673,2.514363434145684
2.21453808,2.503548981998673,2.514363434145684
2.21485544,2.502612381081303,2.51342765655551
2.2151728,2.503548981998673,2.514363434145684
2.21549016,2.503548981998673,2.514363434145684
2.21580752,2.503548981998673,2.514363434145684
2.21612488,2.503548981998673,2.51342765655551
2.21644224,2.503548981998673,2.514363434145684
2.2167596,2.503548981998673,2.51342765655551
2.21707696,2.504485582916045,2.51342765655551
2.21739432,2.503548981998673,2.51342765655551
2.21771168,2.503548981998673,2.51342765655551
2.21802904,2.503548981998673,2.51342765655551
2.2183464,2.503548981998673,2.51342765655551
2.21866376,2.503548981998673,2.51342765655551
2.21898112,2.503548981998673,2.514363434145684
2.21929848,2.503548981998673,2.514363434145684
2.21961584,2.502612381081303,2.51342765655551
2.2199332,2.504485582916045,2.51342765655551
2.22025056,2.503548981998673,2.514363434145684
2.22056792,2.504485582916045,2.514363434145684
2.22088528,2.503548981998673,2.512491878965336
2.22120264,2.503548981998673,2.514363434145684
2.22152,2.504485582916045,2.514363434145684
2.22183736,2.503548981998673,2.51342765655551
2.22215472,2.504485582916045,2.514363434145684
2.22247208,2.503548981998673,2.514363434145684
2.22278944,2.503548981998673,2.514363434145684
2.2231068,2.504485582916045,2.514363434145684
2.22342416,2.503548981998673,2.514363434145684
2.22374152,2.504485582916045,2.514363434145684
2.22405888,2.504485582916045,2.514363434145684
2.22437624,2.503548981998673,2.514363434145684
2.2246936,2.504485582916045,2.514363434145684
2.22501096,2.504485582916045,2.514363434145684
2.22532832,2.503548981998673,2.51342765655551
2.22564568,2.503548981998673,2.514363434145684
2.22596304,2.503548981998673,2.51342765655551
2.2262804,2.503548981998673,2.51342765655551
2.22659776,2.503548981998673,2.51342765655551
2.22691512,2.503548981998673,2.51342765655551
2.22723248,2.502612381081303,2.514363434145684
2.22754984,2.502612381081303,2.51342765655551
2.2278672,2.503548981998673,2.514363434145684
2.22818456,2.505422183833416,2.51342765655551
2.22850192,2.504485582916045,2.51342765655551
2.22881928,2.504485582916045,2.514363434145684
2.22913664,2.503548981998673,2.514363434145684
2.229454,2.503548981998673,2.514363434145684
2.22977136,2.504485582916045,2.514363434145684
2.23008872,2.503548981998673,2.514363434145684
2.23040608,2.503548981998673,2.514363434145684
2.23072344,2.504485582916045,2.514363434145684
2.2310408,2.503548981998673,2.514363434145684
2.23135816,2.503548981998673,2.514363434145684
2.23167552,2.504485582916045,2.51342765655551
2.23199288,2.503548981998673,2.514363434145684
2.23231024,2.503548981998673,2.514363434145684
2.2326276,2.503548981998673,2.514363434145684
2.23294496,2.503548981998673,2.514363434145684
2.23326232,2.503548981998673,2.514363434145684
2.23357968,2.502612381081303,2.51342765655551
2.23389704,2.503548981998673,2.51342765655551
2.2342144,2.503548981998673,2.51342765655551
2.23453176,2.503548981998673,2.514363434145684
2.23484912,2.502612381081303,2.51342765655551
2.23516648,2.503548981998673,2.514363434145684
2.23548384,2.502612381081303,2.514363434145684
2.2358012,2.503548981998673,2.514363434145684
2.23611856,2.502612381081303,2.51342765655551
2.23643592,2.502612381081303,2.514363434145684
2.23675328,2.503548981998673,2.514363434145684
2.23707064,2.503548981998673,2.51342765655551
2.237388,2.503548981998673,2.514363434145684
2.23770536,2.503548981998673,2.51342765655551
2.23802272,2.504485582916045,2.514363434145684
2.23834008,2.503548981998673,2.514363434145684
2.23865744,2.504485582916045,2.514363434145684
2.2389748,2.504485582916045,2.514363434145684
2.23929216,2.505422183833416,2.514363434145684
2.23960952,2.504485582916045,2.514363434145684
2.23992688,2.504485582916045,2.51342765655551
2.24024424,2.505422183833416,2.514363434145684
2.2405616,2.505422183833416,2.514363434145684
2.24087896,2.505422183833416,2.515299211735859
2.24119632,2.505422183833416,2.514363434145684
2.24151368,2.505422183833416,2.514363434145684
2.24183104,2.506358784750787,2.515299211735859
2.2421484,2.506358784750787,2.515299211735859
2.24246576,2.505422183833416,2.515299211735859
2.24278312,2.505422183833416,2.514363434145684
2.24310048,2.506358784750787,2.515299211735859
2.24341784,2.504485582916045,2.514363434145684
2.2437352,2.504485582916045,2.514363434145684
2.24405256,2.505422183833416,2.51342765655551
2.24436992,2.505422183833416,2.51342765655551
2.24468728,2.505422183833416,2.51342765655551
2.24500464,2.503548981998673,2.512491878965336
2.245322,2.504485582916045,2.51342765655551
2.24563936,2.505422183833416,2.51342765655551
2.24595672,2.503548981998673,2.51342765655551
2.24627408,2.504485582916045,2.514363434145684
2.24659144,2.505422183833416,2.514363434145684
2.2469088,2.504485582916045,2.514363434145684
2.24722616,2.504485582916045,2.514363434145684
2.24754352,2.503548981998673,2.514363434145684
2.24786088,2.504485582916045,2.515299211735859
2.24817824,2.505422183833416,2.515299211735859
2.2484956,2.504485582916045,2.515299211735859
2.24881296,2.505422183833416,2.514363434145684
2.24913032,2.505422183833416,2.515299211735859
2.24944768,2.505422183833416,2.515299211735859
2.24976504,2.504485582916045,2.514363434145684
2.2500824,2.504485582916045,2.514363434145684
2.25039976,2.504485582916045,2.514363434145684
2.25071712,2.504485582916045,2.514363434145684
2.25103448,2.505422183833416,2.514363434145684
2.25135184,2.505422183833416,2.514363434145684
2.2516692,2.505422183833416,2.514363434145684
2.25198656,2.504485582916045,2.514363434145684
2.25230392,2.503548981998673,2.514363434145684
2.25262128,2.503548981998673,2.514363434145684
2.25293864,2.505422183833416,2.515299211735859
2.253256,2.505422183833416,2.514363434145684
2.25357336,2.505422183833416,2.514363434145684
2.25389072,2.504485582916045,2.514363434145684
2.25420808,2.503548981998673,2.51342765655551
2.25452544,2.504485582916045,2.514363434145684
2.2548428,2.504485582916045,2.514363434145684
2.25516016,2.504485582916045,2.514363434145684
2.25547752,2.504485582916045,2.515299211735859
2.25579488,2.503548981998673,2.514363434145684
2.25611224,2.504485582916045,2.514363434145684
2.2564296,2.504485582916045,2.514363434145684
2.25674696,2.503548981998673,2.514363434145684
2.25706432,2.503548981998673,2.514363434145684
2.25738168,2.504485582916045,2.515299211735859
2.25769904,2.504485582916045,2.515299211735859
2.2580164,2.505422183833416,2.514363434145684
2.25833376,2.505422183833416,2.515299211735859
2.25865112,2.505422183833416,2.515299211735859
2.25896848,2.505422183833416,2.515299211735859
2.25928584,2.505422183833416,2.515299211735859
2.2596032,2.504485582916045,2.515299211735859
2.25992056,2.505422183833416,2.514363434145684
2.26023792,2.504485582916045,2.515299211735859
2.26055528,2.503548981998673,2.514363434145684
2.26087264,2.503548981998673,2.51342765655551
2.26119,2.503548981998673,2.514363434145684
2.26150736,2.504485582916045,2.514363434145684
2.26182472,2.504485582916045,2.514363434145684
2.26214208,2.504485582916045,2.514363434145684
2.26245944,2.504485582916045,2.515299211735859
2.2627768,2.503548981998673,2.515299211735859
2.26309416,2.504485582916045,2.515299211735859
2.26341152,2.504485582916045,2.515299211735859
2.26372888,2.504485582916045,2.515299211735859
2.26404624,2.504485582916045,2.515299211735859
2.2643636,2.504485582916045,2.515299211735859
2.26468096,2.504485582916045,2.514363434145684
2.26499832,2.503548981998673,2.514363434145684
2.26531568,2.504485582916045,2.514363434145684
2.26563304,2.505422183833416,2.514363434145684
2.2659504,2.504485582916045,2.515299211735859
2.26626776,2.503548981998673,2.515299211735859
2.26658512,2.504485582916045,2.515299211735859
2.26690248,2.504485582916045,2.515299211735859
2.26721984,2.503548981998673,2.515299211735859
2.2675372,2.504485582916045,2.515299211735859
2.26785456,2.505422183833416,2.515299211735859
2.26817192,2.503548981998673,2.514363434145684
2.26848928,2.503548981998673,2.514363434145684
2.26880664,2.504485582916045,2.515299211735859
2.269124,2.504485582916045,2.515299211735859
2.26944136,2.503548981998673,2.514363434145684
2.26975872,2.505422183833416,2.515299211735859
2.27007608,2.504485582916045,2.515299211735859
2.27039344,2.503548981998673,2.515299211735859
2.2707108,2.504485582916045,2.515299211735859
2.27102816,2.505422183833416,2.515299211735859
2.27134552,2.504485582916045,2.514363434145684
2.27166288,2.504485582916045,2.514363434145684
2.27198024,2.504485582916045,2.514363434145684
2.2722976,2.504485582916045,2.514363434145684
2.27261496,2.503548981998673,2.514363434145684
2.27293232,2.504485582916045,2.514363434145684
2.27324968,2.504485582916045,2.514363434145684
2.27356704,2.504485582916045,2.514363434145684
2.2738844,2.505422183833416,2.514363434145684
2.27420176,2.505422183833416,2.514363434145684
2.27451912,2.504485582916045,2.514363434145684
2.27483648,2.504485582916045,2.51342765655551
2.27515384,2.504485582916045,2.514363434145684
2.2754712,2.504485582916045,2.514363434145684
2.27578856,2.504485582916045,2.514363434145684
2.27610592,2.503548981998673,2.51342765655551
2.27642328,2.504485582916045,2.514363434145684
2.27674064,2.504485582916045,2.514363434145684
2.277058,2.504485582916045,2.514363434145684
2.27737536,2.504485582916045,2.514363434145684
2.27769272,2.504485582916045,2.514363434145684
2.27801008,2.503548981998673,2.514363434145684
2.27832744,2.504485582916045,2.514363434145684
2.2786448,2.504485582916045,2.514363434145684
2.27896216,2.504485582916045,2.515299211735859
2.27927952,2.505422183833416,2.515299211735859
2.27959688,2.503548981998673,2.515299211735859
2.27991424,2.502612381081303,2.514363434145684
2.2802316,2.502612381081303,2.514363434145684
2.28054896,2.502612381081303,2.514363434145684
2.28086632,2.503548981998673,2.514363434145684
2.28118368,2.503548981998673,2.514363434145684
2.28150104,2.503548981998673,2.514363434145684
2.2818184,2.504485582916045,2.514363434145684
2.28213576,2.503548981998673,2.515299211735859
2.28245312,2.503548981998673,2.515299211735859
2.28277048,2.503548981998673,2.514363434145684
2.28308784,2.504485582916045,2.515299211735859
2.2834052,2.504485582916045,2.515299211735859
2.28372256,2.504485582916045,2.515299211735859
2.28403992,2.504485582916045,2.515299211735859
2.28435728,2.505422183833416,2.515299211735859
2.28467464,2.505422183833416,2.515299211735859
2.284992,2.504485582916045,2.515299211735859
2.28530936,2.504485582916045,2.515299211735859
2.28562672,2.504485582916045,2.515299211735859
2.28594408,2.504485582916045,2.514363434145684
2.28626144,2.505422183833416,2.515299211735859
2.2865788,2.505422183833416,2.515299211735859
2.28689616,2.505422183833416,2.514363434145684
2.28721352,2.505422183833416,2.514363434145684
2.28753088,2.505422183833416,2.515299211735859
2.28784824,2.505422183833416,2.515299211735859
2.2881656,2.504485582916045,2.515299211735859
2.28848296,2.505422183833416,2.516234989326033
2.28880032,2.505422183833416,2.516234989326033
2.28911768,2.504485582916045,2.516234989326033
2.28943504,2.504485582916045,2.515299211735859
2.2897524,2.504485582916045,2.515299211735859
2.29006976,2.503548981998673,2.515299211735859
2.29038712,2.504485582916045,2.515299211735859
2.29070448,2.504485582916045,2.515299211735859
2.29102184,2.504485582916045,2.515299211735859
2.2913392,2.504485582916045,2.515299211735859
2.29165656,2.504485582916045,2.514363434145684
2.29197392,2.503548981998673,2.514363434145684
2.29229128,2.503548981998673,2.514363434145684
2.29260864,2.503548981998673,2.51342765655551
2.292926,2.503548981998673,2.514363434145684
2.29324336,2.503548981998673,2.514363434145684
2.29356072,2.503548981998673,2.515299211735859
2.29387808,2.503548981998673,2.514363434145684
2.29419544,2.504485582916045,2.515299211735859
2.2945128,2.503548981998673,2.515299211735859
2.29483016,2.505422183833416,2.515299211735859
2.29514752,2.503548981998673,2.515299211735859
2.29546488,2.504485582916045,2.515299211735859
2.29578224,2.503548981998673,2.514363434145684
2.2960996,2.504485582916045,2.514363434145684
2.29641696,2.504485582916045,2.514363434145684
2.29673432,2.504485582916045,2.514363434145684
2.29705168,2.504485582916045,2.514363434145684
2.29736904,2.503548981998673,2.515299211735859
2.2976864,2.504485582916045,2.515299211735859
2.29800376,2.505422183833416,2.515299211735859
2.29832112,2.504485582916045,2.514363434145684
2.29863848,2.505422183833416,2.515299211735859
2.29895584,2.506358784750787,2.516234989326033
2.2992732,2.505422183833416,2.515299211735859
2.29959056,2.505422183833416,2.515299211735859
2.29990792,2.505422183833416,2.515299211735859
2.30022528,2.504485582916045,2.516234989326033
2.30054264,2.504485582916045,2.515299211735859
2.30086,2.505422183833416,2.515299211735859
2.30117736,2.505422183833416,2.516234989326033
2.30149472,2.505422183833416,2.516234989326033
2.30181208,2.504485582916045,2.515299211735859
2.30212944,2.504485582916045,2.516234989326033
2.3024468,2.505422183833416,2.516234989326033
2.30276416,2.505422183833416,2.516234989326033
2.30308152,2.505422183833416,2.515299211735859
2.30339888,2.505422183833416,2.515299211735859
2.30371624,2.505422183833416,2.515299211735859
2.3040336,2.505422183833416,2.516234989326033
2.30435096,2.505422183833416,2.516234989326033
2.30466832,2.505422183833416,2.516234989326033
2.30498568,2.505422183833416,2.516234989326033
2.30530304,2.505422183833416,2.517170766916207
2.3056204,2.505422183833416,2.517170766916207
2.30593776,2.506358784750787,2.517170766916207
2.30625512,2.506358784750787,2.516234989326033
2.30657248,2.506358784750787,2.516234989326033
2.30688984,2.505422183833416,2.516234989326033
2.3072072,2.504485582916045,2.516234989326033
2.30752456,2.505422183833416,2.516234989326033
2.30784192,2.505422183833416,2.516234989326033
2.30815928,2.506358784750787,2.516234989326033
2.30847664,2.505422183833416,2.516234989326033
2.308794,2.505422183833416,2.516234989326033
2.30911136,2.505422183833416,2.515299211735859
2.30942872,2.505422183833416,2.516234989326033
2.30974608,2.505422183833416,2.517170766916207
2.31006344,2.505422183833416,2.517170766916207
2.3103808,2.506358784750787,2.517170766916207
2.31069816,2.505422183833416,2.517170766916207
2.31101552,2.504485582916045,2.516234989326033
2.31133288,2.505422183833416,2.516234989326033
2.31165024,2.505422183833416,2.516234989326033
2.3119676,2.506358784750787,2.517170766916207
2.31228496,2.506358784750787,2.517170766916207
2.31260232,2.505422183833416,2.517170766916207
2.31291968,2.506358784750787,2.517170766916207
2.31323704,2.506358784750787,2.517170766916207
2.3135544,2.505422183833416,2.517170766916207
2.31387176,2.506358784750787,2.517170766916207
2.31418912,2.507295385668158,2.518106544506382
2.31450648,2.506358784750787,2.517170766916207
2.31482384,2.506358784750787,2.518106544506382
2.3151412,2.505422183833416,2.517170766916207
2.31545856,2.505422183833416,2.516234989326033
2.31577592,2.506358784750787,2.517170766916207
2.31609328,2.506358784750787,2.517170766916207
2.31641064,2.505422183833416,2.517170766916207
2.316728,2.506358784750787,2.517170766916207
2.31704536,2.506358784750787,2.518106544506382
2.31736272,2.506358784750787,2.518106544506382
2.31768008,2.506358784750787,2.517170766916207
2.31799744,2.506358784750787,2.517170766916207
2.3183148,2.505422183833416,2.517170766916207
2.31863216,2.505422183833416,2.517170766916207
2.31894952,2.504485582916045,2.517170766916207
2.31926688,2.504485582916045,2.516234989326033
2.31958424,2.505422183833416,2.516234989326033
2.3199016,2.505422183833416,2.516234989326033
2.32021896,2.504485582916045,2.517170766916207
2.32053632,2.505422183833416,2.517170766916207
2.32085368,2.504485582916045,2.517170766916207
2.32117104,2.504485582916045,2.517170766916207
2.3214884,2.505422183833416,2.517170766916207
2.32180576,2.504485582916045,2.517170766916207
2.32212312,2.504485582916045,2.517170766916207
2.32244048,2.505422183833416,2.517170766916207
2.32275784,2.505422183833416,2.517170766916207
2.3230752,2.505422183833416,2.517170766916207
2.32339256,2.504485582916045,2.517170766916207
2.32370992,2.504485582916045,2.516234989326033
2.32402728,2.504485582916045,2.516234989326033
2.32434464,2.504485582916045,2.516234989326033
2.324662,2.505422183833416,2.517170766916207
2.32497936,2.505422183833416,2.517170766916207
2.32529672,2.504485582916045,2.516234989326033
2.32561408,2.504485582916045,2.516234989326033
2.32593144,2.505422183833416,2.516234989326033
2.3262488,2.505422183833416,2.516234989326033
2.32656616,2.505422183833416,2.517170766916207
2.32688352,2.505422183833416,2.517170766916207
2.32720088,2.504485582916045,2.516234989326033
2.32751824,2.503548981998673,2.516234989326033
2.3278356,2.505422183833416,2.516234989326033
2.32815296,2.505422183833416,2.517170766916207
2.32847032,2.505422183833416,2.517170766916207
2.32878768,2.505422183833416,2.516234989326033
2.32910504,2.505422183833416,2.517170766916207
2.3294224,2.505422183833416,2.517170766916207
2.32973976,2.505422183833416,2.516234989326033
2.33005712,2.505422183833416,2.516234989326033
2.33037448,2.504485582916045,2.516234989326033
2.33069184,2.504485582916045,2.516234989326033
2.3310092,2.505422183833416,2.516234989326033
2.33132656,2.505422183833416,2.516234989326033
2.33164392,2.505422183833416,2.516234989326033
2.33196128,2.504485582916045,2.515299211735859
2.33227864,2.505422183833416,2.515299211735859
2.332596,2.503548981998673,2.516234989326033
2.33291336,2.504485582916045,2.516234989326033
2.33323072,2.504485582916045,2.516234989326033
2.33354808,2.504485582916045,2.516234989326033
2.33386544,2.504485582916045,2.517170766916207
2.3341828,2.504485582916045,2.517170766916207
2.33450016,2.503548981998673,2.517170766916207
2.33481752,2.503548981998673,2.517170766916207
2.33513488,2.504485582916045,2.517170766916207
2.33545224,2.504485582916045,2.517170766916207
2.3357696,2.504485582916045,2.516234989326033
2.33608696,2.505422183833416,2.517170766916207
2.33640432,2.505422183833416,2.517170766916207
2.33672168,2.504485582916045,2.517170766916207
2.33703904,2.505422183833416,2.516234989326033
2.3373564,2.504485582916045,2.516234989326033
2.33767376,2.505422183833416,2.516234989326033
2.33799112,2.504485582916045,2.516234989326033
2.33830848,2.503548981998673,2.516234989326033
2.33862584,2.504485582916045,2.517170766916207
2.3389432,2.504485582916045,2.517170766916207
2.33926056,2.505422183833416,2.517170766916207
2.33957792,2.505422183833416,2.516234989326033
2.33989528,2.505422183833416,2.517170766916207
2.34021264,2.504485582916045,2.517170766916207
2.34053,2.505422183833416,2.517170766916207
2.34084736,2.505422183833416,2.517170766916207
2.34116472,2.505422183833416,2.517170766916207
2.34148208,2.504485582916045,2.517170766916207
2.34179944,2.505422183833416,2.517170766916207
2.3421168,2.505422183833416,2.517170766916207
2.34243416,2.504485582916045,2.517170766916207
2.34275152,2.503548981998673,2.516234989326033
2.34306888,2.504485582916045,2.516234989326033
2.34338624,2.504485582916045,2.517170766916207
2.3437036,2.504485582916045,2.517170766916207
2.34402096,2.505422183833416,2.517170766916207
2.34433832,2.504485582916045,2.516234989326033
2.34465568,2.504485582916045,2.516234989326033
2.34497304,2.504485582916045,2.516234989326033
2.3452904,2.503548981998673,2.517170766916207
2.34560776,2.503548981998673,2.516234989326033
2.34592512,2.503548981998673,2.516234989326033
2.34624248,2.503548981998673,2.516234989326033
2.34655984,2.504485582916045,2.517170766916207
2.3468772,2.503548981998673,2.517170766916207
2.34719456,2.503548981998673,2.517170766916207
2.34751192,2.504485582916045,2.517170766916207
2.34782928,2.503548981998673,2.516234989326033
2.34814664,2.503548981998673,2.516234989326033
2.348464,2.503548981998673,2.517170766916207
2.34878136,2.504485582916045,2.516234989326033
2.34909872,2.504485582916045,2.516234989326033
2.34941608,2.504485582916045,2.516234989326033
2.34973344,2.504485582916045,2.516234989326033
2.3500508,2.504485582916045,2.516234989326033
2.35036816,2.503548981998673,2.516234989326033
2.35068552,2.503548981998673,2.516234989326033
2.35100288,2.504485582916045,2.516234989326033
2.35132024,2.505422183833416,2.516234989326033
2.3516376,2.505422183833416,2.516234989326033
2.35195496,2.504485582916045,2.516234989326033
2.35227232,2.504485582916045,2.516234989326033
2.35258968,2.503548981998673,2.516234989326033
2.35290704,2.505422183833416,2.516234989326033
2.3532244,2.504485582916045,2.516234989326033
2.35354176,2.505422183833416,2.516234989326033
2.35385912,2.504485582916045,2.516234989326033
2.35417648,2.504485582916045,2.516234989326033
2.35449384,2.504485582916045,2.516234989326033
2.3548112,2.504485582916045,2.516234989326033
2.35512856,2.504485582916045,2.516234989326033
2.35544592,2.504485582916045,2.517170766916207
2.35576328,2.503548981998673,2.516234989326033
2.35608064,2.504485582916045,2.517170766916207
2.356398,2.505422183833416,2.516234989326033
2.35671536,2.504485582916045,2.516234989326033
2.35703272,2.504485582916045,2.516234989326033
2.35735008,2.503548981998673,2.516234989326033
2.35766744,2.503548981998673,2.516234989326033
2.3579848,2.503548981998673,2.516234989326033
2.35830216,2.503548981998673,2.515299211735859
2.35861952,2.503548981998673,2.516234989326033
2.35893688,2.503548981998673,2.516234989326033
2.35925424,2.503548981998673,2.516234989326033
2.3595716,2.503548981998673,2.516234989326033
2.35988896,2.504485582916045,2.516234989326033
2.36020632,2.504485582916045,2.517170766916207
2.36052368,2.504485582916045,2.517170766916207
2.36084104,2.503548981998673,2.516234989326033
2.3611584,2.505422183833416,2.516234989326033
2.36147576,2.505422183833416,2.516234989326033
2.36179312,2.504485582916045,2.517170766916207
2.36211048,2.504485582916045,2.516234989326033
2.36242784,2.505422183833416,2.516234989326033
2.3627452,2.504485582916045,2.516234989326033
2.36306256,2.504485582916045,2.516234989326033
2.36337992,2.504485582916045,2.516234989326033
2.36369728,2.505422183833416,2.516234989326033
2.36401464,2.504485582916045,2.516234989326033
2.364332,2.503548981998673,2.516234989326033
2.36464936,2.504485582916045,2.516234989326033
2.36496672,2.503548981998673,2.516234989326033
2.36528408,2.503548981998673,2.516234989326033
2.36560144,2.503548981998673,2.516234989326033
2.3659188,2.503548981998673,2.516234989326033
2.36623616,2.503548981998673,2.516234989326033
2.36655352,2.503548981998673,2.516234989326033
2.36687088,2.505422183833416,2.517170766916207
2.36718824,2.504485582916045,2.516234989326033
2.3675056,2.504485582916045,2.516234989326033
2.36782296,2.505422183833416,2.516234989326033
2.36814032,2.504485582916045,2.516234989326033
2.36845768,2.502612381081303,2.516234989326033
2.36877504,2.503548981998673,2.515299211735859
2.3690924,2.504485582916045,2.516234989326033
2.36940976,2.504485582916045,2.516234989326033
2.36972712,2.505422183833416,2.516234989326033
2.37004448,2.504485582916045,2.516234989326033
2.37036184,2.503548981998673,2.516234989326033
2.3706792,2.504485582916045,2.516234989326033
2.37099656,2.505422183833416,2.516234989326033
2.37131392,2.503548981998673,2.516234989326033
2.37163128,2.504485582916045,2.516234989326033
2.37194864,2.503548981998673,2.516234989326033
2.372266,2.504485582916045,2.516234989326033
2.37258336,2.505422183833416,2.516234989326033
2.37290072,2.504485582916045,2.516234989326033
2.37321808,2.504485582916045,2.516234989326033
2.37353544,2.504485582916045,2.516234989326033
2.3738528,2.505422183833416,2.516234989326033
2.37417016,2.504485582916045,2.516234989326033
2.37448752,2.504485582916045,2.516234989326033
2.37480488,2.504485582916045,2.516234989326033
2.37512224,2.504485582916045,2.516234989326033
2.3754396,2.505422183833416,2.515299211735859
2.37575696,2.505422183833416,2.516234989326033
2.37607432,2.505422183833416,2.516234989326033
2.37639168,2.504485582916045,2.516234989326033
2.37670904,2.504485582916045,2.516234989326033
2.3770264,2.505422183833416,2.516234989326033
2.37734376,2.506358784750787,2.516234989326033
2.37766112,2.505422183833416,2.516234989326033
2.37797848,2.503548981998673,2.516234989326033
2.37829584,2.505422183833416,2.516234989326033
2.3786132,2.505422183833416,2.516234989326033
2.37893056,2.505422183833416,2.516234989326033
2.37924792,2.504485582916045,2.516234989326033
2.37956528,2.503548981998673,2.516234989326033
2.37988264,2.504485582916045,2.516234989326033
2.3802,2.504485582916045,2.516234989326033
2.38051736,2.505422183833416,2.516234989326033
2.38083472,2.503548981998673,2.516234989326033
2.38115208,2.504485582916045,2.516234989326033
2.38146944,2.503548981998673,2.515299211735859
2.3817868,2.503548981998673,2.515299211735859
2.38210416,2.503548981998673,2.515299211735859
2.38242152,2.503548981998673,2.516234989326033
2.38273888,2.503548981998673,2.515299211735859
2.38305624,2.503548981998673,2.516234989326033
2.3833736,2.502612381081303,2.516234989326033
2.38369096,2.502612381081303,2.516234989326033
2.38400832,2.502612381081303,2.515299211735859
2.38432568,2.502612381081303,2.516234989326033
2.38464304,2.503548981998673,2.515299211735859
2.3849604,2.503548981998673,2.515299211735859
2.38527776,2.504485582916045,2.515299211735859
2.38559512,2.503548981998673,2.515299211735859
2.38591248,2.503548981998673,2.516234989326033
2.38622984,2.503548981998673,2.515299211735859
2.3865472,2.503548981998673,2.515299211735859
2.38686456,2.503548981998673,2.515299211735859
2.38718192,2.503548981998673,2.515299211735859
2.38749928,2.503548981998673,2.515299211735859
2.38781664,2.503548981998673,2.515299211735859
2.388134,2.502612381081303,2.515299211735859
2.38845136,2.503548981998673,2.516234989326033
2.38876872,2.504485582916045,2.517170766916207
2.38908608,2.503548981998673,2.516234989326033
2.38940344,2.503548981998673,2.516234989326033
2.3897208,2.503548981998673,2.515299211735859
2.39003816,2.504485582916045,2.516234989326033
2.39035552,2.504485582916045,2.516234989326033
2.39067288,2.504485582916045,2.516234989326033
2.39099024,2.503548981998673,2.515299211735859
2.3913076,2.504485582916045,2.515299211735859
2.39162496,2.503548981998673,2.516234989326033
2.39194232,2.503548981998673,2.516234989326033
2.39225968,2.504485582916045,2.516234989326033
2.39257704,2.503548981998673,2.516234989326033
2.3928944,2.503548981998673,2.516234989326033
2.39321176,2.502612381081303,2.515299211735859
2.39352912,2.503548981998673,2.515299211735859
2.39384648,2.503548981998673,2.515299211735859
2.39416384,2.503548981998673,2.516234989326033
2.3944812,2.503548981998673,2.516234989326033
2.39479856,2.503548981998673,2.515299211735859
2.39511592,2.503548981998673,2.516234989326033
2.39543328,2.504485582916045,2.516234989326033
2.39575064,2.503548981998673,2.516234989326033
2.396068,2.503548981998673,2.515299211735859
2.39638536,2.504485582916045,2.515299211735859
2.39670272,2.504485582916045,2.515299211735859
2.39702008,2.504485582916045,2.516234989326033
2.39733744,2.503548981998673,2.516234989326033
2.3976548,2.504485582916045,2.516234989326033
2.39797216,2.503548981998673,2.515299211735859
2.39828952,2.503548981998673,2.515299211735859
2.39860688,2.503548981998673,2.516234989326033
2.39892424,2.503548981998673,2.516234989326033
2.3992416,2.503548981998673,2.516234989326033
2.39955896,2.503548981998673,2.515299211735859
2.39987632,2.504485582916045,2.515299211735859
2.40019368,2.503548981998673,2.516234989326033
2.40051104,2.503548981998673,2.515299211735859
2.4008284,2.503548981998673,2.516234989326033
2.40114576,2.503548981998673,2.516234989326033
2.40146312,2.503548981998673,2.516234989326033
2.40178048,2.503548981998673,2.516234989326033
2.40209784,2.503548981998673,2.516234989326033
2.4024152,2.505422183833416,2.516234989326033
2.40273256,2.502612381081303,2.515299211735859
2.40304992,2.503548981998673,2.515299211735859
2.40336728,2.504485582916045,2.515299211735859
2.40368464,2.504485582916045,2.517170766916207
2.404002,2.504485582916045,2.516234989326033
2.40431936,2.504485582916045,2.516234989326033
2.40463672,2.504485582916045,2.516234989326033
2.40495408,2.503548981998673,2.515299211735859
2.40527144,2.504485582916045,2.515299211735859
2.4055888,2.503548981998673,2.516234989326033
2.40590616,2.504485582916045,2.516234989326033
2.40622352,2.504485582916045,2.517170766916207
2.40654088,2.503548981998673,2.516234989326033
2.40685824,2.504485582916045,2.515299211735859
2.4071756,2.505422183833416,2.516234989326033
2.40749296,2.503548981998673,2.515299211735859
2.40781032,2.504485582916045,2.516234989326033
2.40812768,2.505422183833416,2.516234989326033
2.40844504,2.505422183833416,2.515299211735859
2.4087624,2.505422183833416,2.515299211735859
2.40907976,2.505422183833416,2.516234989326033
2.40939712,2.504485582916045,2.516234989326033
2.40971448,2.505422183833416,2.516234989326033
2.41003184,2.505422183833416,2.516234989326033
2.4103492,2.505422183833416,2.516234989326033
2.41066656,2.505422183833416,2.516234989326033
2.41098392,2.505422183833416,2.516234989326033
2.41130128,2.505422183833416,2.516234989326033
2.41161864,2.505422183833416,2.515299211735859
2.411936,2.505422183833416,2.517170766916207
2.41225336,2.505422183833416,2.516234989326033
2.41257072,2.504485582916045,2.515299211735859
2.41288808,2.504485582916045,2.515299211735859
2.41320544,2.504485582916045,2.516234989326033
2.4135228,2.503548981998673,2.515299211735859
2.41384016,2.504485582916045,2.515299211735859
2.41415752,2.504485582916045,2.516234989326033
2.41447488,2.505422183833416,2.516234989326033
2.41479224,2.505422183833416,2.515299211735859
2.4151096,2.505422183833416,2.515299211735859
2.41542696,2.504485582916045,2.516234989326033
2.41574432,2.504485582916045,2.515299211735859
2.41606168,2.504485582916045,2.515299211735859
2.41637904,2.504485582916045,2.515299211735859
2.4166964,2.503548981998673,2.515299211735859
2.41701376,2.503548981998673,2.515299211735859
2.41733112,2.503548981998673,2.515299211735859
2.41764848,2.504485582916045,2.515299211735859
2.41796584,2.503548981998673,2.515299211735859
2.4182832,2.503548981998673,2.515299211735859
2.41860056,2.502612381081303,2.515299211735859
2.41891792,2.503548981998673,2.515299211735859
2.41923528,2.503548981998673,2.515299211735859
2.41955264,2.504485582916045,2.516234989326033
2.41987,2.503548981998673,2.515299211735859
2.42018736,2.504485582916045,2.516234989326033
2.42050472,2.503548981998673,2.515299211735859
2.42082208,2.502612381081303,2.515299211735859
2.42113944,2.502612381081303,2.515299211735859
2.4214568,2.502612381081303,2.515299211735859
2.42177416,2.502612381081303,2.515299211735859
2.42209152,2.503548981998673,2.515299211735859
2.42240888,2.503548981998673,2.515299211735859
2.42272624,2.502612381081303,2.515299211735859
2.4230436,2.502612381081303,2.514363434145684
2.42336096,2.503548981998673,2.515299211735859
2.42367832,2.503548981998673,2.516234989326033
2.42399568,2.503548981998673,2.516234989326033
2.42431304,2.505422183833416,2.516234989326033
2.4246304,2.505422183833416,2.516234989326033
2.42494776,2.504485582916045,2.515299211735859
2.42526512,2.504485582916045,2.515299211735859
2.42558248,2.504485582916045,2.515299211735859
2.42589984,2.504485582916045,2.516234989326033
2.4262172,2.505422183833416,2.516234989326033
2.42653456,2.504485582916045,2.516234989326033
2.42685192,2.504485582916045,2.516234989326033
2.42716928,2.504485582916045,2.516234989326033
2.42748664,2.503548981998673,2.516234989326033
2.427804,2.504485582916045,2.516234989326033
2.42812136,2.503548981998673,2.515299211735859
2.42843872,2.503548981998673,2.515299211735859
2.42875608,2.504485582916045,2.515299211735859
2.42907344,2.504485582916045,2.516234989326033
2.4293908,2.505422183833416,2.516234989326033
2.42970816,2.505422183833416,2.516234989326033
2.43002552,2.505422183833416,2.516234989326033
2.43034288,2.505422183833416,2.516234989326033
2.43066024,2.504485582916045,2.516234989326033
2.4309776,2.504485582916045,2.517170766916207
2.43129496,2.503548981998673,2.517170766916207
2.43161232,2.504485582916045,2.517170766916207
2.43192968,2.503548981998673,2.516234989326033
2.43224704,2.505422183833416,2.516234989326033
2.4325644,2.504485582916045,2.515299211735859
2.43288176,2.504485582916045,2.516234989326033
2.43319912,2.504485582916045,2.515299211735859
2.43351648,2.504485582916045,2.515299211735859
2.43383384,2.505422183833416,2.516234989326033
2.4341512,2.505422183833416,2.515299211735859
2.43446856,2.504485582916045,2.515299211735859
2.43478592,2.504485582916045,2.516234989326033
2.43510328,2.505422183833416,2.515299211735859
2.43542064,2.504485582916045,2.515299211735859
2.435738,2.504485582916045,2.515299211735859
2.43605536,2.504485582916045,2.515299211735859
2.43637272,2.503548981998673,2.515299211735859
2.43669008,2.504485582916045,2.516234989326033
2.43700744,2.504485582916045,2.515299211735859
2.4373248,2.505422183833416,2.516234989326033
2.43764216,2.504485582916045,2.515299211735859
2.43795952,2.504485582916045,2.515299211735859
2.43827688,2.504485582916045,2.514363434145684
2.43859424,2.504485582916045,2.515299211735859
2.4389116,2.505422183833416,2.515299211735859
2.43922896,2.505422183833416,2.515299211735859
2.43954632,2.504485582916045,2.515299211735859
2.43986368,2.505422183833416,2.515299211735859
2.44018104,2.505422183833416,2.515299211735859
2.4404984,2.505422183833416,2.515299211735859
2.44081576,2.504485582916045,2.515299211735859
2.44113312,2.504485582916045,2.515299211735859
2.44145048,2.505422183833416,2.516234989326033
2.44176784,2.503548981998673,2.516234989326033
2.4420852,2.503548981998673,2.515299211735859
2.44240256,2.504485582916045,2.515299211735859
2.44271992,2.503548981998673,2.515299211735859
2.44303728,2.504485582916045,2.515299211735859
2.44335464,2.504485582916045,2.515299211735859
2.443672,2.503548981998673,2.515299211735859
2.44398936,2.503548981998673,2.516234989326033
2.44430672,2.503548981998673,2.515299211735859
2.44462408,2.504485582916045,2.516234989326033
2.44494144,2.503548981998673,2.516234989326033
2.4452588,2.503548981998673,2.516234989326033
2.44557616,2.504485582916045,2.516234989326033
2.44589352,2.504485582916045,2.515299211735859
2.44621088,2.503548981998673,2.515299211735859
2.44652824,2.503548981998673,2.515299211735859
2.4468456,2.504485582916045,2.515299211735859
2.44716296,2.503548981998673,2.516234989326033
2.44748032,2.504485582916045,2.515299211735859
2.44779768,2.504485582916045,2.516234989326033
2.44811504,2.504485582916045,2.516234989326033
2.4484324,2.504485582916045,2.516234989326033
2.44874976,2.504485582916045,2.516234989326033
2.44906712,2.504485582916045,2.516234989326033
2.44938448,2.503548981998673,2.515299211735859
2.44970184,2.503548981998673,2.515299211735859
2.4500192,2.503548981998673,2.515299211735859
2.45033656,2.503548981998673,2.515299211735859
2.45065392,2.503548981998673,2.515299211735859
2.45097128,2.503548981998673,2.515299211735859
2.45128864,2.503548981998673,2.515299211735859
2.451606,2.502612381081303,2.515299211735859
2.45192336,2.503548981998673,2.515299211735859
2.45224072,2.502612381081303,2.515299211735859
2.45255808,2.503548981998673,2.515299211735859
2.45287544,2.503548981998673,2.515299211735859
2.4531928,2.503548981998673,2.515299211735859
2.45351016,2.503548981998673,2.515299211735859
2.45382752,2.503548981998673,2.516234989326033
2.45414488,2.503548981998673,2.516234989326033
2.45446224,2.504485582916045,2.516234989326033
2.4547796,2.504485582916045,2.515299211735859
2.45509696,2.504485582916045,2.515299211735859
2.45541432,2.503548981998673,2.515299211735859
2.45573168,2.503548981998673,2.515299211735859
2.45604904,2.503548981998673,2.516234989326033
2.4563664,2.505422183833416,2.516234989326033
2.45668376,2.505422183833416,2.516234989326033
2.45700112,2.504485582916045,2.515299211735859
2.45731848,2.505422183833416,2.515299211735859
2.45763584,2.504485582916045,2.515299211735859
2.4579532,2.505422183833416,2.515299211735859
2.45827056,2.504485582916045,2.515299211735859
2.45858792,2.504485582916045,2.515299211735859
2.45890528,2.504485582916045,2.516234989326033
2.45922264,2.504485582916045,2.516234989326033
2.45954,2.504485582916045,2.516234989326033
2.45985736,2.504485582916045,2.515299211735859
2.46017472,2.504485582916045,2.515299211735859
2.46049208,2.504485582916045,2.515299211735859
2.46080944,2.503548981998673,2.515299211735859
2.4611268,2.503548981998673,2.515299211735859
2.46144416,2.502612381081303,2.515299211735859
2.46176152,2.503548981998673,2.515299211735859
2.46207888,2.502612381081303,2.515299211735859
2.46239624,2.503548981998673,2.515299211735859
2.4627136,2.503548981998673,2.515299211735859
2.46303096,2.504485582916045,2.515299211735859
2.46334832,2.503548981998673,2.515299211735859
2.46366568,2.503548981998673,2.515299211735859
2.46398304,2.505422183833416,2.516234989326033
2.4643004,2.505422183833416,2.516234989326033
2.46461776,2.504485582916045,2.516234989326033
2.46493512,2.504485582916045,2.515299211735859
2.46525248,2.504485582916045,2.515299211735859
2.46556984,2.504485582916045,2.515299211735859
2.4658872,2.504485582916045,2.515299211735859
2.46620456,2.504485582916045,2.515299211735859
2.46652192,2.503548981998673,2.514363434145684
2.46683928,2.503548981998673,2.515299211735859
2.46715664,2.504485582916045,2.515299211735859
2.467474,2.504485582916045,2.515299211735859
2.46779136,2.504485582916045,2.515299211735859
2.46810872,2.503548981998673,2.515299211735859
2.46842608,2.504485582916045,2.515299211735859
2.46874344,2.502612381081303,2.515299211735859
2.4690608,2.503548981998673,2.515299211735859
2.46937816,2.503548981998673,2.515299211735859
2.46969552,2.503548981998673,2.515299211735859
2.47001288,2.503548981998673,2.515299211735859
2.47033024,2.503548981998673,2.516234989326033
2.4706476,2.504485582916045,2.515299211735859
2.47096496,2.503548981998673,2.515299211735859
2.47128232,2.503548981998673,2.516234989326033
2.47159968,2.503548981998673,2.515299211735859
2.47191704,2.504485582916045,2.516234989326033
2.4722344,2.504485582916045,2.516234989326033
2.47255176,2.503548981998673,2.516234989326033
2.47286912,2.504485582916045,2.517170766916207
2.47318648,2.504485582916045,2.516234989326033
2.47350384,2.503548981998673,2.516234989326033
2.4738212,2.505422183833416,2.517170766916207
2.47413856,2.504485582916045,2.517170766916207
2.47445592,2.504485582916045,2.517170766916207
2.47477328,2.503548981998673,2.516234989326033
2.47509064,2.503548981998673,2.516234989326033
2.475408,2.503548981998673,2.515299211735859
2.47572536,2.503548981998673,2.515299211735859
2.47604272,2.505422183833416,2.515299211735859
2.47636008,2.505422183833416,2.516234989326033
2.47667744,2.504485582916045,2.516234989326033
2.4769948,2.503548981998673,2.516234989326033
2.47731216,2.504485582916045,2.516234989326033
2.47762952,2.504485582916045,2.516234989326033
2.47794688,2.504485582916045,2.516234989326033
2.47826424,2.505422183833416,2.517170766916207
2.4785816,2.504485582916045,2.516234989326033
2.47889896,2.503548981998673,2.517170766916207
2.47921632,2.503548981998673,2.516234989326033
2.47953368,2.504485582916045,2.517170766916207
2.47985104,2.504485582916045,2.516234989326033
2.4801684,2.504485582916045,2.516234989326033
2.48048576,2.505422183833416,2.517170766916207
2.48080312,2.504485582916045,2.517170766916207
2.48112048,2.504485582916045,2.516234989326033
2.48143784,2.505422183833416,2.517170766916207
2.4817552,2.505422183833416,2.516234989326033
2.48207256,2.504485582916045,2.516234989326033
2.48238992,2.504485582916045,2.516234989326033
2.48270728,2.503548981998673,2.516234989326033
2.48302464,2.504485582916045,2.516234989326033
2.483342,2.503548981998673,2.516234989326033
2.48365936,2.504485582916045,2.516234989326033
2.48397672,2.503548981998673,2.516234989326033
2.48429408,2.503548981998673,2.516234989326033
2.48461144,2.503548981998673,2.516234989326033
2.4849288,2.504485582916045,2.516234989326033
2.48524616,2.503548981998673,2.516234989326033
2.48556352,2.503548981998673,2.516234989326033
2.48588088,2.504485582916045,2.516234989326033
2.48619824,2.504485582916045,2.515299211735859
2.4865156,2.505422183833416,2.515299211735859
2.48683296,2.504485582916045,2.516234989326033
2.48715032,2.504485582916045,2.516234989326033
2.48746768,2.504485582916045,2.516234989326033
2.48778504,2.503548981998673,2.516234989326033
2.4881024,2.504485582916045,2.516234989326033
2.48841976,2.504485582916045,2.516234989326033
2.48873712,2.504485582916045,2.516234989326033
2.48905448,2.503548981998673,2.516234989326033
2.48937184,2.504485582916045,2.516234989326033
2.4896892,2.504485582916045,2.516234989326033
2.49000656,2.504485582916045,2.516234989326033
2.49032392,2.504485582916045,2.516234989326033
2.49064128,2.503548981998673,2.516234989326033
2.49095864,2.504485582916045,2.516234989326033
2.491276,2.504485582916045,2.516234989326033
2.49159336,2.504485582916045,2.516234989326033
2.49191072,2.503548981998673,2.516234989326033
2.49222808,2.503548981998673,2.516234989326033
2.49254544,2.503548981998673,2.516234989326033
2.4928628,2.504485582916045,2.517170766916207
2.49318016,2.505422183833416,2.516234989326033
2.49349752,2.504485582916045,2.516234989326033
2.49381488,2.502612381081303,2.515299211735859
2.49413224,2.503548981998673,2.515299211735859
2.4944496,2.504485582916045,2.516234989326033
2.49476696,2.505422183833416,2.516234989326033
2.49508432,2.505422183833416,2.516234989326033
2.49540168,2.505422183833416,2.516234989326033
2.49571904,2.504485582916045,2.516234989326033
2.4960364,2.504485582916045,2.516234989326033
2.49635376,2.504485582916045,2.516234989326033
2.49667112,2.503548981998673,2.515299211735859
2.49698848,2.504485582916045,2.516234989326033
2.49730584,2.504485582916045,2.515299211735859
2.4976232,2.504485582916045,2.516234989326033
2.49794056,2.504485582916045,2.515299211735859
2.49825792,2.503548981998673,2.516234989326033
2.49857528,2.503548981998673,2.516234989326033
2.49889264,2.504485582916045,2.516234989326033
2.49921,2.504485582916045,2.516234989326033
2.49952736,2.504485582916045,2.516234989326033
2.49984472,2.504485582916045,2.516234989326033
2.50016208,2.504485582916045,2.516234989326033
2.50047944,2.504485582916045,2.516234989326033
2.5007968,2.504485582916045,2.517170766916207
2.50111416,2.504485582916045,2.516234989326033
2.50143152,2.504485582916045,2.516234989326033
2.50174888,2.505422183833416,2.516234989326033
2.50206624,2.503548981998673,2.516234989326033
2.5023836,2.503548981998673,2.516234989326033
2.50270096,2.504485582916045,2.516234989326033
2.50301832,2.504485582916045,2.516234989326033
2.50333568,2.503548981998673,2.516234989326033
2.50365304,2.504485582916045,2.516234989326033
2.5039704,2.503548981998673,2.517170766916207
2.50428776,2.504485582916045,2.516234989326033
2.50460512,2.504485582916045,2.516234989326033
2.50492248,2.504485582916045,2.516234989326033
2.50523984,2.504485582916045,2.516234989326033
2.5055572,2.503548981998673,2.516234989326033
2.50587456,2.504485582916045,2.516234989326033
2.50619192,2.504485582916045,2.516234989326033
2.50650928,2.505422183833416,2.516234989326033
2.50682664,2.505422183833416,2.516234989326033
2.507144,2.504485582916045,2.516234989326033
2.50746136,2.504485582916045,2.516234989326033
2.50777872,2.504485582916045,2.516234989326033
2.50809608,2.505422183833416,2.516234989326033
2.50841344,2.504485582916045,2.516234989326033
2.5087308,2.503548981998673,2.515299211735859
2.50904816,2.504485582916045,2.516234989326033
2.50936552,2.503548981998673,2.516234989326033
2.50968288,2.503548981998673,2.516234989326033
2.51000024,2.503548981998673,2.516234989326033
2.5103176,2.503548981998673,2.516234989326033
2.51063496,2.502612381081303,2.515299211735859
2.51095232,2.503548981998673,2.516234989326033
2.51126968,2.503548981998673,2.516234989326033
2.51158704,2.504485582916045,2.516234989326033
2.5119044,2.504485582916045,2.516234989326033
2.51222176,2.504485582916045,2.516234989326033
2.51253912,2.503548981998673,2.516234989326033
2.51285648,2.503548981998673,2.516234989326033
2.51317384,2.504485582916045,2.516234989326033
2.5134912,2.504485582916045,2.515299211735859
2.51380856,2.503548981998673,2.515299211735859
2.51412592,2.503548981998673,2.516234989326033
2.51444328,2.503548981998673,2.516234989326033
2.51476064,2.504485582916045,2.516234989326033
2.515078,2.503548981998673,2.516234989326033
2.51539536,2.503548981998673,2.516234989326033
2.51571272,2.503548981998673,2.516234989326033
2.51603008,2.503548981998673,2.516234989326033
2.51634744,2.503548981998673,2.515299211735859
2.5166648,2.504485582916045,2.516234989326033
2.51698216,2.505422183833416,2.516234989326033
2.51729952,2.505422183833416,2.516234989326033
2.51761688,2.504485582916045,2.516234989326033
2.51793424,2.504485582916045,2.516234989326033
2.5182516,2.504485582916045,2.516234989326033
2.51856896,2.504485582916045,2.516234989326033
2.51888632,2.505422183833416,2.517170766916207
2.51920368,2.505422183833416,2.517170766916207
2.51952104,2.504485582916045,2.517170766916207
2.5198384,2.505422183833416,2.517170766916207
2.52015576,2.504485582916045,2.516234989326033
2.52047312,2.505422183833416,2.517170766916207
2.52079048,2.505422183833416,2.517170766916207
2.52110784,2.506358784750787,2.516234989326033
2.5214252,2.505422183833416,2.517170766916207
2.52174256,2.504485582916045,2.516234989326033
2.52205992,2.504485582916045,2.517170766916207
2.52237728,2.504485582916045,2.517170766916207
2.52269464,2.503548981998673,2.516234989326033
2.523012,2.504485582916045,2.516234989326033
2.52332936,2.505422183833416,2.516234989326033
2.52364672,2.505422183833416,2.516234989326033
2.52396408,2.505422183833416,2.516234989326033
2.52428144,2.505422183833416,2.516234989326033
2.5245988,2.504485582916045,2.516234989326033
2.52491616,2.503548981998673,2.517170766916207
2.52523352,2.503548981998673,2.517170766916207
2.52555088,2.503548981998673,2.516234989326033
2.52586824,2.503548981998673,2.516234989326033
2.5261856,2.504485582916045,2.517170766916207
2.52650296,2.503548981998673,2.516234989326033
2.52682032,2.504485582916045,2.516234989326033
2.52713768,2.505422183833416,2.516234989326033
2.52745504,2.505422183833416,2.516234989326033
2.5277724,2.504485582916045,2.516234989326033
2.52808976,2.504485582916045,2.517170766916207
2.52840712,2.503548981998673,2.516234989326033
2.52872448,2.504485582916045,2.516234989326033
2.52904184,2.503548981998673,2.516234989326033
2.5293592,2.504485582916045,2.516234989326033
2.52967656,2.504485582916045,2.516234989326033
2.52999392,2.503548981998673,2.515299211735859
2.53031128,2.503548981998673,2.516234989326033
2.53062864,2.503548981998673,2.516234989326033
2.530946,2.503548981998673,2.515299211735859
2.53126336,2.503548981998673,2.515299211735859
2.53158072,2.504485582916045,2.516234989326033
2.53189808,2.504485582916045,2.516234989326033
2.53221544,2.504485582916045,2.516234989326033
2.5325328,2.506358784750787,2.516234989326033
2.53285016,2.504485582916045,2.516234989326033
2.53316752,2.504485582916045,2.517170766916207
2.53348488,2.504485582916045,2.517170766916207
2.53380224,2.503548981998673,2.516234989326033
2.5341196,2.504485582916045,2.516234989326033
2.53443696,2.505422183833416,2.517170766916207
2.53475432,2.504485582916045,2.516234989326033
2.53507168,2.505422183833416,2.516234989326033
2.53538904,2.505422183833416,2.516234989326033
2.5357064,2.505422183833416,2.516234989326033
2.53602376,2.505422183833416,2.516234989326033
2.53634112,2.505422183833416,2.516234989326033
2.53665848,2.505422183833416,2.515299211735859
2.53697584,2.504485582916045,2.516234989326033
2.5372932,2.505422183833416,2.516234989326033
2.53761056,2.504485582916045,2.516234989326033
2.53792792,2.505422183833416,2.516234989326033
2.53824528,2.505422183833416,2.516234989326033
2.53856264,2.505422183833416,2.517170766916207
